source_url,target_url,target_title,source_file,section
/강남구고등과외/,/대치동고등과외/,대치동고등과외,C:/Projects/studyhub/output/강남구고등과외/index.html,하위 페이지 더 보기
/강남구고등과외/,/수서동고등과외/,수서동고등과외,C:/Projects/studyhub/output/강남구고등과외/index.html,하위 페이지 더 보기
/강남구고등과외/,/압구정동고등과외/,압구정동고등과외,C:/Projects/studyhub/output/강남구고등과외/index.html,하위 페이지 더 보기
/강남구고등과외/,/역삼동고등과외/,역삼동고등과외,C:/Projects/studyhub/output/강남구고등과외/index.html,하위 페이지 더 보기
/강남구고등과외/,/일원동고등과외/,일원동고등과외,C:/Projects/studyhub/output/강남구고등과외/index.html,하위 페이지 더 보기
/강남구고등과외/,/자곡동고등과외/,자곡동고등과외,C:/Projects/studyhub/output/강남구고등과외/index.html,하위 페이지 더 보기
/강남구고등과외/,/청담동고등과외/,청담동고등과외,C:/Projects/studyhub/output/강남구고등과외/index.html,하위 페이지 더 보기
/강남구고등수학과외/,/세곡동고등수학과외/,세곡동고등수학과외,C:/Projects/studyhub/output/강남구고등수학과외/index.html,하위 페이지 더 보기
/강남구고등수학과외/,/수서동고등수학과외/,수서동고등수학과외,C:/Projects/studyhub/output/강남구고등수학과외/index.html,하위 페이지 더 보기
/강남구고등수학과외/,/압구정동고등수학과외/,압구정동고등수학과외,C:/Projects/studyhub/output/강남구고등수학과외/index.html,하위 페이지 더 보기
/강남구고등수학과외/,/역삼동고등수학과외/,역삼동고등수학과외,C:/Projects/studyhub/output/강남구고등수학과외/index.html,하위 페이지 더 보기
/강남구고등수학과외/,/일원동고등수학과외/,일원동고등수학과외,C:/Projects/studyhub/output/강남구고등수학과외/index.html,하위 페이지 더 보기
/강남구고등수학과외/,/자곡동고등수학과외/,자곡동고등수학과외,C:/Projects/studyhub/output/강남구고등수학과외/index.html,하위 페이지 더 보기
/강남구고등수학과외/,/청담동고등수학과외/,청담동고등수학과외,C:/Projects/studyhub/output/강남구고등수학과외/index.html,하위 페이지 더 보기
/강남구고등영어과외/,/세곡동고등영어과외/,세곡동고등영어과외,C:/Projects/studyhub/output/강남구고등영어과외/index.html,하위 페이지 더 보기
/강남구고등영어과외/,/수서동고등영어과외/,수서동고등영어과외,C:/Projects/studyhub/output/강남구고등영어과외/index.html,하위 페이지 더 보기
/강남구고등영어과외/,/압구정동고등영어과외/,압구정동고등영어과외,C:/Projects/studyhub/output/강남구고등영어과외/index.html,하위 페이지 더 보기
/강남구고등영어과외/,/역삼동고등영어과외/,역삼동고등영어과외,C:/Projects/studyhub/output/강남구고등영어과외/index.html,하위 페이지 더 보기
/강남구고등영어과외/,/일원동고등영어과외/,일원동고등영어과외,C:/Projects/studyhub/output/강남구고등영어과외/index.html,하위 페이지 더 보기
/강남구고등영어과외/,/자곡동고등영어과외/,자곡동고등영어과외,C:/Projects/studyhub/output/강남구고등영어과외/index.html,하위 페이지 더 보기
/강남구고등영어과외/,/청담동고등영어과외/,청담동고등영어과외,C:/Projects/studyhub/output/강남구고등영어과외/index.html,하위 페이지 더 보기
/강남구수학과외/,/대치동수학과외/,대치동수학과외,C:/Projects/studyhub/output/강남구수학과외/index.html,하위 페이지 더 보기
/강남구수학과외/,/수서동수학과외/,수서동수학과외,C:/Projects/studyhub/output/강남구수학과외/index.html,하위 페이지 더 보기
/강남구수학과외/,/압구정동수학과외/,압구정동수학과외,C:/Projects/studyhub/output/강남구수학과외/index.html,하위 페이지 더 보기
/강남구수학과외/,/역삼동수학과외/,역삼동수학과외,C:/Projects/studyhub/output/강남구수학과외/index.html,하위 페이지 더 보기
/강남구수학과외/,/일원동수학과외/,일원동수학과외,C:/Projects/studyhub/output/강남구수학과외/index.html,하위 페이지 더 보기
/강남구수학과외/,/자곡동수학과외/,자곡동수학과외,C:/Projects/studyhub/output/강남구수학과외/index.html,하위 페이지 더 보기
/강남구수학과외/,/청담동수학과외/,청담동수학과외,C:/Projects/studyhub/output/강남구수학과외/index.html,하위 페이지 더 보기
/강남구영어과외/,/대치동영어과외/,대치동영어과외,C:/Projects/studyhub/output/강남구영어과외/index.html,하위 페이지 더 보기
/강남구영어과외/,/수서동영어과외/,수서동영어과외,C:/Projects/studyhub/output/강남구영어과외/index.html,하위 페이지 더 보기
/강남구영어과외/,/압구정동영어과외/,압구정동영어과외,C:/Projects/studyhub/output/강남구영어과외/index.html,하위 페이지 더 보기
/강남구영어과외/,/역삼동영어과외/,역삼동영어과외,C:/Projects/studyhub/output/강남구영어과외/index.html,하위 페이지 더 보기
/강남구영어과외/,/일원동영어과외/,일원동영어과외,C:/Projects/studyhub/output/강남구영어과외/index.html,하위 페이지 더 보기
/강남구영어과외/,/자곡동영어과외/,자곡동영어과외,C:/Projects/studyhub/output/강남구영어과외/index.html,하위 페이지 더 보기
/강남구영어과외/,/청담동영어과외/,청담동영어과외,C:/Projects/studyhub/output/강남구영어과외/index.html,하위 페이지 더 보기
/강남구중등과외/,/대치동중등과외/,대치동중등과외,C:/Projects/studyhub/output/강남구중등과외/index.html,하위 페이지 더 보기
/강남구중등과외/,/수서동중등과외/,수서동중등과외,C:/Projects/studyhub/output/강남구중등과외/index.html,하위 페이지 더 보기
/강남구중등과외/,/압구정동중등과외/,압구정동중등과외,C:/Projects/studyhub/output/강남구중등과외/index.html,하위 페이지 더 보기
/강남구중등과외/,/역삼동중등과외/,역삼동중등과외,C:/Projects/studyhub/output/강남구중등과외/index.html,하위 페이지 더 보기
/강남구중등과외/,/일원동중등과외/,일원동중등과외,C:/Projects/studyhub/output/강남구중등과외/index.html,하위 페이지 더 보기
/강남구중등과외/,/자곡동중등과외/,자곡동중등과외,C:/Projects/studyhub/output/강남구중등과외/index.html,하위 페이지 더 보기
/강남구중등과외/,/청담동중등과외/,청담동중등과외,C:/Projects/studyhub/output/강남구중등과외/index.html,하위 페이지 더 보기
/강남구중등수학과외/,/세곡동중등수학과외/,세곡동중등수학과외,C:/Projects/studyhub/output/강남구중등수학과외/index.html,하위 페이지 더 보기
/강남구중등수학과외/,/수서동중등수학과외/,수서동중등수학과외,C:/Projects/studyhub/output/강남구중등수학과외/index.html,하위 페이지 더 보기
/강남구중등수학과외/,/압구정동중등수학과외/,압구정동중등수학과외,C:/Projects/studyhub/output/강남구중등수학과외/index.html,하위 페이지 더 보기
/강남구중등수학과외/,/역삼동중등수학과외/,역삼동중등수학과외,C:/Projects/studyhub/output/강남구중등수학과외/index.html,하위 페이지 더 보기
/강남구중등수학과외/,/일원동중등수학과외/,일원동중등수학과외,C:/Projects/studyhub/output/강남구중등수학과외/index.html,하위 페이지 더 보기
/강남구중등수학과외/,/자곡동중등수학과외/,자곡동중등수학과외,C:/Projects/studyhub/output/강남구중등수학과외/index.html,하위 페이지 더 보기
/강남구중등수학과외/,/청담동중등수학과외/,청담동중등수학과외,C:/Projects/studyhub/output/강남구중등수학과외/index.html,하위 페이지 더 보기
/강남구중등영어과외/,/세곡동중등영어과외/,세곡동중등영어과외,C:/Projects/studyhub/output/강남구중등영어과외/index.html,하위 페이지 더 보기
/강남구중등영어과외/,/수서동중등영어과외/,수서동중등영어과외,C:/Projects/studyhub/output/강남구중등영어과외/index.html,하위 페이지 더 보기
/강남구중등영어과외/,/압구정동중등영어과외/,압구정동중등영어과외,C:/Projects/studyhub/output/강남구중등영어과외/index.html,하위 페이지 더 보기
/강남구중등영어과외/,/역삼동중등영어과외/,역삼동중등영어과외,C:/Projects/studyhub/output/강남구중등영어과외/index.html,하위 페이지 더 보기
/강남구중등영어과외/,/일원동중등영어과외/,일원동중등영어과외,C:/Projects/studyhub/output/강남구중등영어과외/index.html,하위 페이지 더 보기
/강남구중등영어과외/,/자곡동중등영어과외/,자곡동중등영어과외,C:/Projects/studyhub/output/강남구중등영어과외/index.html,하위 페이지 더 보기
/강남구중등영어과외/,/청담동중등영어과외/,청담동중등영어과외,C:/Projects/studyhub/output/강남구중등영어과외/index.html,하위 페이지 더 보기
/강남구초등과외/,/대치동초등과외/,대치동초등과외,C:/Projects/studyhub/output/강남구초등과외/index.html,하위 페이지 더 보기
/강남구초등과외/,/수서동초등과외/,수서동초등과외,C:/Projects/studyhub/output/강남구초등과외/index.html,하위 페이지 더 보기
/강남구초등과외/,/압구정동초등과외/,압구정동초등과외,C:/Projects/studyhub/output/강남구초등과외/index.html,하위 페이지 더 보기
/강남구초등과외/,/역삼동초등과외/,역삼동초등과외,C:/Projects/studyhub/output/강남구초등과외/index.html,하위 페이지 더 보기
/강남구초등과외/,/일원동초등과외/,일원동초등과외,C:/Projects/studyhub/output/강남구초등과외/index.html,하위 페이지 더 보기
/강남구초등과외/,/자곡동초등과외/,자곡동초등과외,C:/Projects/studyhub/output/강남구초등과외/index.html,하위 페이지 더 보기
/강남구초등과외/,/청담동초등과외/,청담동초등과외,C:/Projects/studyhub/output/강남구초등과외/index.html,하위 페이지 더 보기
/강남구초등수학과외/,/세곡동초등수학과외/,세곡동초등수학과외,C:/Projects/studyhub/output/강남구초등수학과외/index.html,하위 페이지 더 보기
/강남구초등수학과외/,/수서동초등수학과외/,수서동초등수학과외,C:/Projects/studyhub/output/강남구초등수학과외/index.html,하위 페이지 더 보기
/강남구초등수학과외/,/압구정동초등수학과외/,압구정동초등수학과외,C:/Projects/studyhub/output/강남구초등수학과외/index.html,하위 페이지 더 보기
/강남구초등수학과외/,/역삼동초등수학과외/,역삼동초등수학과외,C:/Projects/studyhub/output/강남구초등수학과외/index.html,하위 페이지 더 보기
/강남구초등수학과외/,/일원동초등수학과외/,일원동초등수학과외,C:/Projects/studyhub/output/강남구초등수학과외/index.html,하위 페이지 더 보기
/강남구초등수학과외/,/자곡동초등수학과외/,자곡동초등수학과외,C:/Projects/studyhub/output/강남구초등수학과외/index.html,하위 페이지 더 보기
/강남구초등수학과외/,/청담동초등수학과외/,청담동초등수학과외,C:/Projects/studyhub/output/강남구초등수학과외/index.html,하위 페이지 더 보기
/강남구초등영어과외/,/세곡동초등영어과외/,세곡동초등영어과외,C:/Projects/studyhub/output/강남구초등영어과외/index.html,하위 페이지 더 보기
/강남구초등영어과외/,/수서동초등영어과외/,수서동초등영어과외,C:/Projects/studyhub/output/강남구초등영어과외/index.html,하위 페이지 더 보기
/강남구초등영어과외/,/압구정동초등영어과외/,압구정동초등영어과외,C:/Projects/studyhub/output/강남구초등영어과외/index.html,하위 페이지 더 보기
/강남구초등영어과외/,/역삼동초등영어과외/,역삼동초등영어과외,C:/Projects/studyhub/output/강남구초등영어과외/index.html,하위 페이지 더 보기
/강남구초등영어과외/,/일원동초등영어과외/,일원동초등영어과외,C:/Projects/studyhub/output/강남구초등영어과외/index.html,하위 페이지 더 보기
/강남구초등영어과외/,/자곡동초등영어과외/,자곡동초등영어과외,C:/Projects/studyhub/output/강남구초등영어과외/index.html,하위 페이지 더 보기
/강남구초등영어과외/,/청담동초등영어과외/,청담동초등영어과외,C:/Projects/studyhub/output/강남구초등영어과외/index.html,하위 페이지 더 보기
/강동구고등과외/,/성내동고등과외/,성내동고등과외,C:/Projects/studyhub/output/강동구고등과외/index.html,하위 페이지 더 보기
/강동구고등과외/,/암사동고등과외/,암사동고등과외,C:/Projects/studyhub/output/강동구고등과외/index.html,하위 페이지 더 보기
/강동구고등과외/,/천호동고등과외/,천호동고등과외,C:/Projects/studyhub/output/강동구고등과외/index.html,하위 페이지 더 보기
/강동구고등수학과외/,/성내동고등수학과외/,성내동고등수학과외,C:/Projects/studyhub/output/강동구고등수학과외/index.html,하위 페이지 더 보기
/강동구고등수학과외/,/암사동고등수학과외/,암사동고등수학과외,C:/Projects/studyhub/output/강동구고등수학과외/index.html,하위 페이지 더 보기
/강동구고등수학과외/,/천호동고등수학과외/,천호동고등수학과외,C:/Projects/studyhub/output/강동구고등수학과외/index.html,하위 페이지 더 보기
/강동구고등영어과외/,/성내동고등영어과외/,성내동고등영어과외,C:/Projects/studyhub/output/강동구고등영어과외/index.html,하위 페이지 더 보기
/강동구고등영어과외/,/암사동고등영어과외/,암사동고등영어과외,C:/Projects/studyhub/output/강동구고등영어과외/index.html,하위 페이지 더 보기
/강동구고등영어과외/,/천호동고등영어과외/,천호동고등영어과외,C:/Projects/studyhub/output/강동구고등영어과외/index.html,하위 페이지 더 보기
/강동구과외/,/성내동과외/,성내동과외,C:/Projects/studyhub/output/강동구과외/index.html,하위 페이지 더 보기
/강동구과외/,/암사동과외/,암사동과외,C:/Projects/studyhub/output/강동구과외/index.html,하위 페이지 더 보기
/강동구과외/,/천호동과외/,천호동과외,C:/Projects/studyhub/output/강동구과외/index.html,하위 페이지 더 보기
/강동구수학과외/,/성내동수학과외/,성내동수학과외,C:/Projects/studyhub/output/강동구수학과외/index.html,하위 페이지 더 보기
/강동구수학과외/,/암사동수학과외/,암사동수학과외,C:/Projects/studyhub/output/강동구수학과외/index.html,하위 페이지 더 보기
/강동구수학과외/,/천호동수학과외/,천호동수학과외,C:/Projects/studyhub/output/강동구수학과외/index.html,하위 페이지 더 보기
/강동구영어과외/,/성내동영어과외/,성내동영어과외,C:/Projects/studyhub/output/강동구영어과외/index.html,하위 페이지 더 보기
/강동구영어과외/,/암사동영어과외/,암사동영어과외,C:/Projects/studyhub/output/강동구영어과외/index.html,하위 페이지 더 보기
/강동구영어과외/,/천호동영어과외/,천호동영어과외,C:/Projects/studyhub/output/강동구영어과외/index.html,하위 페이지 더 보기
/강동구중등과외/,/성내동중등과외/,성내동중등과외,C:/Projects/studyhub/output/강동구중등과외/index.html,하위 페이지 더 보기
/강동구중등과외/,/암사동중등과외/,암사동중등과외,C:/Projects/studyhub/output/강동구중등과외/index.html,하위 페이지 더 보기
/강동구중등과외/,/천호동중등과외/,천호동중등과외,C:/Projects/studyhub/output/강동구중등과외/index.html,하위 페이지 더 보기
/강동구중등수학과외/,/성내동중등수학과외/,성내동중등수학과외,C:/Projects/studyhub/output/강동구중등수학과외/index.html,하위 페이지 더 보기
/강동구중등수학과외/,/암사동중등수학과외/,암사동중등수학과외,C:/Projects/studyhub/output/강동구중등수학과외/index.html,하위 페이지 더 보기
/강동구중등수학과외/,/천호동중등수학과외/,천호동중등수학과외,C:/Projects/studyhub/output/강동구중등수학과외/index.html,하위 페이지 더 보기
/강동구중등영어과외/,/성내동중등영어과외/,성내동중등영어과외,C:/Projects/studyhub/output/강동구중등영어과외/index.html,하위 페이지 더 보기
/강동구중등영어과외/,/암사동중등영어과외/,암사동중등영어과외,C:/Projects/studyhub/output/강동구중등영어과외/index.html,하위 페이지 더 보기
/강동구중등영어과외/,/천호동중등영어과외/,천호동중등영어과외,C:/Projects/studyhub/output/강동구중등영어과외/index.html,하위 페이지 더 보기
/강동구초등과외/,/성내동초등과외/,성내동초등과외,C:/Projects/studyhub/output/강동구초등과외/index.html,하위 페이지 더 보기
/강동구초등과외/,/암사동초등과외/,암사동초등과외,C:/Projects/studyhub/output/강동구초등과외/index.html,하위 페이지 더 보기
/강동구초등과외/,/천호동초등과외/,천호동초등과외,C:/Projects/studyhub/output/강동구초등과외/index.html,하위 페이지 더 보기
/강동구초등수학과외/,/성내동초등수학과외/,성내동초등수학과외,C:/Projects/studyhub/output/강동구초등수학과외/index.html,하위 페이지 더 보기
/강동구초등수학과외/,/암사동초등수학과외/,암사동초등수학과외,C:/Projects/studyhub/output/강동구초등수학과외/index.html,하위 페이지 더 보기
/강동구초등수학과외/,/천호동초등수학과외/,천호동초등수학과외,C:/Projects/studyhub/output/강동구초등수학과외/index.html,하위 페이지 더 보기
/강동구초등영어과외/,/성내동초등영어과외/,성내동초등영어과외,C:/Projects/studyhub/output/강동구초등영어과외/index.html,하위 페이지 더 보기
/강동구초등영어과외/,/암사동초등영어과외/,암사동초등영어과외,C:/Projects/studyhub/output/강동구초등영어과외/index.html,하위 페이지 더 보기
/강동구초등영어과외/,/천호동초등영어과외/,천호동초등영어과외,C:/Projects/studyhub/output/강동구초등영어과외/index.html,하위 페이지 더 보기
/강서구고등과외/,/방화동고등과외/,방화동고등과외,C:/Projects/studyhub/output/강서구고등과외/index.html,하위 페이지 더 보기
/강서구고등과외/,/염창동고등과외/,염창동고등과외,C:/Projects/studyhub/output/강서구고등과외/index.html,하위 페이지 더 보기
/강서구고등과외/,/화곡동고등과외/,화곡동고등과외,C:/Projects/studyhub/output/강서구고등과외/index.html,하위 페이지 더 보기
/강서구고등수학과외/,/방화동고등수학과외/,방화동고등수학과외,C:/Projects/studyhub/output/강서구고등수학과외/index.html,하위 페이지 더 보기
/강서구고등수학과외/,/염창동고등수학과외/,염창동고등수학과외,C:/Projects/studyhub/output/강서구고등수학과외/index.html,하위 페이지 더 보기
/강서구고등수학과외/,/화곡동고등수학과외/,화곡동고등수학과외,C:/Projects/studyhub/output/강서구고등수학과외/index.html,하위 페이지 더 보기
/강서구고등영어과외/,/방화동고등영어과외/,방화동고등영어과외,C:/Projects/studyhub/output/강서구고등영어과외/index.html,하위 페이지 더 보기
/강서구고등영어과외/,/염창동고등영어과외/,염창동고등영어과외,C:/Projects/studyhub/output/강서구고등영어과외/index.html,하위 페이지 더 보기
/강서구고등영어과외/,/화곡동고등영어과외/,화곡동고등영어과외,C:/Projects/studyhub/output/강서구고등영어과외/index.html,하위 페이지 더 보기
/강서구과외/,/방화동과외/,방화동과외,C:/Projects/studyhub/output/강서구과외/index.html,하위 페이지 더 보기
/강서구과외/,/염창동과외/,염창동과외,C:/Projects/studyhub/output/강서구과외/index.html,하위 페이지 더 보기
/강서구과외/,/화곡동과외/,화곡동과외,C:/Projects/studyhub/output/강서구과외/index.html,하위 페이지 더 보기
/강서구수학과외/,/방화동수학과외/,방화동수학과외,C:/Projects/studyhub/output/강서구수학과외/index.html,하위 페이지 더 보기
/강서구수학과외/,/염창동수학과외/,염창동수학과외,C:/Projects/studyhub/output/강서구수학과외/index.html,하위 페이지 더 보기
/강서구수학과외/,/화곡동수학과외/,화곡동수학과외,C:/Projects/studyhub/output/강서구수학과외/index.html,하위 페이지 더 보기
/강서구영어과외/,/방화동영어과외/,방화동영어과외,C:/Projects/studyhub/output/강서구영어과외/index.html,하위 페이지 더 보기
/강서구영어과외/,/염창동영어과외/,염창동영어과외,C:/Projects/studyhub/output/강서구영어과외/index.html,하위 페이지 더 보기
/강서구영어과외/,/화곡동영어과외/,화곡동영어과외,C:/Projects/studyhub/output/강서구영어과외/index.html,하위 페이지 더 보기
/강서구중등과외/,/방화동중등과외/,방화동중등과외,C:/Projects/studyhub/output/강서구중등과외/index.html,하위 페이지 더 보기
/강서구중등과외/,/염창동중등과외/,염창동중등과외,C:/Projects/studyhub/output/강서구중등과외/index.html,하위 페이지 더 보기
/강서구중등과외/,/화곡동중등과외/,화곡동중등과외,C:/Projects/studyhub/output/강서구중등과외/index.html,하위 페이지 더 보기
/강서구중등수학과외/,/방화동중등수학과외/,방화동중등수학과외,C:/Projects/studyhub/output/강서구중등수학과외/index.html,하위 페이지 더 보기
/강서구중등수학과외/,/염창동중등수학과외/,염창동중등수학과외,C:/Projects/studyhub/output/강서구중등수학과외/index.html,하위 페이지 더 보기
/강서구중등수학과외/,/화곡동중등수학과외/,화곡동중등수학과외,C:/Projects/studyhub/output/강서구중등수학과외/index.html,하위 페이지 더 보기
/강서구중등영어과외/,/방화동중등영어과외/,방화동중등영어과외,C:/Projects/studyhub/output/강서구중등영어과외/index.html,하위 페이지 더 보기
/강서구중등영어과외/,/염창동중등영어과외/,염창동중등영어과외,C:/Projects/studyhub/output/강서구중등영어과외/index.html,하위 페이지 더 보기
/강서구중등영어과외/,/화곡동중등영어과외/,화곡동중등영어과외,C:/Projects/studyhub/output/강서구중등영어과외/index.html,하위 페이지 더 보기
/강서구초등과외/,/방화동초등과외/,방화동초등과외,C:/Projects/studyhub/output/강서구초등과외/index.html,하위 페이지 더 보기
/강서구초등과외/,/염창동초등과외/,염창동초등과외,C:/Projects/studyhub/output/강서구초등과외/index.html,하위 페이지 더 보기
/강서구초등과외/,/화곡동초등과외/,화곡동초등과외,C:/Projects/studyhub/output/강서구초등과외/index.html,하위 페이지 더 보기
/강서구초등수학과외/,/방화동초등수학과외/,방화동초등수학과외,C:/Projects/studyhub/output/강서구초등수학과외/index.html,하위 페이지 더 보기
/강서구초등수학과외/,/염창동초등수학과외/,염창동초등수학과외,C:/Projects/studyhub/output/강서구초등수학과외/index.html,하위 페이지 더 보기
/강서구초등수학과외/,/화곡동초등수학과외/,화곡동초등수학과외,C:/Projects/studyhub/output/강서구초등수학과외/index.html,하위 페이지 더 보기
/강서구초등영어과외/,/방화동초등영어과외/,방화동초등영어과외,C:/Projects/studyhub/output/강서구초등영어과외/index.html,하위 페이지 더 보기
/강서구초등영어과외/,/염창동초등영어과외/,염창동초등영어과외,C:/Projects/studyhub/output/강서구초등영어과외/index.html,하위 페이지 더 보기
/강서구초등영어과외/,/화곡동초등영어과외/,화곡동초등영어과외,C:/Projects/studyhub/output/강서구초등영어과외/index.html,하위 페이지 더 보기
/경기광주고등과외/,/태전동고등과외/,태전동고등과외,C:/Projects/studyhub/output/경기광주고등과외/index.html,하위 페이지 더 보기
/경기광주고등수학과외/,/태전동고등수학과외/,태전동고등수학과외,C:/Projects/studyhub/output/경기광주고등수학과외/index.html,하위 페이지 더 보기
/경기광주고등영어과외/,/태전동고등영어과외/,태전동고등영어과외,C:/Projects/studyhub/output/경기광주고등영어과외/index.html,하위 페이지 더 보기
/경기광주과외/,/태전동과외/,태전동과외,C:/Projects/studyhub/output/경기광주과외/index.html,하위 페이지 더 보기
/경기광주수학과외/,/태전동수학과외/,태전동수학과외,C:/Projects/studyhub/output/경기광주수학과외/index.html,하위 페이지 더 보기
/경기광주영어과외/,/태전동영어과외/,태전동영어과외,C:/Projects/studyhub/output/경기광주영어과외/index.html,하위 페이지 더 보기
/경기광주중등과외/,/태전동중등과외/,태전동중등과외,C:/Projects/studyhub/output/경기광주중등과외/index.html,하위 페이지 더 보기
/경기광주중등수학과외/,/태전동중등수학과외/,태전동중등수학과외,C:/Projects/studyhub/output/경기광주중등수학과외/index.html,하위 페이지 더 보기
/경기광주중등영어과외/,/태전동중등영어과외/,태전동중등영어과외,C:/Projects/studyhub/output/경기광주중등영어과외/index.html,하위 페이지 더 보기
/경기광주초등과외/,/태전동초등과외/,태전동초등과외,C:/Projects/studyhub/output/경기광주초등과외/index.html,하위 페이지 더 보기
/경기광주초등수학과외/,/태전동초등수학과외/,태전동초등수학과외,C:/Projects/studyhub/output/경기광주초등수학과외/index.html,하위 페이지 더 보기
/경기광주초등영어과외/,/태전동초등영어과외/,태전동초등영어과외,C:/Projects/studyhub/output/경기광주초등영어과외/index.html,하위 페이지 더 보기
/경기도고등과외/,/권선구고등과외/,권선구고등과외,C:/Projects/studyhub/output/경기도고등과외/index.html,하위 페이지 더 보기
/경기도고등과외/,/기흥구고등과외/,기흥구고등과외,C:/Projects/studyhub/output/경기도고등과외/index.html,하위 페이지 더 보기
/경기도고등과외/,/김포고등과외/,김포고등과외,C:/Projects/studyhub/output/경기도고등과외/index.html,하위 페이지 더 보기
/경기도고등과외/,/남양주고등과외/,남양주고등과외,C:/Projects/studyhub/output/경기도고등과외/index.html,하위 페이지 더 보기
/경기도고등과외/,/단원구고등과외/,단원구고등과외,C:/Projects/studyhub/output/경기도고등과외/index.html,하위 페이지 더 보기
/경기도고등과외/,/덕양구고등과외/,덕양구고등과외,C:/Projects/studyhub/output/경기도고등과외/index.html,하위 페이지 더 보기
/경기도고등과외/,/동두천고등과외/,동두천고등과외,C:/Projects/studyhub/output/경기도고등과외/index.html,하위 페이지 더 보기
/경기도고등과외/,/부천고등과외/,부천고등과외,C:/Projects/studyhub/output/경기도고등과외/index.html,하위 페이지 더 보기
/경기도고등과외/,/분당구고등과외/,분당구고등과외,C:/Projects/studyhub/output/경기도고등과외/index.html,하위 페이지 더 보기
/경기도고등과외/,/상록구고등과외/,상록구고등과외,C:/Projects/studyhub/output/경기도고등과외/index.html,하위 페이지 더 보기
/경기도고등과외/,/성남고등과외/,성남고등과외,C:/Projects/studyhub/output/경기도고등과외/index.html,하위 페이지 더 보기
/경기도고등과외/,/소사구고등과외/,소사구고등과외,C:/Projects/studyhub/output/경기도고등과외/index.html,하위 페이지 더 보기
/경기도고등과외/,/수원고등과외/,수원고등과외,C:/Projects/studyhub/output/경기도고등과외/index.html,하위 페이지 더 보기
/경기도고등과외/,/수정구고등과외/,수정구고등과외,C:/Projects/studyhub/output/경기도고등과외/index.html,하위 페이지 더 보기
/경기도고등과외/,/수지구고등과외/,수지구고등과외,C:/Projects/studyhub/output/경기도고등과외/index.html,하위 페이지 더 보기
/경기도고등과외/,/시흥고등과외/,시흥고등과외,C:/Projects/studyhub/output/경기도고등과외/index.html,하위 페이지 더 보기
/경기도고등과외/,/안산고등과외/,안산고등과외,C:/Projects/studyhub/output/경기도고등과외/index.html,하위 페이지 더 보기
/경기도고등과외/,/안양고등과외/,안양고등과외,C:/Projects/studyhub/output/경기도고등과외/index.html,하위 페이지 더 보기
/경기도고등과외/,/양주고등과외/,양주고등과외,C:/Projects/studyhub/output/경기도고등과외/index.html,하위 페이지 더 보기
/경기도고등과외/,/영통구고등과외/,영통구고등과외,C:/Projects/studyhub/output/경기도고등과외/index.html,하위 페이지 더 보기
/경기도고등과외/,/오산고등과외/,오산고등과외,C:/Projects/studyhub/output/경기도고등과외/index.html,하위 페이지 더 보기
/경기도고등과외/,/오정구고등과외/,오정구고등과외,C:/Projects/studyhub/output/경기도고등과외/index.html,하위 페이지 더 보기
/경기도고등과외/,/용인고등과외/,용인고등과외,C:/Projects/studyhub/output/경기도고등과외/index.html,하위 페이지 더 보기
/경기도고등과외/,/원미구고등과외/,원미구고등과외,C:/Projects/studyhub/output/경기도고등과외/index.html,하위 페이지 더 보기
/경기도고등과외/,/의왕시고등과외/,의왕시고등과외,C:/Projects/studyhub/output/경기도고등과외/index.html,하위 페이지 더 보기
/경기도고등과외/,/이천고등과외/,이천고등과외,C:/Projects/studyhub/output/경기도고등과외/index.html,하위 페이지 더 보기
/경기도고등과외/,/일산고등과외/,일산고등과외,C:/Projects/studyhub/output/경기도고등과외/index.html,하위 페이지 더 보기
/경기도고등과외/,/일산동고등과외/,일산동고등과외,C:/Projects/studyhub/output/경기도고등과외/index.html,하위 페이지 더 보기
/경기도고등과외/,/일산동구고등과외/,일산동구고등과외,C:/Projects/studyhub/output/경기도고등과외/index.html,하위 페이지 더 보기
/경기도고등과외/,/일산서구고등과외/,일산서구고등과외,C:/Projects/studyhub/output/경기도고등과외/index.html,하위 페이지 더 보기
/경기도고등과외/,/장안구고등과외/,장안구고등과외,C:/Projects/studyhub/output/경기도고등과외/index.html,하위 페이지 더 보기
/경기도고등과외/,/중원구고등과외/,중원구고등과외,C:/Projects/studyhub/output/경기도고등과외/index.html,하위 페이지 더 보기
/경기도고등과외/,/처인구고등과외/,처인구고등과외,C:/Projects/studyhub/output/경기도고등과외/index.html,하위 페이지 더 보기
/경기도고등과외/,/파주고등과외/,파주고등과외,C:/Projects/studyhub/output/경기도고등과외/index.html,하위 페이지 더 보기
/경기도고등과외/,/팔달구고등과외/,팔달구고등과외,C:/Projects/studyhub/output/경기도고등과외/index.html,하위 페이지 더 보기
/경기도고등과외/,/평택고등과외/,평택고등과외,C:/Projects/studyhub/output/경기도고등과외/index.html,하위 페이지 더 보기
/경기도고등과외/,/포천고등과외/,포천고등과외,C:/Projects/studyhub/output/경기도고등과외/index.html,하위 페이지 더 보기
/경기도고등과외/,/하남고등과외/,하남고등과외,C:/Projects/studyhub/output/경기도고등과외/index.html,하위 페이지 더 보기
/경기도고등과외/,/화성고등과외/,화성고등과외,C:/Projects/studyhub/output/경기도고등과외/index.html,하위 페이지 더 보기
/경기도고등수학과외/,/권선구고등수학과외/,권선구고등수학과외,C:/Projects/studyhub/output/경기도고등수학과외/index.html,하위 페이지 더 보기
/경기도고등수학과외/,/기흥구고등수학과외/,기흥구고등수학과외,C:/Projects/studyhub/output/경기도고등수학과외/index.html,하위 페이지 더 보기
/경기도고등수학과외/,/김포고등수학과외/,김포고등수학과외,C:/Projects/studyhub/output/경기도고등수학과외/index.html,하위 페이지 더 보기
/경기도고등수학과외/,/남양주고등수학과외/,남양주고등수학과외,C:/Projects/studyhub/output/경기도고등수학과외/index.html,하위 페이지 더 보기
/경기도고등수학과외/,/단원구고등수학과외/,단원구고등수학과외,C:/Projects/studyhub/output/경기도고등수학과외/index.html,하위 페이지 더 보기
/경기도고등수학과외/,/덕양구고등수학과외/,덕양구고등수학과외,C:/Projects/studyhub/output/경기도고등수학과외/index.html,하위 페이지 더 보기
/경기도고등수학과외/,/동두천고등수학과외/,동두천고등수학과외,C:/Projects/studyhub/output/경기도고등수학과외/index.html,하위 페이지 더 보기
/경기도고등수학과외/,/부천고등수학과외/,부천고등수학과외,C:/Projects/studyhub/output/경기도고등수학과외/index.html,하위 페이지 더 보기
/경기도고등수학과외/,/분당구고등수학과외/,분당구고등수학과외,C:/Projects/studyhub/output/경기도고등수학과외/index.html,하위 페이지 더 보기
/경기도고등수학과외/,/상록구고등수학과외/,상록구고등수학과외,C:/Projects/studyhub/output/경기도고등수학과외/index.html,하위 페이지 더 보기
/경기도고등수학과외/,/성남고등수학과외/,성남고등수학과외,C:/Projects/studyhub/output/경기도고등수학과외/index.html,하위 페이지 더 보기
/경기도고등수학과외/,/소사구고등수학과외/,소사구고등수학과외,C:/Projects/studyhub/output/경기도고등수학과외/index.html,하위 페이지 더 보기
/경기도고등수학과외/,/수원고등수학과외/,수원고등수학과외,C:/Projects/studyhub/output/경기도고등수학과외/index.html,하위 페이지 더 보기
/경기도고등수학과외/,/수정구고등수학과외/,수정구고등수학과외,C:/Projects/studyhub/output/경기도고등수학과외/index.html,하위 페이지 더 보기
/경기도고등수학과외/,/수지구고등수학과외/,수지구고등수학과외,C:/Projects/studyhub/output/경기도고등수학과외/index.html,하위 페이지 더 보기
/경기도고등수학과외/,/시흥고등수학과외/,시흥고등수학과외,C:/Projects/studyhub/output/경기도고등수학과외/index.html,하위 페이지 더 보기
/경기도고등수학과외/,/안산고등수학과외/,안산고등수학과외,C:/Projects/studyhub/output/경기도고등수학과외/index.html,하위 페이지 더 보기
/경기도고등수학과외/,/안양고등수학과외/,안양고등수학과외,C:/Projects/studyhub/output/경기도고등수학과외/index.html,하위 페이지 더 보기
/경기도고등수학과외/,/양주고등수학과외/,양주고등수학과외,C:/Projects/studyhub/output/경기도고등수학과외/index.html,하위 페이지 더 보기
/경기도고등수학과외/,/영통구고등수학과외/,영통구고등수학과외,C:/Projects/studyhub/output/경기도고등수학과외/index.html,하위 페이지 더 보기
/경기도고등수학과외/,/오산고등수학과외/,오산고등수학과외,C:/Projects/studyhub/output/경기도고등수학과외/index.html,하위 페이지 더 보기
/경기도고등수학과외/,/오정구고등수학과외/,오정구고등수학과외,C:/Projects/studyhub/output/경기도고등수학과외/index.html,하위 페이지 더 보기
/경기도고등수학과외/,/용인고등수학과외/,용인고등수학과외,C:/Projects/studyhub/output/경기도고등수학과외/index.html,하위 페이지 더 보기
/경기도고등수학과외/,/원미구고등수학과외/,원미구고등수학과외,C:/Projects/studyhub/output/경기도고등수학과외/index.html,하위 페이지 더 보기
/경기도고등수학과외/,/의왕시고등수학과외/,의왕시고등수학과외,C:/Projects/studyhub/output/경기도고등수학과외/index.html,하위 페이지 더 보기
/경기도고등수학과외/,/이천고등수학과외/,이천고등수학과외,C:/Projects/studyhub/output/경기도고등수학과외/index.html,하위 페이지 더 보기
/경기도고등수학과외/,/일산고등수학과외/,일산고등수학과외,C:/Projects/studyhub/output/경기도고등수학과외/index.html,하위 페이지 더 보기
/경기도고등수학과외/,/일산동고등수학과외/,일산동고등수학과외,C:/Projects/studyhub/output/경기도고등수학과외/index.html,하위 페이지 더 보기
/경기도고등수학과외/,/일산동구고등수학과외/,일산동구고등수학과외,C:/Projects/studyhub/output/경기도고등수학과외/index.html,하위 페이지 더 보기
/경기도고등수학과외/,/일산서구고등수학과외/,일산서구고등수학과외,C:/Projects/studyhub/output/경기도고등수학과외/index.html,하위 페이지 더 보기
/경기도고등수학과외/,/장안구고등수학과외/,장안구고등수학과외,C:/Projects/studyhub/output/경기도고등수학과외/index.html,하위 페이지 더 보기
/경기도고등수학과외/,/중원구고등수학과외/,중원구고등수학과외,C:/Projects/studyhub/output/경기도고등수학과외/index.html,하위 페이지 더 보기
/경기도고등수학과외/,/처인구고등수학과외/,처인구고등수학과외,C:/Projects/studyhub/output/경기도고등수학과외/index.html,하위 페이지 더 보기
/경기도고등수학과외/,/파주고등수학과외/,파주고등수학과외,C:/Projects/studyhub/output/경기도고등수학과외/index.html,하위 페이지 더 보기
/경기도고등수학과외/,/팔달구고등수학과외/,팔달구고등수학과외,C:/Projects/studyhub/output/경기도고등수학과외/index.html,하위 페이지 더 보기
/경기도고등수학과외/,/평택고등수학과외/,평택고등수학과외,C:/Projects/studyhub/output/경기도고등수학과외/index.html,하위 페이지 더 보기
/경기도고등수학과외/,/포천고등수학과외/,포천고등수학과외,C:/Projects/studyhub/output/경기도고등수학과외/index.html,하위 페이지 더 보기
/경기도고등수학과외/,/하남고등수학과외/,하남고등수학과외,C:/Projects/studyhub/output/경기도고등수학과외/index.html,하위 페이지 더 보기
/경기도고등수학과외/,/화성고등수학과외/,화성고등수학과외,C:/Projects/studyhub/output/경기도고등수학과외/index.html,하위 페이지 더 보기
/경기도고등영어과외/,/권선구고등영어과외/,권선구고등영어과외,C:/Projects/studyhub/output/경기도고등영어과외/index.html,하위 페이지 더 보기
/경기도고등영어과외/,/기흥구고등영어과외/,기흥구고등영어과외,C:/Projects/studyhub/output/경기도고등영어과외/index.html,하위 페이지 더 보기
/경기도고등영어과외/,/김포고등영어과외/,김포고등영어과외,C:/Projects/studyhub/output/경기도고등영어과외/index.html,하위 페이지 더 보기
/경기도고등영어과외/,/남양주고등영어과외/,남양주고등영어과외,C:/Projects/studyhub/output/경기도고등영어과외/index.html,하위 페이지 더 보기
/경기도고등영어과외/,/단원구고등영어과외/,단원구고등영어과외,C:/Projects/studyhub/output/경기도고등영어과외/index.html,하위 페이지 더 보기
/경기도고등영어과외/,/덕양구고등영어과외/,덕양구고등영어과외,C:/Projects/studyhub/output/경기도고등영어과외/index.html,하위 페이지 더 보기
/경기도고등영어과외/,/동두천고등영어과외/,동두천고등영어과외,C:/Projects/studyhub/output/경기도고등영어과외/index.html,하위 페이지 더 보기
/경기도고등영어과외/,/부천고등영어과외/,부천고등영어과외,C:/Projects/studyhub/output/경기도고등영어과외/index.html,하위 페이지 더 보기
/경기도고등영어과외/,/분당구고등영어과외/,분당구고등영어과외,C:/Projects/studyhub/output/경기도고등영어과외/index.html,하위 페이지 더 보기
/경기도고등영어과외/,/상록구고등영어과외/,상록구고등영어과외,C:/Projects/studyhub/output/경기도고등영어과외/index.html,하위 페이지 더 보기
/경기도고등영어과외/,/성남고등영어과외/,성남고등영어과외,C:/Projects/studyhub/output/경기도고등영어과외/index.html,하위 페이지 더 보기
/경기도고등영어과외/,/소사구고등영어과외/,소사구고등영어과외,C:/Projects/studyhub/output/경기도고등영어과외/index.html,하위 페이지 더 보기
/경기도고등영어과외/,/수원고등영어과외/,수원고등영어과외,C:/Projects/studyhub/output/경기도고등영어과외/index.html,하위 페이지 더 보기
/경기도고등영어과외/,/수정구고등영어과외/,수정구고등영어과외,C:/Projects/studyhub/output/경기도고등영어과외/index.html,하위 페이지 더 보기
/경기도고등영어과외/,/수지구고등영어과외/,수지구고등영어과외,C:/Projects/studyhub/output/경기도고등영어과외/index.html,하위 페이지 더 보기
/경기도고등영어과외/,/시흥고등영어과외/,시흥고등영어과외,C:/Projects/studyhub/output/경기도고등영어과외/index.html,하위 페이지 더 보기
/경기도고등영어과외/,/안산고등영어과외/,안산고등영어과외,C:/Projects/studyhub/output/경기도고등영어과외/index.html,하위 페이지 더 보기
/경기도고등영어과외/,/안양고등영어과외/,안양고등영어과외,C:/Projects/studyhub/output/경기도고등영어과외/index.html,하위 페이지 더 보기
/경기도고등영어과외/,/양주고등영어과외/,양주고등영어과외,C:/Projects/studyhub/output/경기도고등영어과외/index.html,하위 페이지 더 보기
/경기도고등영어과외/,/영통구고등영어과외/,영통구고등영어과외,C:/Projects/studyhub/output/경기도고등영어과외/index.html,하위 페이지 더 보기
/경기도고등영어과외/,/오산고등영어과외/,오산고등영어과외,C:/Projects/studyhub/output/경기도고등영어과외/index.html,하위 페이지 더 보기
/경기도고등영어과외/,/오정구고등영어과외/,오정구고등영어과외,C:/Projects/studyhub/output/경기도고등영어과외/index.html,하위 페이지 더 보기
/경기도고등영어과외/,/용인고등영어과외/,용인고등영어과외,C:/Projects/studyhub/output/경기도고등영어과외/index.html,하위 페이지 더 보기
/경기도고등영어과외/,/원미구고등영어과외/,원미구고등영어과외,C:/Projects/studyhub/output/경기도고등영어과외/index.html,하위 페이지 더 보기
/경기도고등영어과외/,/의왕시고등영어과외/,의왕시고등영어과외,C:/Projects/studyhub/output/경기도고등영어과외/index.html,하위 페이지 더 보기
/경기도고등영어과외/,/이천고등영어과외/,이천고등영어과외,C:/Projects/studyhub/output/경기도고등영어과외/index.html,하위 페이지 더 보기
/경기도고등영어과외/,/일산고등영어과외/,일산고등영어과외,C:/Projects/studyhub/output/경기도고등영어과외/index.html,하위 페이지 더 보기
/경기도고등영어과외/,/일산동고등영어과외/,일산동고등영어과외,C:/Projects/studyhub/output/경기도고등영어과외/index.html,하위 페이지 더 보기
/경기도고등영어과외/,/일산동구고등영어과외/,일산동구고등영어과외,C:/Projects/studyhub/output/경기도고등영어과외/index.html,하위 페이지 더 보기
/경기도고등영어과외/,/일산서구고등영어과외/,일산서구고등영어과외,C:/Projects/studyhub/output/경기도고등영어과외/index.html,하위 페이지 더 보기
/경기도고등영어과외/,/장안구고등영어과외/,장안구고등영어과외,C:/Projects/studyhub/output/경기도고등영어과외/index.html,하위 페이지 더 보기
/경기도고등영어과외/,/중원구고등영어과외/,중원구고등영어과외,C:/Projects/studyhub/output/경기도고등영어과외/index.html,하위 페이지 더 보기
/경기도고등영어과외/,/처인구고등영어과외/,처인구고등영어과외,C:/Projects/studyhub/output/경기도고등영어과외/index.html,하위 페이지 더 보기
/경기도고등영어과외/,/파주고등영어과외/,파주고등영어과외,C:/Projects/studyhub/output/경기도고등영어과외/index.html,하위 페이지 더 보기
/경기도고등영어과외/,/팔달구고등영어과외/,팔달구고등영어과외,C:/Projects/studyhub/output/경기도고등영어과외/index.html,하위 페이지 더 보기
/경기도고등영어과외/,/평택고등영어과외/,평택고등영어과외,C:/Projects/studyhub/output/경기도고등영어과외/index.html,하위 페이지 더 보기
/경기도고등영어과외/,/포천고등영어과외/,포천고등영어과외,C:/Projects/studyhub/output/경기도고등영어과외/index.html,하위 페이지 더 보기
/경기도고등영어과외/,/하남고등영어과외/,하남고등영어과외,C:/Projects/studyhub/output/경기도고등영어과외/index.html,하위 페이지 더 보기
/경기도고등영어과외/,/화성고등영어과외/,화성고등영어과외,C:/Projects/studyhub/output/경기도고등영어과외/index.html,하위 페이지 더 보기
/경기도과외/,/권선구과외/,권선구과외,C:/Projects/studyhub/output/경기도과외/index.html,하위 페이지 더 보기
/경기도과외/,/기흥구과외/,기흥구과외,C:/Projects/studyhub/output/경기도과외/index.html,하위 페이지 더 보기
/경기도과외/,/단원구과외/,단원구과외,C:/Projects/studyhub/output/경기도과외/index.html,하위 페이지 더 보기
/경기도과외/,/덕양구과외/,덕양구과외,C:/Projects/studyhub/output/경기도과외/index.html,하위 페이지 더 보기
/경기도과외/,/동두천과외/,동두천과외,C:/Projects/studyhub/output/경기도과외/index.html,하위 페이지 더 보기
/경기도과외/,/분당구과외/,분당구과외,C:/Projects/studyhub/output/경기도과외/index.html,하위 페이지 더 보기
/경기도과외/,/상록구과외/,상록구과외,C:/Projects/studyhub/output/경기도과외/index.html,하위 페이지 더 보기
/경기도과외/,/성남과외/,성남과외,C:/Projects/studyhub/output/경기도과외/index.html,하위 페이지 더 보기
/경기도과외/,/소사구과외/,소사구과외,C:/Projects/studyhub/output/경기도과외/index.html,하위 페이지 더 보기
/경기도과외/,/수원과외/,수원과외,C:/Projects/studyhub/output/경기도과외/index.html,하위 페이지 더 보기
/경기도과외/,/수정구과외/,수정구과외,C:/Projects/studyhub/output/경기도과외/index.html,하위 페이지 더 보기
/경기도과외/,/수지구과외/,수지구과외,C:/Projects/studyhub/output/경기도과외/index.html,하위 페이지 더 보기
/경기도과외/,/시흥과외/,시흥과외,C:/Projects/studyhub/output/경기도과외/index.html,하위 페이지 더 보기
/경기도과외/,/안산과외/,안산과외,C:/Projects/studyhub/output/경기도과외/index.html,하위 페이지 더 보기
/경기도과외/,/안양과외/,안양과외,C:/Projects/studyhub/output/경기도과외/index.html,하위 페이지 더 보기
/경기도과외/,/양주과외/,양주과외,C:/Projects/studyhub/output/경기도과외/index.html,하위 페이지 더 보기
/경기도과외/,/영통구과외/,영통구과외,C:/Projects/studyhub/output/경기도과외/index.html,하위 페이지 더 보기
/경기도과외/,/오산과외/,오산과외,C:/Projects/studyhub/output/경기도과외/index.html,하위 페이지 더 보기
/경기도과외/,/오정구과외/,오정구과외,C:/Projects/studyhub/output/경기도과외/index.html,하위 페이지 더 보기
/경기도과외/,/용인과외/,용인과외,C:/Projects/studyhub/output/경기도과외/index.html,하위 페이지 더 보기
/경기도과외/,/원미구과외/,원미구과외,C:/Projects/studyhub/output/경기도과외/index.html,하위 페이지 더 보기
/경기도과외/,/의왕시과외/,의왕시과외,C:/Projects/studyhub/output/경기도과외/index.html,하위 페이지 더 보기
/경기도과외/,/이천과외/,이천과외,C:/Projects/studyhub/output/경기도과외/index.html,하위 페이지 더 보기
/경기도과외/,/일산과외/,일산과외,C:/Projects/studyhub/output/경기도과외/index.html,하위 페이지 더 보기
/경기도과외/,/일산동과외/,일산동과외,C:/Projects/studyhub/output/경기도과외/index.html,하위 페이지 더 보기
/경기도과외/,/일산동구과외/,일산동구과외,C:/Projects/studyhub/output/경기도과외/index.html,하위 페이지 더 보기
/경기도과외/,/일산서구과외/,일산서구과외,C:/Projects/studyhub/output/경기도과외/index.html,하위 페이지 더 보기
/경기도과외/,/장안구과외/,장안구과외,C:/Projects/studyhub/output/경기도과외/index.html,하위 페이지 더 보기
/경기도과외/,/중원구과외/,중원구과외,C:/Projects/studyhub/output/경기도과외/index.html,하위 페이지 더 보기
/경기도과외/,/처인구과외/,처인구과외,C:/Projects/studyhub/output/경기도과외/index.html,하위 페이지 더 보기
/경기도과외/,/파주과외/,파주과외,C:/Projects/studyhub/output/경기도과외/index.html,하위 페이지 더 보기
/경기도과외/,/팔달구과외/,팔달구과외,C:/Projects/studyhub/output/경기도과외/index.html,하위 페이지 더 보기
/경기도과외/,/평택과외/,평택과외,C:/Projects/studyhub/output/경기도과외/index.html,하위 페이지 더 보기
/경기도과외/,/포천과외/,포천과외,C:/Projects/studyhub/output/경기도과외/index.html,하위 페이지 더 보기
/경기도과외/,/하남과외/,하남과외,C:/Projects/studyhub/output/경기도과외/index.html,하위 페이지 더 보기
/경기도과외/,/화성과외/,화성과외,C:/Projects/studyhub/output/경기도과외/index.html,하위 페이지 더 보기
/경기도수학과외/,/권선구수학과외/,권선구수학과외,C:/Projects/studyhub/output/경기도수학과외/index.html,하위 페이지 더 보기
/경기도수학과외/,/기흥구수학과외/,기흥구수학과외,C:/Projects/studyhub/output/경기도수학과외/index.html,하위 페이지 더 보기
/경기도수학과외/,/김포수학과외/,김포수학과외,C:/Projects/studyhub/output/경기도수학과외/index.html,하위 페이지 더 보기
/경기도수학과외/,/남양주수학과외/,남양주수학과외,C:/Projects/studyhub/output/경기도수학과외/index.html,하위 페이지 더 보기
/경기도수학과외/,/단원구수학과외/,단원구수학과외,C:/Projects/studyhub/output/경기도수학과외/index.html,하위 페이지 더 보기
/경기도수학과외/,/덕양구수학과외/,덕양구수학과외,C:/Projects/studyhub/output/경기도수학과외/index.html,하위 페이지 더 보기
/경기도수학과외/,/동두천수학과외/,동두천수학과외,C:/Projects/studyhub/output/경기도수학과외/index.html,하위 페이지 더 보기
/경기도수학과외/,/부천수학과외/,부천수학과외,C:/Projects/studyhub/output/경기도수학과외/index.html,하위 페이지 더 보기
/경기도수학과외/,/분당구수학과외/,분당구수학과외,C:/Projects/studyhub/output/경기도수학과외/index.html,하위 페이지 더 보기
/경기도수학과외/,/상록구수학과외/,상록구수학과외,C:/Projects/studyhub/output/경기도수학과외/index.html,하위 페이지 더 보기
/경기도수학과외/,/성남수학과외/,성남수학과외,C:/Projects/studyhub/output/경기도수학과외/index.html,하위 페이지 더 보기
/경기도수학과외/,/소사구수학과외/,소사구수학과외,C:/Projects/studyhub/output/경기도수학과외/index.html,하위 페이지 더 보기
/경기도수학과외/,/수원수학과외/,수원수학과외,C:/Projects/studyhub/output/경기도수학과외/index.html,하위 페이지 더 보기
/경기도수학과외/,/수정구수학과외/,수정구수학과외,C:/Projects/studyhub/output/경기도수학과외/index.html,하위 페이지 더 보기
/경기도수학과외/,/수지구수학과외/,수지구수학과외,C:/Projects/studyhub/output/경기도수학과외/index.html,하위 페이지 더 보기
/경기도수학과외/,/시흥수학과외/,시흥수학과외,C:/Projects/studyhub/output/경기도수학과외/index.html,하위 페이지 더 보기
/경기도수학과외/,/안산수학과외/,안산수학과외,C:/Projects/studyhub/output/경기도수학과외/index.html,하위 페이지 더 보기
/경기도수학과외/,/안양수학과외/,안양수학과외,C:/Projects/studyhub/output/경기도수학과외/index.html,하위 페이지 더 보기
/경기도수학과외/,/양주수학과외/,양주수학과외,C:/Projects/studyhub/output/경기도수학과외/index.html,하위 페이지 더 보기
/경기도수학과외/,/영통구수학과외/,영통구수학과외,C:/Projects/studyhub/output/경기도수학과외/index.html,하위 페이지 더 보기
/경기도수학과외/,/오산수학과외/,오산수학과외,C:/Projects/studyhub/output/경기도수학과외/index.html,하위 페이지 더 보기
/경기도수학과외/,/오정구수학과외/,오정구수학과외,C:/Projects/studyhub/output/경기도수학과외/index.html,하위 페이지 더 보기
/경기도수학과외/,/용인수학과외/,용인수학과외,C:/Projects/studyhub/output/경기도수학과외/index.html,하위 페이지 더 보기
/경기도수학과외/,/원미구수학과외/,원미구수학과외,C:/Projects/studyhub/output/경기도수학과외/index.html,하위 페이지 더 보기
/경기도수학과외/,/의왕시수학과외/,의왕시수학과외,C:/Projects/studyhub/output/경기도수학과외/index.html,하위 페이지 더 보기
/경기도수학과외/,/이천수학과외/,이천수학과외,C:/Projects/studyhub/output/경기도수학과외/index.html,하위 페이지 더 보기
/경기도수학과외/,/일산동구수학과외/,일산동구수학과외,C:/Projects/studyhub/output/경기도수학과외/index.html,하위 페이지 더 보기
/경기도수학과외/,/일산동수학과외/,일산동수학과외,C:/Projects/studyhub/output/경기도수학과외/index.html,하위 페이지 더 보기
/경기도수학과외/,/일산서구수학과외/,일산서구수학과외,C:/Projects/studyhub/output/경기도수학과외/index.html,하위 페이지 더 보기
/경기도수학과외/,/일산수학과외/,일산수학과외,C:/Projects/studyhub/output/경기도수학과외/index.html,하위 페이지 더 보기
/경기도수학과외/,/장안구수학과외/,장안구수학과외,C:/Projects/studyhub/output/경기도수학과외/index.html,하위 페이지 더 보기
/경기도수학과외/,/중원구수학과외/,중원구수학과외,C:/Projects/studyhub/output/경기도수학과외/index.html,하위 페이지 더 보기
/경기도수학과외/,/처인구수학과외/,처인구수학과외,C:/Projects/studyhub/output/경기도수학과외/index.html,하위 페이지 더 보기
/경기도수학과외/,/파주수학과외/,파주수학과외,C:/Projects/studyhub/output/경기도수학과외/index.html,하위 페이지 더 보기
/경기도수학과외/,/팔달구수학과외/,팔달구수학과외,C:/Projects/studyhub/output/경기도수학과외/index.html,하위 페이지 더 보기
/경기도수학과외/,/평택수학과외/,평택수학과외,C:/Projects/studyhub/output/경기도수학과외/index.html,하위 페이지 더 보기
/경기도수학과외/,/포천수학과외/,포천수학과외,C:/Projects/studyhub/output/경기도수학과외/index.html,하위 페이지 더 보기
/경기도수학과외/,/하남수학과외/,하남수학과외,C:/Projects/studyhub/output/경기도수학과외/index.html,하위 페이지 더 보기
/경기도수학과외/,/화성수학과외/,화성수학과외,C:/Projects/studyhub/output/경기도수학과외/index.html,하위 페이지 더 보기
/경기도영어과외/,/권선구영어과외/,권선구영어과외,C:/Projects/studyhub/output/경기도영어과외/index.html,하위 페이지 더 보기
/경기도영어과외/,/기흥구영어과외/,기흥구영어과외,C:/Projects/studyhub/output/경기도영어과외/index.html,하위 페이지 더 보기
/경기도영어과외/,/김포영어과외/,김포영어과외,C:/Projects/studyhub/output/경기도영어과외/index.html,하위 페이지 더 보기
/경기도영어과외/,/남양주영어과외/,남양주영어과외,C:/Projects/studyhub/output/경기도영어과외/index.html,하위 페이지 더 보기
/경기도영어과외/,/단원구영어과외/,단원구영어과외,C:/Projects/studyhub/output/경기도영어과외/index.html,하위 페이지 더 보기
/경기도영어과외/,/덕양구영어과외/,덕양구영어과외,C:/Projects/studyhub/output/경기도영어과외/index.html,하위 페이지 더 보기
/경기도영어과외/,/동두천영어과외/,동두천영어과외,C:/Projects/studyhub/output/경기도영어과외/index.html,하위 페이지 더 보기
/경기도영어과외/,/부천영어과외/,부천영어과외,C:/Projects/studyhub/output/경기도영어과외/index.html,하위 페이지 더 보기
/경기도영어과외/,/분당구영어과외/,분당구영어과외,C:/Projects/studyhub/output/경기도영어과외/index.html,하위 페이지 더 보기
/경기도영어과외/,/상록구영어과외/,상록구영어과외,C:/Projects/studyhub/output/경기도영어과외/index.html,하위 페이지 더 보기
/경기도영어과외/,/성남영어과외/,성남영어과외,C:/Projects/studyhub/output/경기도영어과외/index.html,하위 페이지 더 보기
/경기도영어과외/,/소사구영어과외/,소사구영어과외,C:/Projects/studyhub/output/경기도영어과외/index.html,하위 페이지 더 보기
/경기도영어과외/,/수원영어과외/,수원영어과외,C:/Projects/studyhub/output/경기도영어과외/index.html,하위 페이지 더 보기
/경기도영어과외/,/수정구영어과외/,수정구영어과외,C:/Projects/studyhub/output/경기도영어과외/index.html,하위 페이지 더 보기
/경기도영어과외/,/수지구영어과외/,수지구영어과외,C:/Projects/studyhub/output/경기도영어과외/index.html,하위 페이지 더 보기
/경기도영어과외/,/시흥영어과외/,시흥영어과외,C:/Projects/studyhub/output/경기도영어과외/index.html,하위 페이지 더 보기
/경기도영어과외/,/안산영어과외/,안산영어과외,C:/Projects/studyhub/output/경기도영어과외/index.html,하위 페이지 더 보기
/경기도영어과외/,/안양영어과외/,안양영어과외,C:/Projects/studyhub/output/경기도영어과외/index.html,하위 페이지 더 보기
/경기도영어과외/,/양주영어과외/,양주영어과외,C:/Projects/studyhub/output/경기도영어과외/index.html,하위 페이지 더 보기
/경기도영어과외/,/영통구영어과외/,영통구영어과외,C:/Projects/studyhub/output/경기도영어과외/index.html,하위 페이지 더 보기
/경기도영어과외/,/오산영어과외/,오산영어과외,C:/Projects/studyhub/output/경기도영어과외/index.html,하위 페이지 더 보기
/경기도영어과외/,/오정구영어과외/,오정구영어과외,C:/Projects/studyhub/output/경기도영어과외/index.html,하위 페이지 더 보기
/경기도영어과외/,/용인영어과외/,용인영어과외,C:/Projects/studyhub/output/경기도영어과외/index.html,하위 페이지 더 보기
/경기도영어과외/,/원미구영어과외/,원미구영어과외,C:/Projects/studyhub/output/경기도영어과외/index.html,하위 페이지 더 보기
/경기도영어과외/,/의왕시영어과외/,의왕시영어과외,C:/Projects/studyhub/output/경기도영어과외/index.html,하위 페이지 더 보기
/경기도영어과외/,/이천영어과외/,이천영어과외,C:/Projects/studyhub/output/경기도영어과외/index.html,하위 페이지 더 보기
/경기도영어과외/,/일산동구영어과외/,일산동구영어과외,C:/Projects/studyhub/output/경기도영어과외/index.html,하위 페이지 더 보기
/경기도영어과외/,/일산동영어과외/,일산동영어과외,C:/Projects/studyhub/output/경기도영어과외/index.html,하위 페이지 더 보기
/경기도영어과외/,/일산서구영어과외/,일산서구영어과외,C:/Projects/studyhub/output/경기도영어과외/index.html,하위 페이지 더 보기
/경기도영어과외/,/일산영어과외/,일산영어과외,C:/Projects/studyhub/output/경기도영어과외/index.html,하위 페이지 더 보기
/경기도영어과외/,/장안구영어과외/,장안구영어과외,C:/Projects/studyhub/output/경기도영어과외/index.html,하위 페이지 더 보기
/경기도영어과외/,/중원구영어과외/,중원구영어과외,C:/Projects/studyhub/output/경기도영어과외/index.html,하위 페이지 더 보기
/경기도영어과외/,/처인구영어과외/,처인구영어과외,C:/Projects/studyhub/output/경기도영어과외/index.html,하위 페이지 더 보기
/경기도영어과외/,/파주영어과외/,파주영어과외,C:/Projects/studyhub/output/경기도영어과외/index.html,하위 페이지 더 보기
/경기도영어과외/,/팔달구영어과외/,팔달구영어과외,C:/Projects/studyhub/output/경기도영어과외/index.html,하위 페이지 더 보기
/경기도영어과외/,/평택영어과외/,평택영어과외,C:/Projects/studyhub/output/경기도영어과외/index.html,하위 페이지 더 보기
/경기도영어과외/,/포천영어과외/,포천영어과외,C:/Projects/studyhub/output/경기도영어과외/index.html,하위 페이지 더 보기
/경기도영어과외/,/하남영어과외/,하남영어과외,C:/Projects/studyhub/output/경기도영어과외/index.html,하위 페이지 더 보기
/경기도영어과외/,/화성영어과외/,화성영어과외,C:/Projects/studyhub/output/경기도영어과외/index.html,하위 페이지 더 보기
/경기도중등과외/,/권선구중등과외/,권선구중등과외,C:/Projects/studyhub/output/경기도중등과외/index.html,하위 페이지 더 보기
/경기도중등과외/,/기흥구중등과외/,기흥구중등과외,C:/Projects/studyhub/output/경기도중등과외/index.html,하위 페이지 더 보기
/경기도중등과외/,/김포중등과외/,김포중등과외,C:/Projects/studyhub/output/경기도중등과외/index.html,하위 페이지 더 보기
/경기도중등과외/,/남양주중등과외/,남양주중등과외,C:/Projects/studyhub/output/경기도중등과외/index.html,하위 페이지 더 보기
/경기도중등과외/,/단원구중등과외/,단원구중등과외,C:/Projects/studyhub/output/경기도중등과외/index.html,하위 페이지 더 보기
/경기도중등과외/,/덕양구중등과외/,덕양구중등과외,C:/Projects/studyhub/output/경기도중등과외/index.html,하위 페이지 더 보기
/경기도중등과외/,/동두천중등과외/,동두천중등과외,C:/Projects/studyhub/output/경기도중등과외/index.html,하위 페이지 더 보기
/경기도중등과외/,/부천중등과외/,부천중등과외,C:/Projects/studyhub/output/경기도중등과외/index.html,하위 페이지 더 보기
/경기도중등과외/,/분당구중등과외/,분당구중등과외,C:/Projects/studyhub/output/경기도중등과외/index.html,하위 페이지 더 보기
/경기도중등과외/,/상록구중등과외/,상록구중등과외,C:/Projects/studyhub/output/경기도중등과외/index.html,하위 페이지 더 보기
/경기도중등과외/,/성남중등과외/,성남중등과외,C:/Projects/studyhub/output/경기도중등과외/index.html,하위 페이지 더 보기
/경기도중등과외/,/소사구중등과외/,소사구중등과외,C:/Projects/studyhub/output/경기도중등과외/index.html,하위 페이지 더 보기
/경기도중등과외/,/수원중등과외/,수원중등과외,C:/Projects/studyhub/output/경기도중등과외/index.html,하위 페이지 더 보기
/경기도중등과외/,/수정구중등과외/,수정구중등과외,C:/Projects/studyhub/output/경기도중등과외/index.html,하위 페이지 더 보기
/경기도중등과외/,/수지구중등과외/,수지구중등과외,C:/Projects/studyhub/output/경기도중등과외/index.html,하위 페이지 더 보기
/경기도중등과외/,/시흥중등과외/,시흥중등과외,C:/Projects/studyhub/output/경기도중등과외/index.html,하위 페이지 더 보기
/경기도중등과외/,/안산중등과외/,안산중등과외,C:/Projects/studyhub/output/경기도중등과외/index.html,하위 페이지 더 보기
/경기도중등과외/,/안양중등과외/,안양중등과외,C:/Projects/studyhub/output/경기도중등과외/index.html,하위 페이지 더 보기
/경기도중등과외/,/양주중등과외/,양주중등과외,C:/Projects/studyhub/output/경기도중등과외/index.html,하위 페이지 더 보기
/경기도중등과외/,/영통구중등과외/,영통구중등과외,C:/Projects/studyhub/output/경기도중등과외/index.html,하위 페이지 더 보기
/경기도중등과외/,/오산중등과외/,오산중등과외,C:/Projects/studyhub/output/경기도중등과외/index.html,하위 페이지 더 보기
/경기도중등과외/,/오정구중등과외/,오정구중등과외,C:/Projects/studyhub/output/경기도중등과외/index.html,하위 페이지 더 보기
/경기도중등과외/,/용인중등과외/,용인중등과외,C:/Projects/studyhub/output/경기도중등과외/index.html,하위 페이지 더 보기
/경기도중등과외/,/원미구중등과외/,원미구중등과외,C:/Projects/studyhub/output/경기도중등과외/index.html,하위 페이지 더 보기
/경기도중등과외/,/의왕시중등과외/,의왕시중등과외,C:/Projects/studyhub/output/경기도중등과외/index.html,하위 페이지 더 보기
/경기도중등과외/,/이천중등과외/,이천중등과외,C:/Projects/studyhub/output/경기도중등과외/index.html,하위 페이지 더 보기
/경기도중등과외/,/일산동구중등과외/,일산동구중등과외,C:/Projects/studyhub/output/경기도중등과외/index.html,하위 페이지 더 보기
/경기도중등과외/,/일산동중등과외/,일산동중등과외,C:/Projects/studyhub/output/경기도중등과외/index.html,하위 페이지 더 보기
/경기도중등과외/,/일산서구중등과외/,일산서구중등과외,C:/Projects/studyhub/output/경기도중등과외/index.html,하위 페이지 더 보기
/경기도중등과외/,/일산중등과외/,일산중등과외,C:/Projects/studyhub/output/경기도중등과외/index.html,하위 페이지 더 보기
/경기도중등과외/,/장안구중등과외/,장안구중등과외,C:/Projects/studyhub/output/경기도중등과외/index.html,하위 페이지 더 보기
/경기도중등과외/,/중원구중등과외/,중원구중등과외,C:/Projects/studyhub/output/경기도중등과외/index.html,하위 페이지 더 보기
/경기도중등과외/,/처인구중등과외/,처인구중등과외,C:/Projects/studyhub/output/경기도중등과외/index.html,하위 페이지 더 보기
/경기도중등과외/,/파주중등과외/,파주중등과외,C:/Projects/studyhub/output/경기도중등과외/index.html,하위 페이지 더 보기
/경기도중등과외/,/팔달구중등과외/,팔달구중등과외,C:/Projects/studyhub/output/경기도중등과외/index.html,하위 페이지 더 보기
/경기도중등과외/,/평택중등과외/,평택중등과외,C:/Projects/studyhub/output/경기도중등과외/index.html,하위 페이지 더 보기
/경기도중등과외/,/포천중등과외/,포천중등과외,C:/Projects/studyhub/output/경기도중등과외/index.html,하위 페이지 더 보기
/경기도중등과외/,/하남중등과외/,하남중등과외,C:/Projects/studyhub/output/경기도중등과외/index.html,하위 페이지 더 보기
/경기도중등과외/,/화성중등과외/,화성중등과외,C:/Projects/studyhub/output/경기도중등과외/index.html,하위 페이지 더 보기
/경기도중등수학과외/,/권선구중등수학과외/,권선구중등수학과외,C:/Projects/studyhub/output/경기도중등수학과외/index.html,하위 페이지 더 보기
/경기도중등수학과외/,/기흥구중등수학과외/,기흥구중등수학과외,C:/Projects/studyhub/output/경기도중등수학과외/index.html,하위 페이지 더 보기
/경기도중등수학과외/,/김포중등수학과외/,김포중등수학과외,C:/Projects/studyhub/output/경기도중등수학과외/index.html,하위 페이지 더 보기
/경기도중등수학과외/,/남양주중등수학과외/,남양주중등수학과외,C:/Projects/studyhub/output/경기도중등수학과외/index.html,하위 페이지 더 보기
/경기도중등수학과외/,/단원구중등수학과외/,단원구중등수학과외,C:/Projects/studyhub/output/경기도중등수학과외/index.html,하위 페이지 더 보기
/경기도중등수학과외/,/덕양구중등수학과외/,덕양구중등수학과외,C:/Projects/studyhub/output/경기도중등수학과외/index.html,하위 페이지 더 보기
/경기도중등수학과외/,/동두천중등수학과외/,동두천중등수학과외,C:/Projects/studyhub/output/경기도중등수학과외/index.html,하위 페이지 더 보기
/경기도중등수학과외/,/부천중등수학과외/,부천중등수학과외,C:/Projects/studyhub/output/경기도중등수학과외/index.html,하위 페이지 더 보기
/경기도중등수학과외/,/분당구중등수학과외/,분당구중등수학과외,C:/Projects/studyhub/output/경기도중등수학과외/index.html,하위 페이지 더 보기
/경기도중등수학과외/,/상록구중등수학과외/,상록구중등수학과외,C:/Projects/studyhub/output/경기도중등수학과외/index.html,하위 페이지 더 보기
/경기도중등수학과외/,/성남중등수학과외/,성남중등수학과외,C:/Projects/studyhub/output/경기도중등수학과외/index.html,하위 페이지 더 보기
/경기도중등수학과외/,/소사구중등수학과외/,소사구중등수학과외,C:/Projects/studyhub/output/경기도중등수학과외/index.html,하위 페이지 더 보기
/경기도중등수학과외/,/수원중등수학과외/,수원중등수학과외,C:/Projects/studyhub/output/경기도중등수학과외/index.html,하위 페이지 더 보기
/경기도중등수학과외/,/수정구중등수학과외/,수정구중등수학과외,C:/Projects/studyhub/output/경기도중등수학과외/index.html,하위 페이지 더 보기
/경기도중등수학과외/,/수지구중등수학과외/,수지구중등수학과외,C:/Projects/studyhub/output/경기도중등수학과외/index.html,하위 페이지 더 보기
/경기도중등수학과외/,/시흥중등수학과외/,시흥중등수학과외,C:/Projects/studyhub/output/경기도중등수학과외/index.html,하위 페이지 더 보기
/경기도중등수학과외/,/안산중등수학과외/,안산중등수학과외,C:/Projects/studyhub/output/경기도중등수학과외/index.html,하위 페이지 더 보기
/경기도중등수학과외/,/안양중등수학과외/,안양중등수학과외,C:/Projects/studyhub/output/경기도중등수학과외/index.html,하위 페이지 더 보기
/경기도중등수학과외/,/양주중등수학과외/,양주중등수학과외,C:/Projects/studyhub/output/경기도중등수학과외/index.html,하위 페이지 더 보기
/경기도중등수학과외/,/영통구중등수학과외/,영통구중등수학과외,C:/Projects/studyhub/output/경기도중등수학과외/index.html,하위 페이지 더 보기
/경기도중등수학과외/,/오산중등수학과외/,오산중등수학과외,C:/Projects/studyhub/output/경기도중등수학과외/index.html,하위 페이지 더 보기
/경기도중등수학과외/,/오정구중등수학과외/,오정구중등수학과외,C:/Projects/studyhub/output/경기도중등수학과외/index.html,하위 페이지 더 보기
/경기도중등수학과외/,/용인중등수학과외/,용인중등수학과외,C:/Projects/studyhub/output/경기도중등수학과외/index.html,하위 페이지 더 보기
/경기도중등수학과외/,/원미구중등수학과외/,원미구중등수학과외,C:/Projects/studyhub/output/경기도중등수학과외/index.html,하위 페이지 더 보기
/경기도중등수학과외/,/의왕시중등수학과외/,의왕시중등수학과외,C:/Projects/studyhub/output/경기도중등수학과외/index.html,하위 페이지 더 보기
/경기도중등수학과외/,/이천중등수학과외/,이천중등수학과외,C:/Projects/studyhub/output/경기도중등수학과외/index.html,하위 페이지 더 보기
/경기도중등수학과외/,/일산동구중등수학과외/,일산동구중등수학과외,C:/Projects/studyhub/output/경기도중등수학과외/index.html,하위 페이지 더 보기
/경기도중등수학과외/,/일산동중등수학과외/,일산동중등수학과외,C:/Projects/studyhub/output/경기도중등수학과외/index.html,하위 페이지 더 보기
/경기도중등수학과외/,/일산서구중등수학과외/,일산서구중등수학과외,C:/Projects/studyhub/output/경기도중등수학과외/index.html,하위 페이지 더 보기
/경기도중등수학과외/,/일산중등수학과외/,일산중등수학과외,C:/Projects/studyhub/output/경기도중등수학과외/index.html,하위 페이지 더 보기
/경기도중등수학과외/,/장안구중등수학과외/,장안구중등수학과외,C:/Projects/studyhub/output/경기도중등수학과외/index.html,하위 페이지 더 보기
/경기도중등수학과외/,/중원구중등수학과외/,중원구중등수학과외,C:/Projects/studyhub/output/경기도중등수학과외/index.html,하위 페이지 더 보기
/경기도중등수학과외/,/처인구중등수학과외/,처인구중등수학과외,C:/Projects/studyhub/output/경기도중등수학과외/index.html,하위 페이지 더 보기
/경기도중등수학과외/,/파주중등수학과외/,파주중등수학과외,C:/Projects/studyhub/output/경기도중등수학과외/index.html,하위 페이지 더 보기
/경기도중등수학과외/,/팔달구중등수학과외/,팔달구중등수학과외,C:/Projects/studyhub/output/경기도중등수학과외/index.html,하위 페이지 더 보기
/경기도중등수학과외/,/평택중등수학과외/,평택중등수학과외,C:/Projects/studyhub/output/경기도중등수학과외/index.html,하위 페이지 더 보기
/경기도중등수학과외/,/포천중등수학과외/,포천중등수학과외,C:/Projects/studyhub/output/경기도중등수학과외/index.html,하위 페이지 더 보기
/경기도중등수학과외/,/하남중등수학과외/,하남중등수학과외,C:/Projects/studyhub/output/경기도중등수학과외/index.html,하위 페이지 더 보기
/경기도중등수학과외/,/화성중등수학과외/,화성중등수학과외,C:/Projects/studyhub/output/경기도중등수학과외/index.html,하위 페이지 더 보기
/경기도중등영어과외/,/권선구중등영어과외/,권선구중등영어과외,C:/Projects/studyhub/output/경기도중등영어과외/index.html,하위 페이지 더 보기
/경기도중등영어과외/,/기흥구중등영어과외/,기흥구중등영어과외,C:/Projects/studyhub/output/경기도중등영어과외/index.html,하위 페이지 더 보기
/경기도중등영어과외/,/김포중등영어과외/,김포중등영어과외,C:/Projects/studyhub/output/경기도중등영어과외/index.html,하위 페이지 더 보기
/경기도중등영어과외/,/남양주중등영어과외/,남양주중등영어과외,C:/Projects/studyhub/output/경기도중등영어과외/index.html,하위 페이지 더 보기
/경기도중등영어과외/,/단원구중등영어과외/,단원구중등영어과외,C:/Projects/studyhub/output/경기도중등영어과외/index.html,하위 페이지 더 보기
/경기도중등영어과외/,/덕양구중등영어과외/,덕양구중등영어과외,C:/Projects/studyhub/output/경기도중등영어과외/index.html,하위 페이지 더 보기
/경기도중등영어과외/,/동두천중등영어과외/,동두천중등영어과외,C:/Projects/studyhub/output/경기도중등영어과외/index.html,하위 페이지 더 보기
/경기도중등영어과외/,/부천중등영어과외/,부천중등영어과외,C:/Projects/studyhub/output/경기도중등영어과외/index.html,하위 페이지 더 보기
/경기도중등영어과외/,/분당구중등영어과외/,분당구중등영어과외,C:/Projects/studyhub/output/경기도중등영어과외/index.html,하위 페이지 더 보기
/경기도중등영어과외/,/상록구중등영어과외/,상록구중등영어과외,C:/Projects/studyhub/output/경기도중등영어과외/index.html,하위 페이지 더 보기
/경기도중등영어과외/,/성남중등영어과외/,성남중등영어과외,C:/Projects/studyhub/output/경기도중등영어과외/index.html,하위 페이지 더 보기
/경기도중등영어과외/,/소사구중등영어과외/,소사구중등영어과외,C:/Projects/studyhub/output/경기도중등영어과외/index.html,하위 페이지 더 보기
/경기도중등영어과외/,/수원중등영어과외/,수원중등영어과외,C:/Projects/studyhub/output/경기도중등영어과외/index.html,하위 페이지 더 보기
/경기도중등영어과외/,/수정구중등영어과외/,수정구중등영어과외,C:/Projects/studyhub/output/경기도중등영어과외/index.html,하위 페이지 더 보기
/경기도중등영어과외/,/수지구중등영어과외/,수지구중등영어과외,C:/Projects/studyhub/output/경기도중등영어과외/index.html,하위 페이지 더 보기
/경기도중등영어과외/,/시흥중등영어과외/,시흥중등영어과외,C:/Projects/studyhub/output/경기도중등영어과외/index.html,하위 페이지 더 보기
/경기도중등영어과외/,/안산중등영어과외/,안산중등영어과외,C:/Projects/studyhub/output/경기도중등영어과외/index.html,하위 페이지 더 보기
/경기도중등영어과외/,/안양중등영어과외/,안양중등영어과외,C:/Projects/studyhub/output/경기도중등영어과외/index.html,하위 페이지 더 보기
/경기도중등영어과외/,/양주중등영어과외/,양주중등영어과외,C:/Projects/studyhub/output/경기도중등영어과외/index.html,하위 페이지 더 보기
/경기도중등영어과외/,/영통구중등영어과외/,영통구중등영어과외,C:/Projects/studyhub/output/경기도중등영어과외/index.html,하위 페이지 더 보기
/경기도중등영어과외/,/오산중등영어과외/,오산중등영어과외,C:/Projects/studyhub/output/경기도중등영어과외/index.html,하위 페이지 더 보기
/경기도중등영어과외/,/오정구중등영어과외/,오정구중등영어과외,C:/Projects/studyhub/output/경기도중등영어과외/index.html,하위 페이지 더 보기
/경기도중등영어과외/,/용인중등영어과외/,용인중등영어과외,C:/Projects/studyhub/output/경기도중등영어과외/index.html,하위 페이지 더 보기
/경기도중등영어과외/,/원미구중등영어과외/,원미구중등영어과외,C:/Projects/studyhub/output/경기도중등영어과외/index.html,하위 페이지 더 보기
/경기도중등영어과외/,/의왕시중등영어과외/,의왕시중등영어과외,C:/Projects/studyhub/output/경기도중등영어과외/index.html,하위 페이지 더 보기
/경기도중등영어과외/,/이천중등영어과외/,이천중등영어과외,C:/Projects/studyhub/output/경기도중등영어과외/index.html,하위 페이지 더 보기
/경기도중등영어과외/,/일산동구중등영어과외/,일산동구중등영어과외,C:/Projects/studyhub/output/경기도중등영어과외/index.html,하위 페이지 더 보기
/경기도중등영어과외/,/일산동중등영어과외/,일산동중등영어과외,C:/Projects/studyhub/output/경기도중등영어과외/index.html,하위 페이지 더 보기
/경기도중등영어과외/,/일산서구중등영어과외/,일산서구중등영어과외,C:/Projects/studyhub/output/경기도중등영어과외/index.html,하위 페이지 더 보기
/경기도중등영어과외/,/일산중등영어과외/,일산중등영어과외,C:/Projects/studyhub/output/경기도중등영어과외/index.html,하위 페이지 더 보기
/경기도중등영어과외/,/장안구중등영어과외/,장안구중등영어과외,C:/Projects/studyhub/output/경기도중등영어과외/index.html,하위 페이지 더 보기
/경기도중등영어과외/,/중원구중등영어과외/,중원구중등영어과외,C:/Projects/studyhub/output/경기도중등영어과외/index.html,하위 페이지 더 보기
/경기도중등영어과외/,/처인구중등영어과외/,처인구중등영어과외,C:/Projects/studyhub/output/경기도중등영어과외/index.html,하위 페이지 더 보기
/경기도중등영어과외/,/파주중등영어과외/,파주중등영어과외,C:/Projects/studyhub/output/경기도중등영어과외/index.html,하위 페이지 더 보기
/경기도중등영어과외/,/팔달구중등영어과외/,팔달구중등영어과외,C:/Projects/studyhub/output/경기도중등영어과외/index.html,하위 페이지 더 보기
/경기도중등영어과외/,/평택중등영어과외/,평택중등영어과외,C:/Projects/studyhub/output/경기도중등영어과외/index.html,하위 페이지 더 보기
/경기도중등영어과외/,/포천중등영어과외/,포천중등영어과외,C:/Projects/studyhub/output/경기도중등영어과외/index.html,하위 페이지 더 보기
/경기도중등영어과외/,/하남중등영어과외/,하남중등영어과외,C:/Projects/studyhub/output/경기도중등영어과외/index.html,하위 페이지 더 보기
/경기도중등영어과외/,/화성중등영어과외/,화성중등영어과외,C:/Projects/studyhub/output/경기도중등영어과외/index.html,하위 페이지 더 보기
/경기도초등과외/,/권선구초등과외/,권선구초등과외,C:/Projects/studyhub/output/경기도초등과외/index.html,하위 페이지 더 보기
/경기도초등과외/,/기흥구초등과외/,기흥구초등과외,C:/Projects/studyhub/output/경기도초등과외/index.html,하위 페이지 더 보기
/경기도초등과외/,/김포초등과외/,김포초등과외,C:/Projects/studyhub/output/경기도초등과외/index.html,하위 페이지 더 보기
/경기도초등과외/,/남양주초등과외/,남양주초등과외,C:/Projects/studyhub/output/경기도초등과외/index.html,하위 페이지 더 보기
/경기도초등과외/,/단원구초등과외/,단원구초등과외,C:/Projects/studyhub/output/경기도초등과외/index.html,하위 페이지 더 보기
/경기도초등과외/,/덕양구초등과외/,덕양구초등과외,C:/Projects/studyhub/output/경기도초등과외/index.html,하위 페이지 더 보기
/경기도초등과외/,/동두천초등과외/,동두천초등과외,C:/Projects/studyhub/output/경기도초등과외/index.html,하위 페이지 더 보기
/경기도초등과외/,/부천초등과외/,부천초등과외,C:/Projects/studyhub/output/경기도초등과외/index.html,하위 페이지 더 보기
/경기도초등과외/,/분당구초등과외/,분당구초등과외,C:/Projects/studyhub/output/경기도초등과외/index.html,하위 페이지 더 보기
/경기도초등과외/,/상록구초등과외/,상록구초등과외,C:/Projects/studyhub/output/경기도초등과외/index.html,하위 페이지 더 보기
/경기도초등과외/,/성남초등과외/,성남초등과외,C:/Projects/studyhub/output/경기도초등과외/index.html,하위 페이지 더 보기
/경기도초등과외/,/소사구초등과외/,소사구초등과외,C:/Projects/studyhub/output/경기도초등과외/index.html,하위 페이지 더 보기
/경기도초등과외/,/수원초등과외/,수원초등과외,C:/Projects/studyhub/output/경기도초등과외/index.html,하위 페이지 더 보기
/경기도초등과외/,/수정구초등과외/,수정구초등과외,C:/Projects/studyhub/output/경기도초등과외/index.html,하위 페이지 더 보기
/경기도초등과외/,/수지구초등과외/,수지구초등과외,C:/Projects/studyhub/output/경기도초등과외/index.html,하위 페이지 더 보기
/경기도초등과외/,/시흥초등과외/,시흥초등과외,C:/Projects/studyhub/output/경기도초등과외/index.html,하위 페이지 더 보기
/경기도초등과외/,/안산초등과외/,안산초등과외,C:/Projects/studyhub/output/경기도초등과외/index.html,하위 페이지 더 보기
/경기도초등과외/,/안양초등과외/,안양초등과외,C:/Projects/studyhub/output/경기도초등과외/index.html,하위 페이지 더 보기
/경기도초등과외/,/양주초등과외/,양주초등과외,C:/Projects/studyhub/output/경기도초등과외/index.html,하위 페이지 더 보기
/경기도초등과외/,/영통구초등과외/,영통구초등과외,C:/Projects/studyhub/output/경기도초등과외/index.html,하위 페이지 더 보기
/경기도초등과외/,/오산초등과외/,오산초등과외,C:/Projects/studyhub/output/경기도초등과외/index.html,하위 페이지 더 보기
/경기도초등과외/,/오정구초등과외/,오정구초등과외,C:/Projects/studyhub/output/경기도초등과외/index.html,하위 페이지 더 보기
/경기도초등과외/,/용인초등과외/,용인초등과외,C:/Projects/studyhub/output/경기도초등과외/index.html,하위 페이지 더 보기
/경기도초등과외/,/원미구초등과외/,원미구초등과외,C:/Projects/studyhub/output/경기도초등과외/index.html,하위 페이지 더 보기
/경기도초등과외/,/의왕시초등과외/,의왕시초등과외,C:/Projects/studyhub/output/경기도초등과외/index.html,하위 페이지 더 보기
/경기도초등과외/,/이천초등과외/,이천초등과외,C:/Projects/studyhub/output/경기도초등과외/index.html,하위 페이지 더 보기
/경기도초등과외/,/일산동구초등과외/,일산동구초등과외,C:/Projects/studyhub/output/경기도초등과외/index.html,하위 페이지 더 보기
/경기도초등과외/,/일산동초등과외/,일산동초등과외,C:/Projects/studyhub/output/경기도초등과외/index.html,하위 페이지 더 보기
/경기도초등과외/,/일산서구초등과외/,일산서구초등과외,C:/Projects/studyhub/output/경기도초등과외/index.html,하위 페이지 더 보기
/경기도초등과외/,/일산초등과외/,일산초등과외,C:/Projects/studyhub/output/경기도초등과외/index.html,하위 페이지 더 보기
/경기도초등과외/,/장안구초등과외/,장안구초등과외,C:/Projects/studyhub/output/경기도초등과외/index.html,하위 페이지 더 보기
/경기도초등과외/,/중원구초등과외/,중원구초등과외,C:/Projects/studyhub/output/경기도초등과외/index.html,하위 페이지 더 보기
/경기도초등과외/,/처인구초등과외/,처인구초등과외,C:/Projects/studyhub/output/경기도초등과외/index.html,하위 페이지 더 보기
/경기도초등과외/,/파주초등과외/,파주초등과외,C:/Projects/studyhub/output/경기도초등과외/index.html,하위 페이지 더 보기
/경기도초등과외/,/팔달구초등과외/,팔달구초등과외,C:/Projects/studyhub/output/경기도초등과외/index.html,하위 페이지 더 보기
/경기도초등과외/,/평택초등과외/,평택초등과외,C:/Projects/studyhub/output/경기도초등과외/index.html,하위 페이지 더 보기
/경기도초등과외/,/포천초등과외/,포천초등과외,C:/Projects/studyhub/output/경기도초등과외/index.html,하위 페이지 더 보기
/경기도초등과외/,/하남초등과외/,하남초등과외,C:/Projects/studyhub/output/경기도초등과외/index.html,하위 페이지 더 보기
/경기도초등과외/,/화성초등과외/,화성초등과외,C:/Projects/studyhub/output/경기도초등과외/index.html,하위 페이지 더 보기
/경기도초등수학과외/,/권선구초등수학과외/,권선구초등수학과외,C:/Projects/studyhub/output/경기도초등수학과외/index.html,하위 페이지 더 보기
/경기도초등수학과외/,/기흥구초등수학과외/,기흥구초등수학과외,C:/Projects/studyhub/output/경기도초등수학과외/index.html,하위 페이지 더 보기
/경기도초등수학과외/,/김포초등수학과외/,김포초등수학과외,C:/Projects/studyhub/output/경기도초등수학과외/index.html,하위 페이지 더 보기
/경기도초등수학과외/,/남양주초등수학과외/,남양주초등수학과외,C:/Projects/studyhub/output/경기도초등수학과외/index.html,하위 페이지 더 보기
/경기도초등수학과외/,/단원구초등수학과외/,단원구초등수학과외,C:/Projects/studyhub/output/경기도초등수학과외/index.html,하위 페이지 더 보기
/경기도초등수학과외/,/덕양구초등수학과외/,덕양구초등수학과외,C:/Projects/studyhub/output/경기도초등수학과외/index.html,하위 페이지 더 보기
/경기도초등수학과외/,/동두천초등수학과외/,동두천초등수학과외,C:/Projects/studyhub/output/경기도초등수학과외/index.html,하위 페이지 더 보기
/경기도초등수학과외/,/부천초등수학과외/,부천초등수학과외,C:/Projects/studyhub/output/경기도초등수학과외/index.html,하위 페이지 더 보기
/경기도초등수학과외/,/분당구초등수학과외/,분당구초등수학과외,C:/Projects/studyhub/output/경기도초등수학과외/index.html,하위 페이지 더 보기
/경기도초등수학과외/,/상록구초등수학과외/,상록구초등수학과외,C:/Projects/studyhub/output/경기도초등수학과외/index.html,하위 페이지 더 보기
/경기도초등수학과외/,/성남초등수학과외/,성남초등수학과외,C:/Projects/studyhub/output/경기도초등수학과외/index.html,하위 페이지 더 보기
/경기도초등수학과외/,/소사구초등수학과외/,소사구초등수학과외,C:/Projects/studyhub/output/경기도초등수학과외/index.html,하위 페이지 더 보기
/경기도초등수학과외/,/수원초등수학과외/,수원초등수학과외,C:/Projects/studyhub/output/경기도초등수학과외/index.html,하위 페이지 더 보기
/경기도초등수학과외/,/수정구초등수학과외/,수정구초등수학과외,C:/Projects/studyhub/output/경기도초등수학과외/index.html,하위 페이지 더 보기
/경기도초등수학과외/,/수지구초등수학과외/,수지구초등수학과외,C:/Projects/studyhub/output/경기도초등수학과외/index.html,하위 페이지 더 보기
/경기도초등수학과외/,/시흥초등수학과외/,시흥초등수학과외,C:/Projects/studyhub/output/경기도초등수학과외/index.html,하위 페이지 더 보기
/경기도초등수학과외/,/안산초등수학과외/,안산초등수학과외,C:/Projects/studyhub/output/경기도초등수학과외/index.html,하위 페이지 더 보기
/경기도초등수학과외/,/안양초등수학과외/,안양초등수학과외,C:/Projects/studyhub/output/경기도초등수학과외/index.html,하위 페이지 더 보기
/경기도초등수학과외/,/양주초등수학과외/,양주초등수학과외,C:/Projects/studyhub/output/경기도초등수학과외/index.html,하위 페이지 더 보기
/경기도초등수학과외/,/영통구초등수학과외/,영통구초등수학과외,C:/Projects/studyhub/output/경기도초등수학과외/index.html,하위 페이지 더 보기
/경기도초등수학과외/,/오산초등수학과외/,오산초등수학과외,C:/Projects/studyhub/output/경기도초등수학과외/index.html,하위 페이지 더 보기
/경기도초등수학과외/,/오정구초등수학과외/,오정구초등수학과외,C:/Projects/studyhub/output/경기도초등수학과외/index.html,하위 페이지 더 보기
/경기도초등수학과외/,/용인초등수학과외/,용인초등수학과외,C:/Projects/studyhub/output/경기도초등수학과외/index.html,하위 페이지 더 보기
/경기도초등수학과외/,/원미구초등수학과외/,원미구초등수학과외,C:/Projects/studyhub/output/경기도초등수학과외/index.html,하위 페이지 더 보기
/경기도초등수학과외/,/의왕시초등수학과외/,의왕시초등수학과외,C:/Projects/studyhub/output/경기도초등수학과외/index.html,하위 페이지 더 보기
/경기도초등수학과외/,/이천초등수학과외/,이천초등수학과외,C:/Projects/studyhub/output/경기도초등수학과외/index.html,하위 페이지 더 보기
/경기도초등수학과외/,/일산동구초등수학과외/,일산동구초등수학과외,C:/Projects/studyhub/output/경기도초등수학과외/index.html,하위 페이지 더 보기
/경기도초등수학과외/,/일산동초등수학과외/,일산동초등수학과외,C:/Projects/studyhub/output/경기도초등수학과외/index.html,하위 페이지 더 보기
/경기도초등수학과외/,/일산서구초등수학과외/,일산서구초등수학과외,C:/Projects/studyhub/output/경기도초등수학과외/index.html,하위 페이지 더 보기
/경기도초등수학과외/,/일산초등수학과외/,일산초등수학과외,C:/Projects/studyhub/output/경기도초등수학과외/index.html,하위 페이지 더 보기
/경기도초등수학과외/,/장안구초등수학과외/,장안구초등수학과외,C:/Projects/studyhub/output/경기도초등수학과외/index.html,하위 페이지 더 보기
/경기도초등수학과외/,/중원구초등수학과외/,중원구초등수학과외,C:/Projects/studyhub/output/경기도초등수학과외/index.html,하위 페이지 더 보기
/경기도초등수학과외/,/처인구초등수학과외/,처인구초등수학과외,C:/Projects/studyhub/output/경기도초등수학과외/index.html,하위 페이지 더 보기
/경기도초등수학과외/,/파주초등수학과외/,파주초등수학과외,C:/Projects/studyhub/output/경기도초등수학과외/index.html,하위 페이지 더 보기
/경기도초등수학과외/,/팔달구초등수학과외/,팔달구초등수학과외,C:/Projects/studyhub/output/경기도초등수학과외/index.html,하위 페이지 더 보기
/경기도초등수학과외/,/평택초등수학과외/,평택초등수학과외,C:/Projects/studyhub/output/경기도초등수학과외/index.html,하위 페이지 더 보기
/경기도초등수학과외/,/포천초등수학과외/,포천초등수학과외,C:/Projects/studyhub/output/경기도초등수학과외/index.html,하위 페이지 더 보기
/경기도초등수학과외/,/하남초등수학과외/,하남초등수학과외,C:/Projects/studyhub/output/경기도초등수학과외/index.html,하위 페이지 더 보기
/경기도초등수학과외/,/화성초등수학과외/,화성초등수학과외,C:/Projects/studyhub/output/경기도초등수학과외/index.html,하위 페이지 더 보기
/경기도초등영어과외/,/권선구초등영어과외/,권선구초등영어과외,C:/Projects/studyhub/output/경기도초등영어과외/index.html,하위 페이지 더 보기
/경기도초등영어과외/,/기흥구초등영어과외/,기흥구초등영어과외,C:/Projects/studyhub/output/경기도초등영어과외/index.html,하위 페이지 더 보기
/경기도초등영어과외/,/김포초등영어과외/,김포초등영어과외,C:/Projects/studyhub/output/경기도초등영어과외/index.html,하위 페이지 더 보기
/경기도초등영어과외/,/남양주초등영어과외/,남양주초등영어과외,C:/Projects/studyhub/output/경기도초등영어과외/index.html,하위 페이지 더 보기
/경기도초등영어과외/,/단원구초등영어과외/,단원구초등영어과외,C:/Projects/studyhub/output/경기도초등영어과외/index.html,하위 페이지 더 보기
/경기도초등영어과외/,/덕양구초등영어과외/,덕양구초등영어과외,C:/Projects/studyhub/output/경기도초등영어과외/index.html,하위 페이지 더 보기
/경기도초등영어과외/,/동두천초등영어과외/,동두천초등영어과외,C:/Projects/studyhub/output/경기도초등영어과외/index.html,하위 페이지 더 보기
/경기도초등영어과외/,/부천초등영어과외/,부천초등영어과외,C:/Projects/studyhub/output/경기도초등영어과외/index.html,하위 페이지 더 보기
/경기도초등영어과외/,/분당구초등영어과외/,분당구초등영어과외,C:/Projects/studyhub/output/경기도초등영어과외/index.html,하위 페이지 더 보기
/경기도초등영어과외/,/상록구초등영어과외/,상록구초등영어과외,C:/Projects/studyhub/output/경기도초등영어과외/index.html,하위 페이지 더 보기
/경기도초등영어과외/,/성남초등영어과외/,성남초등영어과외,C:/Projects/studyhub/output/경기도초등영어과외/index.html,하위 페이지 더 보기
/경기도초등영어과외/,/소사구초등영어과외/,소사구초등영어과외,C:/Projects/studyhub/output/경기도초등영어과외/index.html,하위 페이지 더 보기
/경기도초등영어과외/,/수원초등영어과외/,수원초등영어과외,C:/Projects/studyhub/output/경기도초등영어과외/index.html,하위 페이지 더 보기
/경기도초등영어과외/,/수정구초등영어과외/,수정구초등영어과외,C:/Projects/studyhub/output/경기도초등영어과외/index.html,하위 페이지 더 보기
/경기도초등영어과외/,/수지구초등영어과외/,수지구초등영어과외,C:/Projects/studyhub/output/경기도초등영어과외/index.html,하위 페이지 더 보기
/경기도초등영어과외/,/시흥초등영어과외/,시흥초등영어과외,C:/Projects/studyhub/output/경기도초등영어과외/index.html,하위 페이지 더 보기
/경기도초등영어과외/,/안산초등영어과외/,안산초등영어과외,C:/Projects/studyhub/output/경기도초등영어과외/index.html,하위 페이지 더 보기
/경기도초등영어과외/,/안양초등영어과외/,안양초등영어과외,C:/Projects/studyhub/output/경기도초등영어과외/index.html,하위 페이지 더 보기
/경기도초등영어과외/,/양주초등영어과외/,양주초등영어과외,C:/Projects/studyhub/output/경기도초등영어과외/index.html,하위 페이지 더 보기
/경기도초등영어과외/,/영통구초등영어과외/,영통구초등영어과외,C:/Projects/studyhub/output/경기도초등영어과외/index.html,하위 페이지 더 보기
/경기도초등영어과외/,/오산초등영어과외/,오산초등영어과외,C:/Projects/studyhub/output/경기도초등영어과외/index.html,하위 페이지 더 보기
/경기도초등영어과외/,/오정구초등영어과외/,오정구초등영어과외,C:/Projects/studyhub/output/경기도초등영어과외/index.html,하위 페이지 더 보기
/경기도초등영어과외/,/용인초등영어과외/,용인초등영어과외,C:/Projects/studyhub/output/경기도초등영어과외/index.html,하위 페이지 더 보기
/경기도초등영어과외/,/원미구초등영어과외/,원미구초등영어과외,C:/Projects/studyhub/output/경기도초등영어과외/index.html,하위 페이지 더 보기
/경기도초등영어과외/,/의왕시초등영어과외/,의왕시초등영어과외,C:/Projects/studyhub/output/경기도초등영어과외/index.html,하위 페이지 더 보기
/경기도초등영어과외/,/이천초등영어과외/,이천초등영어과외,C:/Projects/studyhub/output/경기도초등영어과외/index.html,하위 페이지 더 보기
/경기도초등영어과외/,/일산동구초등영어과외/,일산동구초등영어과외,C:/Projects/studyhub/output/경기도초등영어과외/index.html,하위 페이지 더 보기
/경기도초등영어과외/,/일산동초등영어과외/,일산동초등영어과외,C:/Projects/studyhub/output/경기도초등영어과외/index.html,하위 페이지 더 보기
/경기도초등영어과외/,/일산서구초등영어과외/,일산서구초등영어과외,C:/Projects/studyhub/output/경기도초등영어과외/index.html,하위 페이지 더 보기
/경기도초등영어과외/,/일산초등영어과외/,일산초등영어과외,C:/Projects/studyhub/output/경기도초등영어과외/index.html,하위 페이지 더 보기
/경기도초등영어과외/,/장안구초등영어과외/,장안구초등영어과외,C:/Projects/studyhub/output/경기도초등영어과외/index.html,하위 페이지 더 보기
/경기도초등영어과외/,/중원구초등영어과외/,중원구초등영어과외,C:/Projects/studyhub/output/경기도초등영어과외/index.html,하위 페이지 더 보기
/경기도초등영어과외/,/처인구초등영어과외/,처인구초등영어과외,C:/Projects/studyhub/output/경기도초등영어과외/index.html,하위 페이지 더 보기
/경기도초등영어과외/,/파주초등영어과외/,파주초등영어과외,C:/Projects/studyhub/output/경기도초등영어과외/index.html,하위 페이지 더 보기
/경기도초등영어과외/,/팔달구초등영어과외/,팔달구초등영어과외,C:/Projects/studyhub/output/경기도초등영어과외/index.html,하위 페이지 더 보기
/경기도초등영어과외/,/평택초등영어과외/,평택초등영어과외,C:/Projects/studyhub/output/경기도초등영어과외/index.html,하위 페이지 더 보기
/경기도초등영어과외/,/포천초등영어과외/,포천초등영어과외,C:/Projects/studyhub/output/경기도초등영어과외/index.html,하위 페이지 더 보기
/경기도초등영어과외/,/하남초등영어과외/,하남초등영어과외,C:/Projects/studyhub/output/경기도초등영어과외/index.html,하위 페이지 더 보기
/경기도초등영어과외/,/화성초등영어과외/,화성초등영어과외,C:/Projects/studyhub/output/경기도초등영어과외/index.html,하위 페이지 더 보기
/경산고등과외/,/정평동고등과외/,정평동고등과외,C:/Projects/studyhub/output/경산고등과외/index.html,하위 페이지 더 보기
/경산고등과외/,/중방동고등과외/,중방동고등과외,C:/Projects/studyhub/output/경산고등과외/index.html,하위 페이지 더 보기
/경산고등수학과외/,/정평동고등수학과외/,정평동고등수학과외,C:/Projects/studyhub/output/경산고등수학과외/index.html,하위 페이지 더 보기
/경산고등수학과외/,/중방동고등수학과외/,중방동고등수학과외,C:/Projects/studyhub/output/경산고등수학과외/index.html,하위 페이지 더 보기
/경산고등영어과외/,/정평동고등영어과외/,정평동고등영어과외,C:/Projects/studyhub/output/경산고등영어과외/index.html,하위 페이지 더 보기
/경산고등영어과외/,/중방동고등영어과외/,중방동고등영어과외,C:/Projects/studyhub/output/경산고등영어과외/index.html,하위 페이지 더 보기
/경산과외/,/정평동과외/,정평동과외,C:/Projects/studyhub/output/경산과외/index.html,하위 페이지 더 보기
/경산과외/,/중방동과외/,중방동과외,C:/Projects/studyhub/output/경산과외/index.html,하위 페이지 더 보기
/경산수학과외/,/정평동수학과외/,정평동수학과외,C:/Projects/studyhub/output/경산수학과외/index.html,하위 페이지 더 보기
/경산수학과외/,/중방동수학과외/,중방동수학과외,C:/Projects/studyhub/output/경산수학과외/index.html,하위 페이지 더 보기
/경산영어과외/,/정평동영어과외/,정평동영어과외,C:/Projects/studyhub/output/경산영어과외/index.html,하위 페이지 더 보기
/경산영어과외/,/중방동영어과외/,중방동영어과외,C:/Projects/studyhub/output/경산영어과외/index.html,하위 페이지 더 보기
/경산중등과외/,/정평동중등과외/,정평동중등과외,C:/Projects/studyhub/output/경산중등과외/index.html,하위 페이지 더 보기
/경산중등과외/,/중방동중등과외/,중방동중등과외,C:/Projects/studyhub/output/경산중등과외/index.html,하위 페이지 더 보기
/경산중등수학과외/,/정평동중등수학과외/,정평동중등수학과외,C:/Projects/studyhub/output/경산중등수학과외/index.html,하위 페이지 더 보기
/경산중등수학과외/,/중방동중등수학과외/,중방동중등수학과외,C:/Projects/studyhub/output/경산중등수학과외/index.html,하위 페이지 더 보기
/경산중등영어과외/,/정평동중등영어과외/,정평동중등영어과외,C:/Projects/studyhub/output/경산중등영어과외/index.html,하위 페이지 더 보기
/경산중등영어과외/,/중방동중등영어과외/,중방동중등영어과외,C:/Projects/studyhub/output/경산중등영어과외/index.html,하위 페이지 더 보기
/경산초등과외/,/정평동초등과외/,정평동초등과외,C:/Projects/studyhub/output/경산초등과외/index.html,하위 페이지 더 보기
/경산초등과외/,/중방동초등과외/,중방동초등과외,C:/Projects/studyhub/output/경산초등과외/index.html,하위 페이지 더 보기
/경산초등수학과외/,/정평동초등수학과외/,정평동초등수학과외,C:/Projects/studyhub/output/경산초등수학과외/index.html,하위 페이지 더 보기
/경산초등수학과외/,/중방동초등수학과외/,중방동초등수학과외,C:/Projects/studyhub/output/경산초등수학과외/index.html,하위 페이지 더 보기
/경산초등영어과외/,/정평동초등영어과외/,정평동초등영어과외,C:/Projects/studyhub/output/경산초등영어과외/index.html,하위 페이지 더 보기
/경산초등영어과외/,/중방동초등영어과외/,중방동초등영어과외,C:/Projects/studyhub/output/경산초등영어과외/index.html,하위 페이지 더 보기
/고등과외/,/강원고등과외/,강원고등과외,C:/Projects/studyhub/output/고등과외/index.html,하위 페이지 더 보기
/고등과외/,/경북고등과외/,경북고등과외,C:/Projects/studyhub/output/고등과외/index.html,하위 페이지 더 보기
/고등과외/,/광주고등과외/,광주고등과외,C:/Projects/studyhub/output/고등과외/index.html,하위 페이지 더 보기
/고등과외/,/대구고등과외/,대구고등과외,C:/Projects/studyhub/output/고등과외/index.html,하위 페이지 더 보기
/고등과외/,/대전고등과외/,대전고등과외,C:/Projects/studyhub/output/고등과외/index.html,하위 페이지 더 보기
/고등과외/,/세종고등과외/,세종고등과외,C:/Projects/studyhub/output/고등과외/index.html,하위 페이지 더 보기
/고등과외/,/울산고등과외/,울산고등과외,C:/Projects/studyhub/output/고등과외/index.html,하위 페이지 더 보기
/고등과외/,/전북고등과외/,전북고등과외,C:/Projects/studyhub/output/고등과외/index.html,하위 페이지 더 보기
/고등과외/,/충남고등과외/,충남고등과외,C:/Projects/studyhub/output/고등과외/index.html,하위 페이지 더 보기
/고등과외/,/충북고등과외/,충북고등과외,C:/Projects/studyhub/output/고등과외/index.html,하위 페이지 더 보기
/고등수학과외/,/강원고등수학과외/,강원고등수학과외,C:/Projects/studyhub/output/고등수학과외/index.html,하위 페이지 더 보기
/고등수학과외/,/경기도고등수학과외/,경기도고등수학과외,C:/Projects/studyhub/output/고등수학과외/index.html,하위 페이지 더 보기
/고등수학과외/,/경북고등수학과외/,경북고등수학과외,C:/Projects/studyhub/output/고등수학과외/index.html,하위 페이지 더 보기
/고등수학과외/,/광주고등수학과외/,광주고등수학과외,C:/Projects/studyhub/output/고등수학과외/index.html,하위 페이지 더 보기
/고등수학과외/,/대전고등수학과외/,대전고등수학과외,C:/Projects/studyhub/output/고등수학과외/index.html,하위 페이지 더 보기
/고등수학과외/,/세종고등수학과외/,세종고등수학과외,C:/Projects/studyhub/output/고등수학과외/index.html,하위 페이지 더 보기
/고등수학과외/,/울산고등수학과외/,울산고등수학과외,C:/Projects/studyhub/output/고등수학과외/index.html,하위 페이지 더 보기
/고등수학과외/,/전북고등수학과외/,전북고등수학과외,C:/Projects/studyhub/output/고등수학과외/index.html,하위 페이지 더 보기
/고등수학과외/,/충남고등수학과외/,충남고등수학과외,C:/Projects/studyhub/output/고등수학과외/index.html,하위 페이지 더 보기
/고등수학과외/,/충북고등수학과외/,충북고등수학과외,C:/Projects/studyhub/output/고등수학과외/index.html,하위 페이지 더 보기
/고등영어과외/,/강원고등영어과외/,강원고등영어과외,C:/Projects/studyhub/output/고등영어과외/index.html,하위 페이지 더 보기
/고등영어과외/,/경기도고등영어과외/,경기도고등영어과외,C:/Projects/studyhub/output/고등영어과외/index.html,하위 페이지 더 보기
/고등영어과외/,/경북고등영어과외/,경북고등영어과외,C:/Projects/studyhub/output/고등영어과외/index.html,하위 페이지 더 보기
/고등영어과외/,/광주고등영어과외/,광주고등영어과외,C:/Projects/studyhub/output/고등영어과외/index.html,하위 페이지 더 보기
/고등영어과외/,/대전고등영어과외/,대전고등영어과외,C:/Projects/studyhub/output/고등영어과외/index.html,하위 페이지 더 보기
/고등영어과외/,/세종고등영어과외/,세종고등영어과외,C:/Projects/studyhub/output/고등영어과외/index.html,하위 페이지 더 보기
/고등영어과외/,/울산고등영어과외/,울산고등영어과외,C:/Projects/studyhub/output/고등영어과외/index.html,하위 페이지 더 보기
/고등영어과외/,/전북고등영어과외/,전북고등영어과외,C:/Projects/studyhub/output/고등영어과외/index.html,하위 페이지 더 보기
/고등영어과외/,/충남고등영어과외/,충남고등영어과외,C:/Projects/studyhub/output/고등영어과외/index.html,하위 페이지 더 보기
/고등영어과외/,/충북고등영어과외/,충북고등영어과외,C:/Projects/studyhub/output/고등영어과외/index.html,하위 페이지 더 보기
/광산구고등과외/,/선암동고등과외/,선암동고등과외,C:/Projects/studyhub/output/광산구고등과외/index.html,하위 페이지 더 보기
/광산구고등과외/,/소촌동고등과외/,소촌동고등과외,C:/Projects/studyhub/output/광산구고등과외/index.html,하위 페이지 더 보기
/광산구고등과외/,/수완동고등과외/,수완동고등과외,C:/Projects/studyhub/output/광산구고등과외/index.html,하위 페이지 더 보기
/광산구고등과외/,/신가동고등과외/,신가동고등과외,C:/Projects/studyhub/output/광산구고등과외/index.html,하위 페이지 더 보기
/광산구고등과외/,/쌍암동고등과외/,쌍암동고등과외,C:/Projects/studyhub/output/광산구고등과외/index.html,하위 페이지 더 보기
/광산구고등과외/,/장덕동고등과외/,장덕동고등과외,C:/Projects/studyhub/output/광산구고등과외/index.html,하위 페이지 더 보기
/광산구고등수학과외/,/선암동고등수학과외/,선암동고등수학과외,C:/Projects/studyhub/output/광산구고등수학과외/index.html,하위 페이지 더 보기
/광산구고등수학과외/,/소촌동고등수학과외/,소촌동고등수학과외,C:/Projects/studyhub/output/광산구고등수학과외/index.html,하위 페이지 더 보기
/광산구고등수학과외/,/수완동고등수학과외/,수완동고등수학과외,C:/Projects/studyhub/output/광산구고등수학과외/index.html,하위 페이지 더 보기
/광산구고등수학과외/,/신가동고등수학과외/,신가동고등수학과외,C:/Projects/studyhub/output/광산구고등수학과외/index.html,하위 페이지 더 보기
/광산구고등수학과외/,/쌍암동고등수학과외/,쌍암동고등수학과외,C:/Projects/studyhub/output/광산구고등수학과외/index.html,하위 페이지 더 보기
/광산구고등수학과외/,/장덕동고등수학과외/,장덕동고등수학과외,C:/Projects/studyhub/output/광산구고등수학과외/index.html,하위 페이지 더 보기
/광산구고등영어과외/,/선암동고등영어과외/,선암동고등영어과외,C:/Projects/studyhub/output/광산구고등영어과외/index.html,하위 페이지 더 보기
/광산구고등영어과외/,/소촌동고등영어과외/,소촌동고등영어과외,C:/Projects/studyhub/output/광산구고등영어과외/index.html,하위 페이지 더 보기
/광산구고등영어과외/,/수완동고등영어과외/,수완동고등영어과외,C:/Projects/studyhub/output/광산구고등영어과외/index.html,하위 페이지 더 보기
/광산구고등영어과외/,/신가동고등영어과외/,신가동고등영어과외,C:/Projects/studyhub/output/광산구고등영어과외/index.html,하위 페이지 더 보기
/광산구고등영어과외/,/쌍암동고등영어과외/,쌍암동고등영어과외,C:/Projects/studyhub/output/광산구고등영어과외/index.html,하위 페이지 더 보기
/광산구고등영어과외/,/장덕동고등영어과외/,장덕동고등영어과외,C:/Projects/studyhub/output/광산구고등영어과외/index.html,하위 페이지 더 보기
/광산구과외/,/선암동과외/,선암동과외,C:/Projects/studyhub/output/광산구과외/index.html,하위 페이지 더 보기
/광산구과외/,/소촌동과외/,소촌동과외,C:/Projects/studyhub/output/광산구과외/index.html,하위 페이지 더 보기
/광산구과외/,/수완동과외/,수완동과외,C:/Projects/studyhub/output/광산구과외/index.html,하위 페이지 더 보기
/광산구과외/,/신가동과외/,신가동과외,C:/Projects/studyhub/output/광산구과외/index.html,하위 페이지 더 보기
/광산구과외/,/쌍암동과외/,쌍암동과외,C:/Projects/studyhub/output/광산구과외/index.html,하위 페이지 더 보기
/광산구과외/,/장덕동과외/,장덕동과외,C:/Projects/studyhub/output/광산구과외/index.html,하위 페이지 더 보기
/광산구수학과외/,/선암동수학과외/,선암동수학과외,C:/Projects/studyhub/output/광산구수학과외/index.html,하위 페이지 더 보기
/광산구수학과외/,/소촌동수학과외/,소촌동수학과외,C:/Projects/studyhub/output/광산구수학과외/index.html,하위 페이지 더 보기
/광산구수학과외/,/수완동수학과외/,수완동수학과외,C:/Projects/studyhub/output/광산구수학과외/index.html,하위 페이지 더 보기
/광산구수학과외/,/신가동수학과외/,신가동수학과외,C:/Projects/studyhub/output/광산구수학과외/index.html,하위 페이지 더 보기
/광산구수학과외/,/쌍암동수학과외/,쌍암동수학과외,C:/Projects/studyhub/output/광산구수학과외/index.html,하위 페이지 더 보기
/광산구수학과외/,/장덕동수학과외/,장덕동수학과외,C:/Projects/studyhub/output/광산구수학과외/index.html,하위 페이지 더 보기
/광산구영어과외/,/선암동영어과외/,선암동영어과외,C:/Projects/studyhub/output/광산구영어과외/index.html,하위 페이지 더 보기
/광산구영어과외/,/소촌동영어과외/,소촌동영어과외,C:/Projects/studyhub/output/광산구영어과외/index.html,하위 페이지 더 보기
/광산구영어과외/,/수완동영어과외/,수완동영어과외,C:/Projects/studyhub/output/광산구영어과외/index.html,하위 페이지 더 보기
/광산구영어과외/,/신가동영어과외/,신가동영어과외,C:/Projects/studyhub/output/광산구영어과외/index.html,하위 페이지 더 보기
/광산구영어과외/,/쌍암동영어과외/,쌍암동영어과외,C:/Projects/studyhub/output/광산구영어과외/index.html,하위 페이지 더 보기
/광산구영어과외/,/장덕동영어과외/,장덕동영어과외,C:/Projects/studyhub/output/광산구영어과외/index.html,하위 페이지 더 보기
/광산구중등과외/,/선암동중등과외/,선암동중등과외,C:/Projects/studyhub/output/광산구중등과외/index.html,하위 페이지 더 보기
/광산구중등과외/,/소촌동중등과외/,소촌동중등과외,C:/Projects/studyhub/output/광산구중등과외/index.html,하위 페이지 더 보기
/광산구중등과외/,/수완동중등과외/,수완동중등과외,C:/Projects/studyhub/output/광산구중등과외/index.html,하위 페이지 더 보기
/광산구중등과외/,/신가동중등과외/,신가동중등과외,C:/Projects/studyhub/output/광산구중등과외/index.html,하위 페이지 더 보기
/광산구중등과외/,/쌍암동중등과외/,쌍암동중등과외,C:/Projects/studyhub/output/광산구중등과외/index.html,하위 페이지 더 보기
/광산구중등과외/,/장덕동중등과외/,장덕동중등과외,C:/Projects/studyhub/output/광산구중등과외/index.html,하위 페이지 더 보기
/광산구중등수학과외/,/선암동중등수학과외/,선암동중등수학과외,C:/Projects/studyhub/output/광산구중등수학과외/index.html,하위 페이지 더 보기
/광산구중등수학과외/,/소촌동중등수학과외/,소촌동중등수학과외,C:/Projects/studyhub/output/광산구중등수학과외/index.html,하위 페이지 더 보기
/광산구중등수학과외/,/수완동중등수학과외/,수완동중등수학과외,C:/Projects/studyhub/output/광산구중등수학과외/index.html,하위 페이지 더 보기
/광산구중등수학과외/,/신가동중등수학과외/,신가동중등수학과외,C:/Projects/studyhub/output/광산구중등수학과외/index.html,하위 페이지 더 보기
/광산구중등수학과외/,/쌍암동중등수학과외/,쌍암동중등수학과외,C:/Projects/studyhub/output/광산구중등수학과외/index.html,하위 페이지 더 보기
/광산구중등수학과외/,/장덕동중등수학과외/,장덕동중등수학과외,C:/Projects/studyhub/output/광산구중등수학과외/index.html,하위 페이지 더 보기
/광산구중등영어과외/,/선암동중등영어과외/,선암동중등영어과외,C:/Projects/studyhub/output/광산구중등영어과외/index.html,하위 페이지 더 보기
/광산구중등영어과외/,/소촌동중등영어과외/,소촌동중등영어과외,C:/Projects/studyhub/output/광산구중등영어과외/index.html,하위 페이지 더 보기
/광산구중등영어과외/,/수완동중등영어과외/,수완동중등영어과외,C:/Projects/studyhub/output/광산구중등영어과외/index.html,하위 페이지 더 보기
/광산구중등영어과외/,/신가동중등영어과외/,신가동중등영어과외,C:/Projects/studyhub/output/광산구중등영어과외/index.html,하위 페이지 더 보기
/광산구중등영어과외/,/쌍암동중등영어과외/,쌍암동중등영어과외,C:/Projects/studyhub/output/광산구중등영어과외/index.html,하위 페이지 더 보기
/광산구중등영어과외/,/장덕동중등영어과외/,장덕동중등영어과외,C:/Projects/studyhub/output/광산구중등영어과외/index.html,하위 페이지 더 보기
/광산구초등과외/,/선암동초등과외/,선암동초등과외,C:/Projects/studyhub/output/광산구초등과외/index.html,하위 페이지 더 보기
/광산구초등과외/,/소촌동초등과외/,소촌동초등과외,C:/Projects/studyhub/output/광산구초등과외/index.html,하위 페이지 더 보기
/광산구초등과외/,/수완동초등과외/,수완동초등과외,C:/Projects/studyhub/output/광산구초등과외/index.html,하위 페이지 더 보기
/광산구초등과외/,/신가동초등과외/,신가동초등과외,C:/Projects/studyhub/output/광산구초등과외/index.html,하위 페이지 더 보기
/광산구초등과외/,/쌍암동초등과외/,쌍암동초등과외,C:/Projects/studyhub/output/광산구초등과외/index.html,하위 페이지 더 보기
/광산구초등과외/,/장덕동초등과외/,장덕동초등과외,C:/Projects/studyhub/output/광산구초등과외/index.html,하위 페이지 더 보기
/광산구초등수학과외/,/선암동초등수학과외/,선암동초등수학과외,C:/Projects/studyhub/output/광산구초등수학과외/index.html,하위 페이지 더 보기
/광산구초등수학과외/,/소촌동초등수학과외/,소촌동초등수학과외,C:/Projects/studyhub/output/광산구초등수학과외/index.html,하위 페이지 더 보기
/광산구초등수학과외/,/수완동초등수학과외/,수완동초등수학과외,C:/Projects/studyhub/output/광산구초등수학과외/index.html,하위 페이지 더 보기
/광산구초등수학과외/,/신가동초등수학과외/,신가동초등수학과외,C:/Projects/studyhub/output/광산구초등수학과외/index.html,하위 페이지 더 보기
/광산구초등수학과외/,/쌍암동초등수학과외/,쌍암동초등수학과외,C:/Projects/studyhub/output/광산구초등수학과외/index.html,하위 페이지 더 보기
/광산구초등수학과외/,/장덕동초등수학과외/,장덕동초등수학과외,C:/Projects/studyhub/output/광산구초등수학과외/index.html,하위 페이지 더 보기
/광산구초등영어과외/,/선암동초등영어과외/,선암동초등영어과외,C:/Projects/studyhub/output/광산구초등영어과외/index.html,하위 페이지 더 보기
/광산구초등영어과외/,/소촌동초등영어과외/,소촌동초등영어과외,C:/Projects/studyhub/output/광산구초등영어과외/index.html,하위 페이지 더 보기
/광산구초등영어과외/,/수완동초등영어과외/,수완동초등영어과외,C:/Projects/studyhub/output/광산구초등영어과외/index.html,하위 페이지 더 보기
/광산구초등영어과외/,/신가동초등영어과외/,신가동초등영어과외,C:/Projects/studyhub/output/광산구초등영어과외/index.html,하위 페이지 더 보기
/광산구초등영어과외/,/쌍암동초등영어과외/,쌍암동초등영어과외,C:/Projects/studyhub/output/광산구초등영어과외/index.html,하위 페이지 더 보기
/광산구초등영어과외/,/장덕동초등영어과외/,장덕동초등영어과외,C:/Projects/studyhub/output/광산구초등영어과외/index.html,하위 페이지 더 보기
/광주고등과외/,/상무지구고등과외/,상무지구고등과외,C:/Projects/studyhub/output/광주고등과외/index.html,하위 페이지 더 보기
/광주고등과외/,/첨단지구고등과외/,첨단지구고등과외,C:/Projects/studyhub/output/광주고등과외/index.html,하위 페이지 더 보기
/광주고등수학과외/,/상무지구고등수학과외/,상무지구고등수학과외,C:/Projects/studyhub/output/광주고등수학과외/index.html,하위 페이지 더 보기
/광주고등수학과외/,/첨단지구고등수학과외/,첨단지구고등수학과외,C:/Projects/studyhub/output/광주고등수학과외/index.html,하위 페이지 더 보기
/광주고등영어과외/,/상무지구고등영어과외/,상무지구고등영어과외,C:/Projects/studyhub/output/광주고등영어과외/index.html,하위 페이지 더 보기
/광주고등영어과외/,/첨단지구고등영어과외/,첨단지구고등영어과외,C:/Projects/studyhub/output/광주고등영어과외/index.html,하위 페이지 더 보기
/광주과외/,/상무지구과외/,상무지구과외,C:/Projects/studyhub/output/광주과외/index.html,하위 페이지 더 보기
/광주과외/,/첨단지구과외/,첨단지구과외,C:/Projects/studyhub/output/광주과외/index.html,하위 페이지 더 보기
/광주남구고등과외/,/주월동고등과외/,주월동고등과외,C:/Projects/studyhub/output/광주남구고등과외/index.html,하위 페이지 더 보기
/광주남구고등과외/,/진월동고등과외/,진월동고등과외,C:/Projects/studyhub/output/광주남구고등과외/index.html,하위 페이지 더 보기
/광주남구고등수학과외/,/주월동고등수학과외/,주월동고등수학과외,C:/Projects/studyhub/output/광주남구고등수학과외/index.html,하위 페이지 더 보기
/광주남구고등수학과외/,/진월동고등수학과외/,진월동고등수학과외,C:/Projects/studyhub/output/광주남구고등수학과외/index.html,하위 페이지 더 보기
/광주남구고등영어과외/,/주월동고등영어과외/,주월동고등영어과외,C:/Projects/studyhub/output/광주남구고등영어과외/index.html,하위 페이지 더 보기
/광주남구고등영어과외/,/진월동고등영어과외/,진월동고등영어과외,C:/Projects/studyhub/output/광주남구고등영어과외/index.html,하위 페이지 더 보기
/광주남구과외/,/주월동과외/,주월동과외,C:/Projects/studyhub/output/광주남구과외/index.html,하위 페이지 더 보기
/광주남구과외/,/진월동과외/,진월동과외,C:/Projects/studyhub/output/광주남구과외/index.html,하위 페이지 더 보기
/광주남구수학과외/,/주월동수학과외/,주월동수학과외,C:/Projects/studyhub/output/광주남구수학과외/index.html,하위 페이지 더 보기
/광주남구수학과외/,/진월동수학과외/,진월동수학과외,C:/Projects/studyhub/output/광주남구수학과외/index.html,하위 페이지 더 보기
/광주남구영어과외/,/주월동영어과외/,주월동영어과외,C:/Projects/studyhub/output/광주남구영어과외/index.html,하위 페이지 더 보기
/광주남구영어과외/,/진월동영어과외/,진월동영어과외,C:/Projects/studyhub/output/광주남구영어과외/index.html,하위 페이지 더 보기
/광주남구중등과외/,/주월동중등과외/,주월동중등과외,C:/Projects/studyhub/output/광주남구중등과외/index.html,하위 페이지 더 보기
/광주남구중등과외/,/진월동중등과외/,진월동중등과외,C:/Projects/studyhub/output/광주남구중등과외/index.html,하위 페이지 더 보기
/광주남구중등수학과외/,/주월동중등수학과외/,주월동중등수학과외,C:/Projects/studyhub/output/광주남구중등수학과외/index.html,하위 페이지 더 보기
/광주남구중등수학과외/,/진월동중등수학과외/,진월동중등수학과외,C:/Projects/studyhub/output/광주남구중등수학과외/index.html,하위 페이지 더 보기
/광주남구중등영어과외/,/주월동중등영어과외/,주월동중등영어과외,C:/Projects/studyhub/output/광주남구중등영어과외/index.html,하위 페이지 더 보기
/광주남구중등영어과외/,/진월동중등영어과외/,진월동중등영어과외,C:/Projects/studyhub/output/광주남구중등영어과외/index.html,하위 페이지 더 보기
/광주남구초등과외/,/주월동초등과외/,주월동초등과외,C:/Projects/studyhub/output/광주남구초등과외/index.html,하위 페이지 더 보기
/광주남구초등과외/,/진월동초등과외/,진월동초등과외,C:/Projects/studyhub/output/광주남구초등과외/index.html,하위 페이지 더 보기
/광주남구초등수학과외/,/주월동초등수학과외/,주월동초등수학과외,C:/Projects/studyhub/output/광주남구초등수학과외/index.html,하위 페이지 더 보기
/광주남구초등수학과외/,/진월동초등수학과외/,진월동초등수학과외,C:/Projects/studyhub/output/광주남구초등수학과외/index.html,하위 페이지 더 보기
/광주남구초등영어과외/,/주월동초등영어과외/,주월동초등영어과외,C:/Projects/studyhub/output/광주남구초등영어과외/index.html,하위 페이지 더 보기
/광주남구초등영어과외/,/진월동초등영어과외/,진월동초등영어과외,C:/Projects/studyhub/output/광주남구초등영어과외/index.html,하위 페이지 더 보기
/광주북구고등과외/,/신용동고등과외/,신용동고등과외,C:/Projects/studyhub/output/광주북구고등과외/index.html,하위 페이지 더 보기
/광주북구고등과외/,/양산동고등과외/,양산동고등과외,C:/Projects/studyhub/output/광주북구고등과외/index.html,하위 페이지 더 보기
/광주북구고등과외/,/연제동고등과외/,연제동고등과외,C:/Projects/studyhub/output/광주북구고등과외/index.html,하위 페이지 더 보기
/광주북구고등과외/,/오치동고등과외/,오치동고등과외,C:/Projects/studyhub/output/광주북구고등과외/index.html,하위 페이지 더 보기
/광주북구고등과외/,/용봉동고등과외/,용봉동고등과외,C:/Projects/studyhub/output/광주북구고등과외/index.html,하위 페이지 더 보기
/광주북구고등과외/,/우산동고등과외/,우산동고등과외,C:/Projects/studyhub/output/광주북구고등과외/index.html,하위 페이지 더 보기
/광주북구고등과외/,/운암동고등과외/,운암동고등과외,C:/Projects/studyhub/output/광주북구고등과외/index.html,하위 페이지 더 보기
/광주북구고등과외/,/일곡동고등과외/,일곡동고등과외,C:/Projects/studyhub/output/광주북구고등과외/index.html,하위 페이지 더 보기
/광주북구고등수학과외/,/신용동고등수학과외/,신용동고등수학과외,C:/Projects/studyhub/output/광주북구고등수학과외/index.html,하위 페이지 더 보기
/광주북구고등수학과외/,/양산동고등수학과외/,양산동고등수학과외,C:/Projects/studyhub/output/광주북구고등수학과외/index.html,하위 페이지 더 보기
/광주북구고등수학과외/,/연제동고등수학과외/,연제동고등수학과외,C:/Projects/studyhub/output/광주북구고등수학과외/index.html,하위 페이지 더 보기
/광주북구고등수학과외/,/오치동고등수학과외/,오치동고등수학과외,C:/Projects/studyhub/output/광주북구고등수학과외/index.html,하위 페이지 더 보기
/광주북구고등수학과외/,/용봉동고등수학과외/,용봉동고등수학과외,C:/Projects/studyhub/output/광주북구고등수학과외/index.html,하위 페이지 더 보기
/광주북구고등수학과외/,/우산동고등수학과외/,우산동고등수학과외,C:/Projects/studyhub/output/광주북구고등수학과외/index.html,하위 페이지 더 보기
/광주북구고등수학과외/,/운암동고등수학과외/,운암동고등수학과외,C:/Projects/studyhub/output/광주북구고등수학과외/index.html,하위 페이지 더 보기
/광주북구고등수학과외/,/일곡동고등수학과외/,일곡동고등수학과외,C:/Projects/studyhub/output/광주북구고등수학과외/index.html,하위 페이지 더 보기
/광주북구고등영어과외/,/신용동고등영어과외/,신용동고등영어과외,C:/Projects/studyhub/output/광주북구고등영어과외/index.html,하위 페이지 더 보기
/광주북구고등영어과외/,/양산동고등영어과외/,양산동고등영어과외,C:/Projects/studyhub/output/광주북구고등영어과외/index.html,하위 페이지 더 보기
/광주북구고등영어과외/,/연제동고등영어과외/,연제동고등영어과외,C:/Projects/studyhub/output/광주북구고등영어과외/index.html,하위 페이지 더 보기
/광주북구고등영어과외/,/오치동고등영어과외/,오치동고등영어과외,C:/Projects/studyhub/output/광주북구고등영어과외/index.html,하위 페이지 더 보기
/광주북구고등영어과외/,/용봉동고등영어과외/,용봉동고등영어과외,C:/Projects/studyhub/output/광주북구고등영어과외/index.html,하위 페이지 더 보기
/광주북구고등영어과외/,/우산동고등영어과외/,우산동고등영어과외,C:/Projects/studyhub/output/광주북구고등영어과외/index.html,하위 페이지 더 보기
/광주북구고등영어과외/,/운암동고등영어과외/,운암동고등영어과외,C:/Projects/studyhub/output/광주북구고등영어과외/index.html,하위 페이지 더 보기
/광주북구고등영어과외/,/일곡동고등영어과외/,일곡동고등영어과외,C:/Projects/studyhub/output/광주북구고등영어과외/index.html,하위 페이지 더 보기
/광주북구과외/,/신용동과외/,신용동과외,C:/Projects/studyhub/output/광주북구과외/index.html,하위 페이지 더 보기
/광주북구과외/,/양산동과외/,양산동과외,C:/Projects/studyhub/output/광주북구과외/index.html,하위 페이지 더 보기
/광주북구과외/,/연제동과외/,연제동과외,C:/Projects/studyhub/output/광주북구과외/index.html,하위 페이지 더 보기
/광주북구과외/,/오치동과외/,오치동과외,C:/Projects/studyhub/output/광주북구과외/index.html,하위 페이지 더 보기
/광주북구과외/,/광주과외/북구과외/용봉동과외/,용봉동과외,C:/Projects/studyhub/output/광주북구과외/index.html,하위 페이지 더 보기
/광주북구과외/,/우산동과외/,우산동과외,C:/Projects/studyhub/output/광주북구과외/index.html,하위 페이지 더 보기
/광주북구과외/,/운암동과외/,운암동과외,C:/Projects/studyhub/output/광주북구과외/index.html,하위 페이지 더 보기
/광주북구과외/,/일곡동과외/,일곡동과외,C:/Projects/studyhub/output/광주북구과외/index.html,하위 페이지 더 보기
/광주북구수학과외/,/신용동수학과외/,신용동수학과외,C:/Projects/studyhub/output/광주북구수학과외/index.html,하위 페이지 더 보기
/광주북구수학과외/,/양산동수학과외/,양산동수학과외,C:/Projects/studyhub/output/광주북구수학과외/index.html,하위 페이지 더 보기
/광주북구수학과외/,/연제동수학과외/,연제동수학과외,C:/Projects/studyhub/output/광주북구수학과외/index.html,하위 페이지 더 보기
/광주북구수학과외/,/오치동수학과외/,오치동수학과외,C:/Projects/studyhub/output/광주북구수학과외/index.html,하위 페이지 더 보기
/광주북구수학과외/,/용봉동수학과외/,용봉동수학과외,C:/Projects/studyhub/output/광주북구수학과외/index.html,하위 페이지 더 보기
/광주북구수학과외/,/우산동수학과외/,우산동수학과외,C:/Projects/studyhub/output/광주북구수학과외/index.html,하위 페이지 더 보기
/광주북구수학과외/,/운암동수학과외/,운암동수학과외,C:/Projects/studyhub/output/광주북구수학과외/index.html,하위 페이지 더 보기
/광주북구수학과외/,/일곡동수학과외/,일곡동수학과외,C:/Projects/studyhub/output/광주북구수학과외/index.html,하위 페이지 더 보기
/광주북구영어과외/,/신용동영어과외/,신용동영어과외,C:/Projects/studyhub/output/광주북구영어과외/index.html,하위 페이지 더 보기
/광주북구영어과외/,/양산동영어과외/,양산동영어과외,C:/Projects/studyhub/output/광주북구영어과외/index.html,하위 페이지 더 보기
/광주북구영어과외/,/연제동영어과외/,연제동영어과외,C:/Projects/studyhub/output/광주북구영어과외/index.html,하위 페이지 더 보기
/광주북구영어과외/,/오치동영어과외/,오치동영어과외,C:/Projects/studyhub/output/광주북구영어과외/index.html,하위 페이지 더 보기
/광주북구영어과외/,/용봉동영어과외/,용봉동영어과외,C:/Projects/studyhub/output/광주북구영어과외/index.html,하위 페이지 더 보기
/광주북구영어과외/,/우산동영어과외/,우산동영어과외,C:/Projects/studyhub/output/광주북구영어과외/index.html,하위 페이지 더 보기
/광주북구영어과외/,/운암동영어과외/,운암동영어과외,C:/Projects/studyhub/output/광주북구영어과외/index.html,하위 페이지 더 보기
/광주북구영어과외/,/일곡동영어과외/,일곡동영어과외,C:/Projects/studyhub/output/광주북구영어과외/index.html,하위 페이지 더 보기
/광주북구중등과외/,/신용동중등과외/,신용동중등과외,C:/Projects/studyhub/output/광주북구중등과외/index.html,하위 페이지 더 보기
/광주북구중등과외/,/양산동중등과외/,양산동중등과외,C:/Projects/studyhub/output/광주북구중등과외/index.html,하위 페이지 더 보기
/광주북구중등과외/,/연제동중등과외/,연제동중등과외,C:/Projects/studyhub/output/광주북구중등과외/index.html,하위 페이지 더 보기
/광주북구중등과외/,/오치동중등과외/,오치동중등과외,C:/Projects/studyhub/output/광주북구중등과외/index.html,하위 페이지 더 보기
/광주북구중등과외/,/용봉동중등과외/,용봉동중등과외,C:/Projects/studyhub/output/광주북구중등과외/index.html,하위 페이지 더 보기
/광주북구중등과외/,/우산동중등과외/,우산동중등과외,C:/Projects/studyhub/output/광주북구중등과외/index.html,하위 페이지 더 보기
/광주북구중등과외/,/운암동중등과외/,운암동중등과외,C:/Projects/studyhub/output/광주북구중등과외/index.html,하위 페이지 더 보기
/광주북구중등과외/,/일곡동중등과외/,일곡동중등과외,C:/Projects/studyhub/output/광주북구중등과외/index.html,하위 페이지 더 보기
/광주북구중등수학과외/,/신용동중등수학과외/,신용동중등수학과외,C:/Projects/studyhub/output/광주북구중등수학과외/index.html,하위 페이지 더 보기
/광주북구중등수학과외/,/양산동중등수학과외/,양산동중등수학과외,C:/Projects/studyhub/output/광주북구중등수학과외/index.html,하위 페이지 더 보기
/광주북구중등수학과외/,/연제동중등수학과외/,연제동중등수학과외,C:/Projects/studyhub/output/광주북구중등수학과외/index.html,하위 페이지 더 보기
/광주북구중등수학과외/,/오치동중등수학과외/,오치동중등수학과외,C:/Projects/studyhub/output/광주북구중등수학과외/index.html,하위 페이지 더 보기
/광주북구중등수학과외/,/용봉동중등수학과외/,용봉동중등수학과외,C:/Projects/studyhub/output/광주북구중등수학과외/index.html,하위 페이지 더 보기
/광주북구중등수학과외/,/우산동중등수학과외/,우산동중등수학과외,C:/Projects/studyhub/output/광주북구중등수학과외/index.html,하위 페이지 더 보기
/광주북구중등수학과외/,/운암동중등수학과외/,운암동중등수학과외,C:/Projects/studyhub/output/광주북구중등수학과외/index.html,하위 페이지 더 보기
/광주북구중등수학과외/,/일곡동중등수학과외/,일곡동중등수학과외,C:/Projects/studyhub/output/광주북구중등수학과외/index.html,하위 페이지 더 보기
/광주북구중등영어과외/,/신용동중등영어과외/,신용동중등영어과외,C:/Projects/studyhub/output/광주북구중등영어과외/index.html,하위 페이지 더 보기
/광주북구중등영어과외/,/양산동중등영어과외/,양산동중등영어과외,C:/Projects/studyhub/output/광주북구중등영어과외/index.html,하위 페이지 더 보기
/광주북구중등영어과외/,/연제동중등영어과외/,연제동중등영어과외,C:/Projects/studyhub/output/광주북구중등영어과외/index.html,하위 페이지 더 보기
/광주북구중등영어과외/,/오치동중등영어과외/,오치동중등영어과외,C:/Projects/studyhub/output/광주북구중등영어과외/index.html,하위 페이지 더 보기
/광주북구중등영어과외/,/용봉동중등영어과외/,용봉동중등영어과외,C:/Projects/studyhub/output/광주북구중등영어과외/index.html,하위 페이지 더 보기
/광주북구중등영어과외/,/우산동중등영어과외/,우산동중등영어과외,C:/Projects/studyhub/output/광주북구중등영어과외/index.html,하위 페이지 더 보기
/광주북구중등영어과외/,/운암동중등영어과외/,운암동중등영어과외,C:/Projects/studyhub/output/광주북구중등영어과외/index.html,하위 페이지 더 보기
/광주북구중등영어과외/,/일곡동중등영어과외/,일곡동중등영어과외,C:/Projects/studyhub/output/광주북구중등영어과외/index.html,하위 페이지 더 보기
/광주북구초등과외/,/신용동초등과외/,신용동초등과외,C:/Projects/studyhub/output/광주북구초등과외/index.html,하위 페이지 더 보기
/광주북구초등과외/,/양산동초등과외/,양산동초등과외,C:/Projects/studyhub/output/광주북구초등과외/index.html,하위 페이지 더 보기
/광주북구초등과외/,/연제동초등과외/,연제동초등과외,C:/Projects/studyhub/output/광주북구초등과외/index.html,하위 페이지 더 보기
/광주북구초등과외/,/오치동초등과외/,오치동초등과외,C:/Projects/studyhub/output/광주북구초등과외/index.html,하위 페이지 더 보기
/광주북구초등과외/,/용봉동초등과외/,용봉동초등과외,C:/Projects/studyhub/output/광주북구초등과외/index.html,하위 페이지 더 보기
/광주북구초등과외/,/우산동초등과외/,우산동초등과외,C:/Projects/studyhub/output/광주북구초등과외/index.html,하위 페이지 더 보기
/광주북구초등과외/,/운암동초등과외/,운암동초등과외,C:/Projects/studyhub/output/광주북구초등과외/index.html,하위 페이지 더 보기
/광주북구초등과외/,/일곡동초등과외/,일곡동초등과외,C:/Projects/studyhub/output/광주북구초등과외/index.html,하위 페이지 더 보기
/광주북구초등수학과외/,/신용동초등수학과외/,신용동초등수학과외,C:/Projects/studyhub/output/광주북구초등수학과외/index.html,하위 페이지 더 보기
/광주북구초등수학과외/,/양산동초등수학과외/,양산동초등수학과외,C:/Projects/studyhub/output/광주북구초등수학과외/index.html,하위 페이지 더 보기
/광주북구초등수학과외/,/연제동초등수학과외/,연제동초등수학과외,C:/Projects/studyhub/output/광주북구초등수학과외/index.html,하위 페이지 더 보기
/광주북구초등수학과외/,/오치동초등수학과외/,오치동초등수학과외,C:/Projects/studyhub/output/광주북구초등수학과외/index.html,하위 페이지 더 보기
/광주북구초등수학과외/,/용봉동초등수학과외/,용봉동초등수학과외,C:/Projects/studyhub/output/광주북구초등수학과외/index.html,하위 페이지 더 보기
/광주북구초등수학과외/,/우산동초등수학과외/,우산동초등수학과외,C:/Projects/studyhub/output/광주북구초등수학과외/index.html,하위 페이지 더 보기
/광주북구초등수학과외/,/운암동초등수학과외/,운암동초등수학과외,C:/Projects/studyhub/output/광주북구초등수학과외/index.html,하위 페이지 더 보기
/광주북구초등수학과외/,/일곡동초등수학과외/,일곡동초등수학과외,C:/Projects/studyhub/output/광주북구초등수학과외/index.html,하위 페이지 더 보기
/광주북구초등영어과외/,/신용동초등영어과외/,신용동초등영어과외,C:/Projects/studyhub/output/광주북구초등영어과외/index.html,하위 페이지 더 보기
/광주북구초등영어과외/,/양산동초등영어과외/,양산동초등영어과외,C:/Projects/studyhub/output/광주북구초등영어과외/index.html,하위 페이지 더 보기
/광주북구초등영어과외/,/연제동초등영어과외/,연제동초등영어과외,C:/Projects/studyhub/output/광주북구초등영어과외/index.html,하위 페이지 더 보기
/광주북구초등영어과외/,/오치동초등영어과외/,오치동초등영어과외,C:/Projects/studyhub/output/광주북구초등영어과외/index.html,하위 페이지 더 보기
/광주북구초등영어과외/,/용봉동초등영어과외/,용봉동초등영어과외,C:/Projects/studyhub/output/광주북구초등영어과외/index.html,하위 페이지 더 보기
/광주북구초등영어과외/,/우산동초등영어과외/,우산동초등영어과외,C:/Projects/studyhub/output/광주북구초등영어과외/index.html,하위 페이지 더 보기
/광주북구초등영어과외/,/운암동초등영어과외/,운암동초등영어과외,C:/Projects/studyhub/output/광주북구초등영어과외/index.html,하위 페이지 더 보기
/광주북구초등영어과외/,/일곡동초등영어과외/,일곡동초등영어과외,C:/Projects/studyhub/output/광주북구초등영어과외/index.html,하위 페이지 더 보기
/광주서구고등과외/,/풍암동고등과외/,풍암동고등과외,C:/Projects/studyhub/output/광주서구고등과외/index.html,하위 페이지 더 보기
/광주서구고등수학과외/,/풍암동고등수학과외/,풍암동고등수학과외,C:/Projects/studyhub/output/광주서구고등수학과외/index.html,하위 페이지 더 보기
/광주서구고등영어과외/,/풍암동고등영어과외/,풍암동고등영어과외,C:/Projects/studyhub/output/광주서구고등영어과외/index.html,하위 페이지 더 보기
/광주서구과외/,/풍암동과외/,풍암동과외,C:/Projects/studyhub/output/광주서구과외/index.html,하위 페이지 더 보기
/광주서구수학과외/,/풍암동수학과외/,풍암동수학과외,C:/Projects/studyhub/output/광주서구수학과외/index.html,하위 페이지 더 보기
/광주서구영어과외/,/풍암동영어과외/,풍암동영어과외,C:/Projects/studyhub/output/광주서구영어과외/index.html,하위 페이지 더 보기
/광주서구중등과외/,/풍암동중등과외/,풍암동중등과외,C:/Projects/studyhub/output/광주서구중등과외/index.html,하위 페이지 더 보기
/광주서구중등수학과외/,/풍암동중등수학과외/,풍암동중등수학과외,C:/Projects/studyhub/output/광주서구중등수학과외/index.html,하위 페이지 더 보기
/광주서구중등영어과외/,/풍암동중등영어과외/,풍암동중등영어과외,C:/Projects/studyhub/output/광주서구중등영어과외/index.html,하위 페이지 더 보기
/광주서구초등과외/,/풍암동초등과외/,풍암동초등과외,C:/Projects/studyhub/output/광주서구초등과외/index.html,하위 페이지 더 보기
/광주서구초등수학과외/,/풍암동초등수학과외/,풍암동초등수학과외,C:/Projects/studyhub/output/광주서구초등수학과외/index.html,하위 페이지 더 보기
/광주서구초등영어과외/,/풍암동초등영어과외/,풍암동초등영어과외,C:/Projects/studyhub/output/광주서구초등영어과외/index.html,하위 페이지 더 보기
/광주수학과외/,/상무지구수학과외/,상무지구수학과외,C:/Projects/studyhub/output/광주수학과외/index.html,하위 페이지 더 보기
/광주수학과외/,/첨단지구수학과외/,첨단지구수학과외,C:/Projects/studyhub/output/광주수학과외/index.html,하위 페이지 더 보기
/광주영어과외/,/상무지구영어과외/,상무지구영어과외,C:/Projects/studyhub/output/광주영어과외/index.html,하위 페이지 더 보기
/광주영어과외/,/첨단지구영어과외/,첨단지구영어과외,C:/Projects/studyhub/output/광주영어과외/index.html,하위 페이지 더 보기
/광주중등과외/,/상무지구중등과외/,상무지구중등과외,C:/Projects/studyhub/output/광주중등과외/index.html,하위 페이지 더 보기
/광주중등과외/,/첨단지구중등과외/,첨단지구중등과외,C:/Projects/studyhub/output/광주중등과외/index.html,하위 페이지 더 보기
/광주중등수학과외/,/상무지구중등수학과외/,상무지구중등수학과외,C:/Projects/studyhub/output/광주중등수학과외/index.html,하위 페이지 더 보기
/광주중등수학과외/,/첨단지구중등수학과외/,첨단지구중등수학과외,C:/Projects/studyhub/output/광주중등수학과외/index.html,하위 페이지 더 보기
/광주중등영어과외/,/상무지구중등영어과외/,상무지구중등영어과외,C:/Projects/studyhub/output/광주중등영어과외/index.html,하위 페이지 더 보기
/광주중등영어과외/,/첨단지구중등영어과외/,첨단지구중등영어과외,C:/Projects/studyhub/output/광주중등영어과외/index.html,하위 페이지 더 보기
/광주초등과외/,/상무지구초등과외/,상무지구초등과외,C:/Projects/studyhub/output/광주초등과외/index.html,하위 페이지 더 보기
/광주초등과외/,/첨단지구초등과외/,첨단지구초등과외,C:/Projects/studyhub/output/광주초등과외/index.html,하위 페이지 더 보기
/광주초등수학과외/,/상무지구초등수학과외/,상무지구초등수학과외,C:/Projects/studyhub/output/광주초등수학과외/index.html,하위 페이지 더 보기
/광주초등수학과외/,/첨단지구초등수학과외/,첨단지구초등수학과외,C:/Projects/studyhub/output/광주초등수학과외/index.html,하위 페이지 더 보기
/광주초등영어과외/,/상무지구초등영어과외/,상무지구초등영어과외,C:/Projects/studyhub/output/광주초등영어과외/index.html,하위 페이지 더 보기
/광주초등영어과외/,/첨단지구초등영어과외/,첨단지구초등영어과외,C:/Projects/studyhub/output/광주초등영어과외/index.html,하위 페이지 더 보기
/광진구고등과외/,/중곡동고등과외/,중곡동고등과외,C:/Projects/studyhub/output/광진구고등과외/index.html,하위 페이지 더 보기
/광진구고등과외/,/화양동고등과외/,화양동고등과외,C:/Projects/studyhub/output/광진구고등과외/index.html,하위 페이지 더 보기
/광진구고등수학과외/,/중곡동고등수학과외/,중곡동고등수학과외,C:/Projects/studyhub/output/광진구고등수학과외/index.html,하위 페이지 더 보기
/광진구고등수학과외/,/화양동고등수학과외/,화양동고등수학과외,C:/Projects/studyhub/output/광진구고등수학과외/index.html,하위 페이지 더 보기
/광진구고등영어과외/,/중곡동고등영어과외/,중곡동고등영어과외,C:/Projects/studyhub/output/광진구고등영어과외/index.html,하위 페이지 더 보기
/광진구고등영어과외/,/화양동고등영어과외/,화양동고등영어과외,C:/Projects/studyhub/output/광진구고등영어과외/index.html,하위 페이지 더 보기
/광진구과외/,/중곡동과외/,중곡동과외,C:/Projects/studyhub/output/광진구과외/index.html,하위 페이지 더 보기
/광진구과외/,/화양동과외/,화양동과외,C:/Projects/studyhub/output/광진구과외/index.html,하위 페이지 더 보기
/광진구수학과외/,/중곡동수학과외/,중곡동수학과외,C:/Projects/studyhub/output/광진구수학과외/index.html,하위 페이지 더 보기
/광진구수학과외/,/화양동수학과외/,화양동수학과외,C:/Projects/studyhub/output/광진구수학과외/index.html,하위 페이지 더 보기
/광진구영어과외/,/중곡동영어과외/,중곡동영어과외,C:/Projects/studyhub/output/광진구영어과외/index.html,하위 페이지 더 보기
/광진구영어과외/,/화양동영어과외/,화양동영어과외,C:/Projects/studyhub/output/광진구영어과외/index.html,하위 페이지 더 보기
/광진구중등과외/,/중곡동중등과외/,중곡동중등과외,C:/Projects/studyhub/output/광진구중등과외/index.html,하위 페이지 더 보기
/광진구중등과외/,/화양동중등과외/,화양동중등과외,C:/Projects/studyhub/output/광진구중등과외/index.html,하위 페이지 더 보기
/광진구중등수학과외/,/중곡동중등수학과외/,중곡동중등수학과외,C:/Projects/studyhub/output/광진구중등수학과외/index.html,하위 페이지 더 보기
/광진구중등수학과외/,/화양동중등수학과외/,화양동중등수학과외,C:/Projects/studyhub/output/광진구중등수학과외/index.html,하위 페이지 더 보기
/광진구중등영어과외/,/중곡동중등영어과외/,중곡동중등영어과외,C:/Projects/studyhub/output/광진구중등영어과외/index.html,하위 페이지 더 보기
/광진구중등영어과외/,/화양동중등영어과외/,화양동중등영어과외,C:/Projects/studyhub/output/광진구중등영어과외/index.html,하위 페이지 더 보기
/광진구초등과외/,/중곡동초등과외/,중곡동초등과외,C:/Projects/studyhub/output/광진구초등과외/index.html,하위 페이지 더 보기
/광진구초등과외/,/화양동초등과외/,화양동초등과외,C:/Projects/studyhub/output/광진구초등과외/index.html,하위 페이지 더 보기
/광진구초등수학과외/,/중곡동초등수학과외/,중곡동초등수학과외,C:/Projects/studyhub/output/광진구초등수학과외/index.html,하위 페이지 더 보기
/광진구초등수학과외/,/화양동초등수학과외/,화양동초등수학과외,C:/Projects/studyhub/output/광진구초등수학과외/index.html,하위 페이지 더 보기
/광진구초등영어과외/,/중곡동초등영어과외/,중곡동초등영어과외,C:/Projects/studyhub/output/광진구초등영어과외/index.html,하위 페이지 더 보기
/광진구초등영어과외/,/화양동초등영어과외/,화양동초등영어과외,C:/Projects/studyhub/output/광진구초등영어과외/index.html,하위 페이지 더 보기
/구로구고등과외/,/온수동고등과외/,온수동고등과외,C:/Projects/studyhub/output/구로구고등과외/index.html,하위 페이지 더 보기
/구로구고등과외/,/천왕동고등과외/,천왕동고등과외,C:/Projects/studyhub/output/구로구고등과외/index.html,하위 페이지 더 보기
/구로구고등수학과외/,/온수동고등수학과외/,온수동고등수학과외,C:/Projects/studyhub/output/구로구고등수학과외/index.html,하위 페이지 더 보기
/구로구고등수학과외/,/천왕동고등수학과외/,천왕동고등수학과외,C:/Projects/studyhub/output/구로구고등수학과외/index.html,하위 페이지 더 보기
/구로구고등영어과외/,/온수동고등영어과외/,온수동고등영어과외,C:/Projects/studyhub/output/구로구고등영어과외/index.html,하위 페이지 더 보기
/구로구고등영어과외/,/천왕동고등영어과외/,천왕동고등영어과외,C:/Projects/studyhub/output/구로구고등영어과외/index.html,하위 페이지 더 보기
/구로구과외/,/온수동과외/,온수동과외,C:/Projects/studyhub/output/구로구과외/index.html,하위 페이지 더 보기
/구로구과외/,/천왕동과외/,천왕동과외,C:/Projects/studyhub/output/구로구과외/index.html,하위 페이지 더 보기
/구로구수학과외/,/온수동수학과외/,온수동수학과외,C:/Projects/studyhub/output/구로구수학과외/index.html,하위 페이지 더 보기
/구로구수학과외/,/천왕동수학과외/,천왕동수학과외,C:/Projects/studyhub/output/구로구수학과외/index.html,하위 페이지 더 보기
/구로구영어과외/,/온수동영어과외/,온수동영어과외,C:/Projects/studyhub/output/구로구영어과외/index.html,하위 페이지 더 보기
/구로구영어과외/,/천왕동영어과외/,천왕동영어과외,C:/Projects/studyhub/output/구로구영어과외/index.html,하위 페이지 더 보기
/구로구중등과외/,/온수동중등과외/,온수동중등과외,C:/Projects/studyhub/output/구로구중등과외/index.html,하위 페이지 더 보기
/구로구중등과외/,/천왕동중등과외/,천왕동중등과외,C:/Projects/studyhub/output/구로구중등과외/index.html,하위 페이지 더 보기
/구로구중등수학과외/,/온수동중등수학과외/,온수동중등수학과외,C:/Projects/studyhub/output/구로구중등수학과외/index.html,하위 페이지 더 보기
/구로구중등수학과외/,/천왕동중등수학과외/,천왕동중등수학과외,C:/Projects/studyhub/output/구로구중등수학과외/index.html,하위 페이지 더 보기
/구로구중등영어과외/,/온수동중등영어과외/,온수동중등영어과외,C:/Projects/studyhub/output/구로구중등영어과외/index.html,하위 페이지 더 보기
/구로구중등영어과외/,/천왕동중등영어과외/,천왕동중등영어과외,C:/Projects/studyhub/output/구로구중등영어과외/index.html,하위 페이지 더 보기
/구로구초등과외/,/온수동초등과외/,온수동초등과외,C:/Projects/studyhub/output/구로구초등과외/index.html,하위 페이지 더 보기
/구로구초등과외/,/천왕동초등과외/,천왕동초등과외,C:/Projects/studyhub/output/구로구초등과외/index.html,하위 페이지 더 보기
/구로구초등수학과외/,/온수동초등수학과외/,온수동초등수학과외,C:/Projects/studyhub/output/구로구초등수학과외/index.html,하위 페이지 더 보기
/구로구초등수학과외/,/천왕동초등수학과외/,천왕동초등수학과외,C:/Projects/studyhub/output/구로구초등수학과외/index.html,하위 페이지 더 보기
/구로구초등영어과외/,/온수동초등영어과외/,온수동초등영어과외,C:/Projects/studyhub/output/구로구초등영어과외/index.html,하위 페이지 더 보기
/구로구초등영어과외/,/천왕동초등영어과외/,천왕동초등영어과외,C:/Projects/studyhub/output/구로구초등영어과외/index.html,하위 페이지 더 보기
/권선구고등과외/,/오목천동고등과외/,오목천동고등과외,C:/Projects/studyhub/output/권선구고등과외/index.html,하위 페이지 더 보기
/권선구고등과외/,/호매실동고등과외/,호매실동고등과외,C:/Projects/studyhub/output/권선구고등과외/index.html,하위 페이지 더 보기
/권선구고등수학과외/,/오목천동고등수학과외/,오목천동고등수학과외,C:/Projects/studyhub/output/권선구고등수학과외/index.html,하위 페이지 더 보기
/권선구고등수학과외/,/호매실동고등수학과외/,호매실동고등수학과외,C:/Projects/studyhub/output/권선구고등수학과외/index.html,하위 페이지 더 보기
/권선구고등영어과외/,/오목천동고등영어과외/,오목천동고등영어과외,C:/Projects/studyhub/output/권선구고등영어과외/index.html,하위 페이지 더 보기
/권선구고등영어과외/,/호매실동고등영어과외/,호매실동고등영어과외,C:/Projects/studyhub/output/권선구고등영어과외/index.html,하위 페이지 더 보기
/권선구과외/,/오목천동과외/,오목천동과외,C:/Projects/studyhub/output/권선구과외/index.html,하위 페이지 더 보기
/권선구과외/,/호매실동과외/,호매실동과외,C:/Projects/studyhub/output/권선구과외/index.html,하위 페이지 더 보기
/권선구수학과외/,/오목천동수학과외/,오목천동수학과외,C:/Projects/studyhub/output/권선구수학과외/index.html,하위 페이지 더 보기
/권선구수학과외/,/호매실동수학과외/,호매실동수학과외,C:/Projects/studyhub/output/권선구수학과외/index.html,하위 페이지 더 보기
/권선구영어과외/,/오목천동영어과외/,오목천동영어과외,C:/Projects/studyhub/output/권선구영어과외/index.html,하위 페이지 더 보기
/권선구영어과외/,/호매실동영어과외/,호매실동영어과외,C:/Projects/studyhub/output/권선구영어과외/index.html,하위 페이지 더 보기
/권선구중등과외/,/오목천동중등과외/,오목천동중등과외,C:/Projects/studyhub/output/권선구중등과외/index.html,하위 페이지 더 보기
/권선구중등과외/,/호매실동중등과외/,호매실동중등과외,C:/Projects/studyhub/output/권선구중등과외/index.html,하위 페이지 더 보기
/권선구중등수학과외/,/오목천동중등수학과외/,오목천동중등수학과외,C:/Projects/studyhub/output/권선구중등수학과외/index.html,하위 페이지 더 보기
/권선구중등수학과외/,/호매실동중등수학과외/,호매실동중등수학과외,C:/Projects/studyhub/output/권선구중등수학과외/index.html,하위 페이지 더 보기
/권선구중등영어과외/,/오목천동중등영어과외/,오목천동중등영어과외,C:/Projects/studyhub/output/권선구중등영어과외/index.html,하위 페이지 더 보기
/권선구중등영어과외/,/호매실동중등영어과외/,호매실동중등영어과외,C:/Projects/studyhub/output/권선구중등영어과외/index.html,하위 페이지 더 보기
/권선구초등과외/,/오목천동초등과외/,오목천동초등과외,C:/Projects/studyhub/output/권선구초등과외/index.html,하위 페이지 더 보기
/권선구초등과외/,/호매실동초등과외/,호매실동초등과외,C:/Projects/studyhub/output/권선구초등과외/index.html,하위 페이지 더 보기
/권선구초등수학과외/,/오목천동초등수학과외/,오목천동초등수학과외,C:/Projects/studyhub/output/권선구초등수학과외/index.html,하위 페이지 더 보기
/권선구초등수학과외/,/호매실동초등수학과외/,호매실동초등수학과외,C:/Projects/studyhub/output/권선구초등수학과외/index.html,하위 페이지 더 보기
/권선구초등영어과외/,/오목천동초등영어과외/,오목천동초등영어과외,C:/Projects/studyhub/output/권선구초등영어과외/index.html,하위 페이지 더 보기
/권선구초등영어과외/,/호매실동초등영어과외/,호매실동초등영어과외,C:/Projects/studyhub/output/권선구초등영어과외/index.html,하위 페이지 더 보기
/기흥구고등과외/,/상하동고등과외/,상하동고등과외,C:/Projects/studyhub/output/기흥구고등과외/index.html,하위 페이지 더 보기
/기흥구고등과외/,/신갈동고등과외/,신갈동고등과외,C:/Projects/studyhub/output/기흥구고등과외/index.html,하위 페이지 더 보기
/기흥구고등과외/,/언남동고등과외/,언남동고등과외,C:/Projects/studyhub/output/기흥구고등과외/index.html,하위 페이지 더 보기
/기흥구고등과외/,/영덕동고등과외/,영덕동고등과외,C:/Projects/studyhub/output/기흥구고등과외/index.html,하위 페이지 더 보기
/기흥구고등과외/,/청덕동고등과외/,청덕동고등과외,C:/Projects/studyhub/output/기흥구고등과외/index.html,하위 페이지 더 보기
/기흥구고등수학과외/,/상하동고등수학과외/,상하동고등수학과외,C:/Projects/studyhub/output/기흥구고등수학과외/index.html,하위 페이지 더 보기
/기흥구고등수학과외/,/신갈동고등수학과외/,신갈동고등수학과외,C:/Projects/studyhub/output/기흥구고등수학과외/index.html,하위 페이지 더 보기
/기흥구고등수학과외/,/언남동고등수학과외/,언남동고등수학과외,C:/Projects/studyhub/output/기흥구고등수학과외/index.html,하위 페이지 더 보기
/기흥구고등수학과외/,/영덕동고등수학과외/,영덕동고등수학과외,C:/Projects/studyhub/output/기흥구고등수학과외/index.html,하위 페이지 더 보기
/기흥구고등수학과외/,/청덕동고등수학과외/,청덕동고등수학과외,C:/Projects/studyhub/output/기흥구고등수학과외/index.html,하위 페이지 더 보기
/기흥구고등영어과외/,/상하동고등영어과외/,상하동고등영어과외,C:/Projects/studyhub/output/기흥구고등영어과외/index.html,하위 페이지 더 보기
/기흥구고등영어과외/,/신갈동고등영어과외/,신갈동고등영어과외,C:/Projects/studyhub/output/기흥구고등영어과외/index.html,하위 페이지 더 보기
/기흥구고등영어과외/,/언남동고등영어과외/,언남동고등영어과외,C:/Projects/studyhub/output/기흥구고등영어과외/index.html,하위 페이지 더 보기
/기흥구고등영어과외/,/영덕동고등영어과외/,영덕동고등영어과외,C:/Projects/studyhub/output/기흥구고등영어과외/index.html,하위 페이지 더 보기
/기흥구고등영어과외/,/청덕동고등영어과외/,청덕동고등영어과외,C:/Projects/studyhub/output/기흥구고등영어과외/index.html,하위 페이지 더 보기
/기흥구과외/,/상하동과외/,상하동과외,C:/Projects/studyhub/output/기흥구과외/index.html,하위 페이지 더 보기
/기흥구과외/,/신갈동과외/,신갈동과외,C:/Projects/studyhub/output/기흥구과외/index.html,하위 페이지 더 보기
/기흥구과외/,/언남동과외/,언남동과외,C:/Projects/studyhub/output/기흥구과외/index.html,하위 페이지 더 보기
/기흥구과외/,/영덕동과외/,영덕동과외,C:/Projects/studyhub/output/기흥구과외/index.html,하위 페이지 더 보기
/기흥구과외/,/청덕동과외/,청덕동과외,C:/Projects/studyhub/output/기흥구과외/index.html,하위 페이지 더 보기
/기흥구수학과외/,/상하동수학과외/,상하동수학과외,C:/Projects/studyhub/output/기흥구수학과외/index.html,하위 페이지 더 보기
/기흥구수학과외/,/신갈동수학과외/,신갈동수학과외,C:/Projects/studyhub/output/기흥구수학과외/index.html,하위 페이지 더 보기
/기흥구수학과외/,/언남동수학과외/,언남동수학과외,C:/Projects/studyhub/output/기흥구수학과외/index.html,하위 페이지 더 보기
/기흥구수학과외/,/영덕동수학과외/,영덕동수학과외,C:/Projects/studyhub/output/기흥구수학과외/index.html,하위 페이지 더 보기
/기흥구수학과외/,/청덕동수학과외/,청덕동수학과외,C:/Projects/studyhub/output/기흥구수학과외/index.html,하위 페이지 더 보기
/기흥구영어과외/,/상하동영어과외/,상하동영어과외,C:/Projects/studyhub/output/기흥구영어과외/index.html,하위 페이지 더 보기
/기흥구영어과외/,/신갈동영어과외/,신갈동영어과외,C:/Projects/studyhub/output/기흥구영어과외/index.html,하위 페이지 더 보기
/기흥구영어과외/,/언남동영어과외/,언남동영어과외,C:/Projects/studyhub/output/기흥구영어과외/index.html,하위 페이지 더 보기
/기흥구영어과외/,/영덕동영어과외/,영덕동영어과외,C:/Projects/studyhub/output/기흥구영어과외/index.html,하위 페이지 더 보기
/기흥구영어과외/,/청덕동영어과외/,청덕동영어과외,C:/Projects/studyhub/output/기흥구영어과외/index.html,하위 페이지 더 보기
/기흥구중등과외/,/상하동중등과외/,상하동중등과외,C:/Projects/studyhub/output/기흥구중등과외/index.html,하위 페이지 더 보기
/기흥구중등과외/,/신갈동중등과외/,신갈동중등과외,C:/Projects/studyhub/output/기흥구중등과외/index.html,하위 페이지 더 보기
/기흥구중등과외/,/언남동중등과외/,언남동중등과외,C:/Projects/studyhub/output/기흥구중등과외/index.html,하위 페이지 더 보기
/기흥구중등과외/,/영덕동중등과외/,영덕동중등과외,C:/Projects/studyhub/output/기흥구중등과외/index.html,하위 페이지 더 보기
/기흥구중등과외/,/청덕동중등과외/,청덕동중등과외,C:/Projects/studyhub/output/기흥구중등과외/index.html,하위 페이지 더 보기
/기흥구중등수학과외/,/상하동중등수학과외/,상하동중등수학과외,C:/Projects/studyhub/output/기흥구중등수학과외/index.html,하위 페이지 더 보기
/기흥구중등수학과외/,/신갈동중등수학과외/,신갈동중등수학과외,C:/Projects/studyhub/output/기흥구중등수학과외/index.html,하위 페이지 더 보기
/기흥구중등수학과외/,/언남동중등수학과외/,언남동중등수학과외,C:/Projects/studyhub/output/기흥구중등수학과외/index.html,하위 페이지 더 보기
/기흥구중등수학과외/,/영덕동중등수학과외/,영덕동중등수학과외,C:/Projects/studyhub/output/기흥구중등수학과외/index.html,하위 페이지 더 보기
/기흥구중등수학과외/,/청덕동중등수학과외/,청덕동중등수학과외,C:/Projects/studyhub/output/기흥구중등수학과외/index.html,하위 페이지 더 보기
/기흥구중등영어과외/,/상하동중등영어과외/,상하동중등영어과외,C:/Projects/studyhub/output/기흥구중등영어과외/index.html,하위 페이지 더 보기
/기흥구중등영어과외/,/신갈동중등영어과외/,신갈동중등영어과외,C:/Projects/studyhub/output/기흥구중등영어과외/index.html,하위 페이지 더 보기
/기흥구중등영어과외/,/언남동중등영어과외/,언남동중등영어과외,C:/Projects/studyhub/output/기흥구중등영어과외/index.html,하위 페이지 더 보기
/기흥구중등영어과외/,/영덕동중등영어과외/,영덕동중등영어과외,C:/Projects/studyhub/output/기흥구중등영어과외/index.html,하위 페이지 더 보기
/기흥구중등영어과외/,/청덕동중등영어과외/,청덕동중등영어과외,C:/Projects/studyhub/output/기흥구중등영어과외/index.html,하위 페이지 더 보기
/기흥구초등과외/,/상하동초등과외/,상하동초등과외,C:/Projects/studyhub/output/기흥구초등과외/index.html,하위 페이지 더 보기
/기흥구초등과외/,/신갈동초등과외/,신갈동초등과외,C:/Projects/studyhub/output/기흥구초등과외/index.html,하위 페이지 더 보기
/기흥구초등과외/,/언남동초등과외/,언남동초등과외,C:/Projects/studyhub/output/기흥구초등과외/index.html,하위 페이지 더 보기
/기흥구초등과외/,/영덕동초등과외/,영덕동초등과외,C:/Projects/studyhub/output/기흥구초등과외/index.html,하위 페이지 더 보기
/기흥구초등과외/,/청덕동초등과외/,청덕동초등과외,C:/Projects/studyhub/output/기흥구초등과외/index.html,하위 페이지 더 보기
/기흥구초등수학과외/,/상하동초등수학과외/,상하동초등수학과외,C:/Projects/studyhub/output/기흥구초등수학과외/index.html,하위 페이지 더 보기
/기흥구초등수학과외/,/신갈동초등수학과외/,신갈동초등수학과외,C:/Projects/studyhub/output/기흥구초등수학과외/index.html,하위 페이지 더 보기
/기흥구초등수학과외/,/언남동초등수학과외/,언남동초등수학과외,C:/Projects/studyhub/output/기흥구초등수학과외/index.html,하위 페이지 더 보기
/기흥구초등수학과외/,/영덕동초등수학과외/,영덕동초등수학과외,C:/Projects/studyhub/output/기흥구초등수학과외/index.html,하위 페이지 더 보기
/기흥구초등수학과외/,/청덕동초등수학과외/,청덕동초등수학과외,C:/Projects/studyhub/output/기흥구초등수학과외/index.html,하위 페이지 더 보기
/기흥구초등영어과외/,/상하동초등영어과외/,상하동초등영어과외,C:/Projects/studyhub/output/기흥구초등영어과외/index.html,하위 페이지 더 보기
/기흥구초등영어과외/,/신갈동초등영어과외/,신갈동초등영어과외,C:/Projects/studyhub/output/기흥구초등영어과외/index.html,하위 페이지 더 보기
/기흥구초등영어과외/,/언남동초등영어과외/,언남동초등영어과외,C:/Projects/studyhub/output/기흥구초등영어과외/index.html,하위 페이지 더 보기
/기흥구초등영어과외/,/영덕동초등영어과외/,영덕동초등영어과외,C:/Projects/studyhub/output/기흥구초등영어과외/index.html,하위 페이지 더 보기
/기흥구초등영어과외/,/청덕동초등영어과외/,청덕동초등영어과외,C:/Projects/studyhub/output/기흥구초등영어과외/index.html,하위 페이지 더 보기
/김포고등과외/,/북변동고등과외/,북변동고등과외,C:/Projects/studyhub/output/김포고등과외/index.html,하위 페이지 더 보기
/김포고등과외/,/사우동고등과외/,사우동고등과외,C:/Projects/studyhub/output/김포고등과외/index.html,하위 페이지 더 보기
/김포고등과외/,/양촌읍고등과외/,양촌읍고등과외,C:/Projects/studyhub/output/김포고등과외/index.html,하위 페이지 더 보기
/김포고등과외/,/운양동고등과외/,운양동고등과외,C:/Projects/studyhub/output/김포고등과외/index.html,하위 페이지 더 보기
/김포고등과외/,/장기동고등과외/,장기동고등과외,C:/Projects/studyhub/output/김포고등과외/index.html,하위 페이지 더 보기
/김포고등과외/,/풍무동고등과외/,풍무동고등과외,C:/Projects/studyhub/output/김포고등과외/index.html,하위 페이지 더 보기
/김포고등수학과외/,/북변동고등수학과외/,북변동고등수학과외,C:/Projects/studyhub/output/김포고등수학과외/index.html,하위 페이지 더 보기
/김포고등수학과외/,/사우동고등수학과외/,사우동고등수학과외,C:/Projects/studyhub/output/김포고등수학과외/index.html,하위 페이지 더 보기
/김포고등수학과외/,/양촌읍고등수학과외/,양촌읍고등수학과외,C:/Projects/studyhub/output/김포고등수학과외/index.html,하위 페이지 더 보기
/김포고등수학과외/,/운양동고등수학과외/,운양동고등수학과외,C:/Projects/studyhub/output/김포고등수학과외/index.html,하위 페이지 더 보기
/김포고등수학과외/,/장기동고등수학과외/,장기동고등수학과외,C:/Projects/studyhub/output/김포고등수학과외/index.html,하위 페이지 더 보기
/김포고등수학과외/,/풍무동고등수학과외/,풍무동고등수학과외,C:/Projects/studyhub/output/김포고등수학과외/index.html,하위 페이지 더 보기
/김포고등영어과외/,/북변동고등영어과외/,북변동고등영어과외,C:/Projects/studyhub/output/김포고등영어과외/index.html,하위 페이지 더 보기
/김포고등영어과외/,/사우동고등영어과외/,사우동고등영어과외,C:/Projects/studyhub/output/김포고등영어과외/index.html,하위 페이지 더 보기
/김포고등영어과외/,/양촌읍고등영어과외/,양촌읍고등영어과외,C:/Projects/studyhub/output/김포고등영어과외/index.html,하위 페이지 더 보기
/김포고등영어과외/,/운양동고등영어과외/,운양동고등영어과외,C:/Projects/studyhub/output/김포고등영어과외/index.html,하위 페이지 더 보기
/김포고등영어과외/,/장기동고등영어과외/,장기동고등영어과외,C:/Projects/studyhub/output/김포고등영어과외/index.html,하위 페이지 더 보기
/김포고등영어과외/,/풍무동고등영어과외/,풍무동고등영어과외,C:/Projects/studyhub/output/김포고등영어과외/index.html,하위 페이지 더 보기
/김포과외/,/북변동과외/,북변동과외,C:/Projects/studyhub/output/김포과외/index.html,하위 페이지 더 보기
/김포과외/,/사우동과외/,사우동과외,C:/Projects/studyhub/output/김포과외/index.html,하위 페이지 더 보기
/김포과외/,/양촌읍과외/,양촌읍과외,C:/Projects/studyhub/output/김포과외/index.html,하위 페이지 더 보기
/김포과외/,/운양동과외/,운양동과외,C:/Projects/studyhub/output/김포과외/index.html,하위 페이지 더 보기
/김포과외/,/장기동과외/,장기동과외,C:/Projects/studyhub/output/김포과외/index.html,하위 페이지 더 보기
/김포과외/,/풍무동과외/,풍무동과외,C:/Projects/studyhub/output/김포과외/index.html,하위 페이지 더 보기
/김포수학과외/,/북변동수학과외/,북변동수학과외,C:/Projects/studyhub/output/김포수학과외/index.html,하위 페이지 더 보기
/김포수학과외/,/사우동수학과외/,사우동수학과외,C:/Projects/studyhub/output/김포수학과외/index.html,하위 페이지 더 보기
/김포수학과외/,/양촌읍수학과외/,양촌읍수학과외,C:/Projects/studyhub/output/김포수학과외/index.html,하위 페이지 더 보기
/김포수학과외/,/운양동수학과외/,운양동수학과외,C:/Projects/studyhub/output/김포수학과외/index.html,하위 페이지 더 보기
/김포수학과외/,/장기동수학과외/,장기동수학과외,C:/Projects/studyhub/output/김포수학과외/index.html,하위 페이지 더 보기
/김포수학과외/,/풍무동수학과외/,풍무동수학과외,C:/Projects/studyhub/output/김포수학과외/index.html,하위 페이지 더 보기
/김포영어과외/,/북변동영어과외/,북변동영어과외,C:/Projects/studyhub/output/김포영어과외/index.html,하위 페이지 더 보기
/김포영어과외/,/사우동영어과외/,사우동영어과외,C:/Projects/studyhub/output/김포영어과외/index.html,하위 페이지 더 보기
/김포영어과외/,/양촌읍영어과외/,양촌읍영어과외,C:/Projects/studyhub/output/김포영어과외/index.html,하위 페이지 더 보기
/김포영어과외/,/운양동영어과외/,운양동영어과외,C:/Projects/studyhub/output/김포영어과외/index.html,하위 페이지 더 보기
/김포영어과외/,/장기동영어과외/,장기동영어과외,C:/Projects/studyhub/output/김포영어과외/index.html,하위 페이지 더 보기
/김포영어과외/,/풍무동영어과외/,풍무동영어과외,C:/Projects/studyhub/output/김포영어과외/index.html,하위 페이지 더 보기
/김포중등과외/,/북변동중등과외/,북변동중등과외,C:/Projects/studyhub/output/김포중등과외/index.html,하위 페이지 더 보기
/김포중등과외/,/사우동중등과외/,사우동중등과외,C:/Projects/studyhub/output/김포중등과외/index.html,하위 페이지 더 보기
/김포중등과외/,/양촌읍중등과외/,양촌읍중등과외,C:/Projects/studyhub/output/김포중등과외/index.html,하위 페이지 더 보기
/김포중등과외/,/운양동중등과외/,운양동중등과외,C:/Projects/studyhub/output/김포중등과외/index.html,하위 페이지 더 보기
/김포중등과외/,/장기동중등과외/,장기동중등과외,C:/Projects/studyhub/output/김포중등과외/index.html,하위 페이지 더 보기
/김포중등과외/,/풍무동중등과외/,풍무동중등과외,C:/Projects/studyhub/output/김포중등과외/index.html,하위 페이지 더 보기
/김포중등수학과외/,/북변동중등수학과외/,북변동중등수학과외,C:/Projects/studyhub/output/김포중등수학과외/index.html,하위 페이지 더 보기
/김포중등수학과외/,/사우동중등수학과외/,사우동중등수학과외,C:/Projects/studyhub/output/김포중등수학과외/index.html,하위 페이지 더 보기
/김포중등수학과외/,/양촌읍중등수학과외/,양촌읍중등수학과외,C:/Projects/studyhub/output/김포중등수학과외/index.html,하위 페이지 더 보기
/김포중등수학과외/,/운양동중등수학과외/,운양동중등수학과외,C:/Projects/studyhub/output/김포중등수학과외/index.html,하위 페이지 더 보기
/김포중등수학과외/,/장기동중등수학과외/,장기동중등수학과외,C:/Projects/studyhub/output/김포중등수학과외/index.html,하위 페이지 더 보기
/김포중등수학과외/,/풍무동중등수학과외/,풍무동중등수학과외,C:/Projects/studyhub/output/김포중등수학과외/index.html,하위 페이지 더 보기
/김포중등영어과외/,/북변동중등영어과외/,북변동중등영어과외,C:/Projects/studyhub/output/김포중등영어과외/index.html,하위 페이지 더 보기
/김포중등영어과외/,/사우동중등영어과외/,사우동중등영어과외,C:/Projects/studyhub/output/김포중등영어과외/index.html,하위 페이지 더 보기
/김포중등영어과외/,/양촌읍중등영어과외/,양촌읍중등영어과외,C:/Projects/studyhub/output/김포중등영어과외/index.html,하위 페이지 더 보기
/김포중등영어과외/,/운양동중등영어과외/,운양동중등영어과외,C:/Projects/studyhub/output/김포중등영어과외/index.html,하위 페이지 더 보기
/김포중등영어과외/,/장기동중등영어과외/,장기동중등영어과외,C:/Projects/studyhub/output/김포중등영어과외/index.html,하위 페이지 더 보기
/김포중등영어과외/,/풍무동중등영어과외/,풍무동중등영어과외,C:/Projects/studyhub/output/김포중등영어과외/index.html,하위 페이지 더 보기
/김포초등과외/,/북변동초등과외/,북변동초등과외,C:/Projects/studyhub/output/김포초등과외/index.html,하위 페이지 더 보기
/김포초등과외/,/사우동초등과외/,사우동초등과외,C:/Projects/studyhub/output/김포초등과외/index.html,하위 페이지 더 보기
/김포초등과외/,/양촌읍초등과외/,양촌읍초등과외,C:/Projects/studyhub/output/김포초등과외/index.html,하위 페이지 더 보기
/김포초등과외/,/운양동초등과외/,운양동초등과외,C:/Projects/studyhub/output/김포초등과외/index.html,하위 페이지 더 보기
/김포초등과외/,/장기동초등과외/,장기동초등과외,C:/Projects/studyhub/output/김포초등과외/index.html,하위 페이지 더 보기
/김포초등과외/,/풍무동초등과외/,풍무동초등과외,C:/Projects/studyhub/output/김포초등과외/index.html,하위 페이지 더 보기
/김포초등수학과외/,/북변동초등수학과외/,북변동초등수학과외,C:/Projects/studyhub/output/김포초등수학과외/index.html,하위 페이지 더 보기
/김포초등수학과외/,/사우동초등수학과외/,사우동초등수학과외,C:/Projects/studyhub/output/김포초등수학과외/index.html,하위 페이지 더 보기
/김포초등수학과외/,/양촌읍초등수학과외/,양촌읍초등수학과외,C:/Projects/studyhub/output/김포초등수학과외/index.html,하위 페이지 더 보기
/김포초등수학과외/,/운양동초등수학과외/,운양동초등수학과외,C:/Projects/studyhub/output/김포초등수학과외/index.html,하위 페이지 더 보기
/김포초등수학과외/,/장기동초등수학과외/,장기동초등수학과외,C:/Projects/studyhub/output/김포초등수학과외/index.html,하위 페이지 더 보기
/김포초등수학과외/,/풍무동초등수학과외/,풍무동초등수학과외,C:/Projects/studyhub/output/김포초등수학과외/index.html,하위 페이지 더 보기
/김포초등영어과외/,/북변동초등영어과외/,북변동초등영어과외,C:/Projects/studyhub/output/김포초등영어과외/index.html,하위 페이지 더 보기
/김포초등영어과외/,/사우동초등영어과외/,사우동초등영어과외,C:/Projects/studyhub/output/김포초등영어과외/index.html,하위 페이지 더 보기
/김포초등영어과외/,/양촌읍초등영어과외/,양촌읍초등영어과외,C:/Projects/studyhub/output/김포초등영어과외/index.html,하위 페이지 더 보기
/김포초등영어과외/,/운양동초등영어과외/,운양동초등영어과외,C:/Projects/studyhub/output/김포초등영어과외/index.html,하위 페이지 더 보기
/김포초등영어과외/,/장기동초등영어과외/,장기동초등영어과외,C:/Projects/studyhub/output/김포초등영어과외/index.html,하위 페이지 더 보기
/김포초등영어과외/,/풍무동초등영어과외/,풍무동초등영어과외,C:/Projects/studyhub/output/김포초등영어과외/index.html,하위 페이지 더 보기
/남양주고등과외/,/와부읍고등과외/,와부읍고등과외,C:/Projects/studyhub/output/남양주고등과외/index.html,하위 페이지 더 보기
/남양주고등과외/,/진접읍고등과외/,진접읍고등과외,C:/Projects/studyhub/output/남양주고등과외/index.html,하위 페이지 더 보기
/남양주고등과외/,/퇴계원고등과외/,퇴계원고등과외,C:/Projects/studyhub/output/남양주고등과외/index.html,하위 페이지 더 보기
/남양주고등과외/,/평내동고등과외/,평내동고등과외,C:/Projects/studyhub/output/남양주고등과외/index.html,하위 페이지 더 보기
/남양주고등과외/,/호평동고등과외/,호평동고등과외,C:/Projects/studyhub/output/남양주고등과외/index.html,하위 페이지 더 보기
/남양주고등과외/,/화도읍고등과외/,화도읍고등과외,C:/Projects/studyhub/output/남양주고등과외/index.html,하위 페이지 더 보기
/남양주고등수학과외/,/와부읍고등수학과외/,와부읍고등수학과외,C:/Projects/studyhub/output/남양주고등수학과외/index.html,하위 페이지 더 보기
/남양주고등수학과외/,/진접읍고등수학과외/,진접읍고등수학과외,C:/Projects/studyhub/output/남양주고등수학과외/index.html,하위 페이지 더 보기
/남양주고등수학과외/,/퇴계원고등수학과외/,퇴계원고등수학과외,C:/Projects/studyhub/output/남양주고등수학과외/index.html,하위 페이지 더 보기
/남양주고등수학과외/,/평내동고등수학과외/,평내동고등수학과외,C:/Projects/studyhub/output/남양주고등수학과외/index.html,하위 페이지 더 보기
/남양주고등수학과외/,/호평동고등수학과외/,호평동고등수학과외,C:/Projects/studyhub/output/남양주고등수학과외/index.html,하위 페이지 더 보기
/남양주고등수학과외/,/화도읍고등수학과외/,화도읍고등수학과외,C:/Projects/studyhub/output/남양주고등수학과외/index.html,하위 페이지 더 보기
/남양주고등영어과외/,/와부읍고등영어과외/,와부읍고등영어과외,C:/Projects/studyhub/output/남양주고등영어과외/index.html,하위 페이지 더 보기
/남양주고등영어과외/,/진접읍고등영어과외/,진접읍고등영어과외,C:/Projects/studyhub/output/남양주고등영어과외/index.html,하위 페이지 더 보기
/남양주고등영어과외/,/퇴계원고등영어과외/,퇴계원고등영어과외,C:/Projects/studyhub/output/남양주고등영어과외/index.html,하위 페이지 더 보기
/남양주고등영어과외/,/평내동고등영어과외/,평내동고등영어과외,C:/Projects/studyhub/output/남양주고등영어과외/index.html,하위 페이지 더 보기
/남양주고등영어과외/,/호평동고등영어과외/,호평동고등영어과외,C:/Projects/studyhub/output/남양주고등영어과외/index.html,하위 페이지 더 보기
/남양주고등영어과외/,/화도읍고등영어과외/,화도읍고등영어과외,C:/Projects/studyhub/output/남양주고등영어과외/index.html,하위 페이지 더 보기
/남양주과외/,/와부읍과외/,와부읍과외,C:/Projects/studyhub/output/남양주과외/index.html,하위 페이지 더 보기
/남양주과외/,/진접읍과외/,진접읍과외,C:/Projects/studyhub/output/남양주과외/index.html,하위 페이지 더 보기
/남양주과외/,/퇴계원과외/,퇴계원과외,C:/Projects/studyhub/output/남양주과외/index.html,하위 페이지 더 보기
/남양주과외/,/평내동과외/,평내동과외,C:/Projects/studyhub/output/남양주과외/index.html,하위 페이지 더 보기
/남양주과외/,/호평동과외/,호평동과외,C:/Projects/studyhub/output/남양주과외/index.html,하위 페이지 더 보기
/남양주과외/,/화도읍과외/,화도읍과외,C:/Projects/studyhub/output/남양주과외/index.html,하위 페이지 더 보기
/남양주수학과외/,/와부읍수학과외/,와부읍수학과외,C:/Projects/studyhub/output/남양주수학과외/index.html,하위 페이지 더 보기
/남양주수학과외/,/진접읍수학과외/,진접읍수학과외,C:/Projects/studyhub/output/남양주수학과외/index.html,하위 페이지 더 보기
/남양주수학과외/,/퇴계원수학과외/,퇴계원수학과외,C:/Projects/studyhub/output/남양주수학과외/index.html,하위 페이지 더 보기
/남양주수학과외/,/평내동수학과외/,평내동수학과외,C:/Projects/studyhub/output/남양주수학과외/index.html,하위 페이지 더 보기
/남양주수학과외/,/호평동수학과외/,호평동수학과외,C:/Projects/studyhub/output/남양주수학과외/index.html,하위 페이지 더 보기
/남양주수학과외/,/화도읍수학과외/,화도읍수학과외,C:/Projects/studyhub/output/남양주수학과외/index.html,하위 페이지 더 보기
/남양주영어과외/,/와부읍영어과외/,와부읍영어과외,C:/Projects/studyhub/output/남양주영어과외/index.html,하위 페이지 더 보기
/남양주영어과외/,/진접읍영어과외/,진접읍영어과외,C:/Projects/studyhub/output/남양주영어과외/index.html,하위 페이지 더 보기
/남양주영어과외/,/퇴계원영어과외/,퇴계원영어과외,C:/Projects/studyhub/output/남양주영어과외/index.html,하위 페이지 더 보기
/남양주영어과외/,/평내동영어과외/,평내동영어과외,C:/Projects/studyhub/output/남양주영어과외/index.html,하위 페이지 더 보기
/남양주영어과외/,/호평동영어과외/,호평동영어과외,C:/Projects/studyhub/output/남양주영어과외/index.html,하위 페이지 더 보기
/남양주영어과외/,/화도읍영어과외/,화도읍영어과외,C:/Projects/studyhub/output/남양주영어과외/index.html,하위 페이지 더 보기
/남양주중등과외/,/와부읍중등과외/,와부읍중등과외,C:/Projects/studyhub/output/남양주중등과외/index.html,하위 페이지 더 보기
/남양주중등과외/,/진접읍중등과외/,진접읍중등과외,C:/Projects/studyhub/output/남양주중등과외/index.html,하위 페이지 더 보기
/남양주중등과외/,/퇴계원중등과외/,퇴계원중등과외,C:/Projects/studyhub/output/남양주중등과외/index.html,하위 페이지 더 보기
/남양주중등과외/,/평내동중등과외/,평내동중등과외,C:/Projects/studyhub/output/남양주중등과외/index.html,하위 페이지 더 보기
/남양주중등과외/,/호평동중등과외/,호평동중등과외,C:/Projects/studyhub/output/남양주중등과외/index.html,하위 페이지 더 보기
/남양주중등과외/,/화도읍중등과외/,화도읍중등과외,C:/Projects/studyhub/output/남양주중등과외/index.html,하위 페이지 더 보기
/남양주중등수학과외/,/와부읍중등수학과외/,와부읍중등수학과외,C:/Projects/studyhub/output/남양주중등수학과외/index.html,하위 페이지 더 보기
/남양주중등수학과외/,/진접읍중등수학과외/,진접읍중등수학과외,C:/Projects/studyhub/output/남양주중등수학과외/index.html,하위 페이지 더 보기
/남양주중등수학과외/,/퇴계원중등수학과외/,퇴계원중등수학과외,C:/Projects/studyhub/output/남양주중등수학과외/index.html,하위 페이지 더 보기
/남양주중등수학과외/,/평내동중등수학과외/,평내동중등수학과외,C:/Projects/studyhub/output/남양주중등수학과외/index.html,하위 페이지 더 보기
/남양주중등수학과외/,/호평동중등수학과외/,호평동중등수학과외,C:/Projects/studyhub/output/남양주중등수학과외/index.html,하위 페이지 더 보기
/남양주중등수학과외/,/화도읍중등수학과외/,화도읍중등수학과외,C:/Projects/studyhub/output/남양주중등수학과외/index.html,하위 페이지 더 보기
/남양주중등영어과외/,/와부읍중등영어과외/,와부읍중등영어과외,C:/Projects/studyhub/output/남양주중등영어과외/index.html,하위 페이지 더 보기
/남양주중등영어과외/,/진접읍중등영어과외/,진접읍중등영어과외,C:/Projects/studyhub/output/남양주중등영어과외/index.html,하위 페이지 더 보기
/남양주중등영어과외/,/퇴계원중등영어과외/,퇴계원중등영어과외,C:/Projects/studyhub/output/남양주중등영어과외/index.html,하위 페이지 더 보기
/남양주중등영어과외/,/평내동중등영어과외/,평내동중등영어과외,C:/Projects/studyhub/output/남양주중등영어과외/index.html,하위 페이지 더 보기
/남양주중등영어과외/,/호평동중등영어과외/,호평동중등영어과외,C:/Projects/studyhub/output/남양주중등영어과외/index.html,하위 페이지 더 보기
/남양주중등영어과외/,/화도읍중등영어과외/,화도읍중등영어과외,C:/Projects/studyhub/output/남양주중등영어과외/index.html,하위 페이지 더 보기
/남양주초등과외/,/와부읍초등과외/,와부읍초등과외,C:/Projects/studyhub/output/남양주초등과외/index.html,하위 페이지 더 보기
/남양주초등과외/,/진접읍초등과외/,진접읍초등과외,C:/Projects/studyhub/output/남양주초등과외/index.html,하위 페이지 더 보기
/남양주초등과외/,/퇴계원초등과외/,퇴계원초등과외,C:/Projects/studyhub/output/남양주초등과외/index.html,하위 페이지 더 보기
/남양주초등과외/,/평내동초등과외/,평내동초등과외,C:/Projects/studyhub/output/남양주초등과외/index.html,하위 페이지 더 보기
/남양주초등과외/,/호평동초등과외/,호평동초등과외,C:/Projects/studyhub/output/남양주초등과외/index.html,하위 페이지 더 보기
/남양주초등과외/,/화도읍초등과외/,화도읍초등과외,C:/Projects/studyhub/output/남양주초등과외/index.html,하위 페이지 더 보기
/남양주초등수학과외/,/와부읍초등수학과외/,와부읍초등수학과외,C:/Projects/studyhub/output/남양주초등수학과외/index.html,하위 페이지 더 보기
/남양주초등수학과외/,/진접읍초등수학과외/,진접읍초등수학과외,C:/Projects/studyhub/output/남양주초등수학과외/index.html,하위 페이지 더 보기
/남양주초등수학과외/,/퇴계원초등수학과외/,퇴계원초등수학과외,C:/Projects/studyhub/output/남양주초등수학과외/index.html,하위 페이지 더 보기
/남양주초등수학과외/,/평내동초등수학과외/,평내동초등수학과외,C:/Projects/studyhub/output/남양주초등수학과외/index.html,하위 페이지 더 보기
/남양주초등수학과외/,/호평동초등수학과외/,호평동초등수학과외,C:/Projects/studyhub/output/남양주초등수학과외/index.html,하위 페이지 더 보기
/남양주초등수학과외/,/화도읍초등수학과외/,화도읍초등수학과외,C:/Projects/studyhub/output/남양주초등수학과외/index.html,하위 페이지 더 보기
/남양주초등영어과외/,/와부읍초등영어과외/,와부읍초등영어과외,C:/Projects/studyhub/output/남양주초등영어과외/index.html,하위 페이지 더 보기
/남양주초등영어과외/,/진접읍초등영어과외/,진접읍초등영어과외,C:/Projects/studyhub/output/남양주초등영어과외/index.html,하위 페이지 더 보기
/남양주초등영어과외/,/퇴계원초등영어과외/,퇴계원초등영어과외,C:/Projects/studyhub/output/남양주초등영어과외/index.html,하위 페이지 더 보기
/남양주초등영어과외/,/평내동초등영어과외/,평내동초등영어과외,C:/Projects/studyhub/output/남양주초등영어과외/index.html,하위 페이지 더 보기
/남양주초등영어과외/,/호평동초등영어과외/,호평동초등영어과외,C:/Projects/studyhub/output/남양주초등영어과외/index.html,하위 페이지 더 보기
/남양주초등영어과외/,/화도읍초등영어과외/,화도읍초등영어과외,C:/Projects/studyhub/output/남양주초등영어과외/index.html,하위 페이지 더 보기
/달서구고등과외/,/월성동고등과외/,월성동고등과외,C:/Projects/studyhub/output/달서구고등과외/index.html,하위 페이지 더 보기
/달서구고등과외/,/유천동고등과외/,유천동고등과외,C:/Projects/studyhub/output/달서구고등과외/index.html,하위 페이지 더 보기
/달서구고등수학과외/,/월성동고등수학과외/,월성동고등수학과외,C:/Projects/studyhub/output/달서구고등수학과외/index.html,하위 페이지 더 보기
/달서구고등수학과외/,/유천동고등수학과외/,유천동고등수학과외,C:/Projects/studyhub/output/달서구고등수학과외/index.html,하위 페이지 더 보기
/달서구고등영어과외/,/월성동고등영어과외/,월성동고등영어과외,C:/Projects/studyhub/output/달서구고등영어과외/index.html,하위 페이지 더 보기
/달서구고등영어과외/,/유천동고등영어과외/,유천동고등영어과외,C:/Projects/studyhub/output/달서구고등영어과외/index.html,하위 페이지 더 보기
/달서구과외/,/월성동과외/,월성동과외,C:/Projects/studyhub/output/달서구과외/index.html,하위 페이지 더 보기
/달서구과외/,/유천동과외/,유천동과외,C:/Projects/studyhub/output/달서구과외/index.html,하위 페이지 더 보기
/달서구수학과외/,/월성동수학과외/,월성동수학과외,C:/Projects/studyhub/output/달서구수학과외/index.html,하위 페이지 더 보기
/달서구수학과외/,/유천동수학과외/,유천동수학과외,C:/Projects/studyhub/output/달서구수학과외/index.html,하위 페이지 더 보기
/달서구영어과외/,/월성동영어과외/,월성동영어과외,C:/Projects/studyhub/output/달서구영어과외/index.html,하위 페이지 더 보기
/달서구영어과외/,/유천동영어과외/,유천동영어과외,C:/Projects/studyhub/output/달서구영어과외/index.html,하위 페이지 더 보기
/달서구중등과외/,/월성동중등과외/,월성동중등과외,C:/Projects/studyhub/output/달서구중등과외/index.html,하위 페이지 더 보기
/달서구중등과외/,/유천동중등과외/,유천동중등과외,C:/Projects/studyhub/output/달서구중등과외/index.html,하위 페이지 더 보기
/달서구중등수학과외/,/월성동중등수학과외/,월성동중등수학과외,C:/Projects/studyhub/output/달서구중등수학과외/index.html,하위 페이지 더 보기
/달서구중등수학과외/,/유천동중등수학과외/,유천동중등수학과외,C:/Projects/studyhub/output/달서구중등수학과외/index.html,하위 페이지 더 보기
/달서구중등영어과외/,/월성동중등영어과외/,월성동중등영어과외,C:/Projects/studyhub/output/달서구중등영어과외/index.html,하위 페이지 더 보기
/달서구중등영어과외/,/유천동중등영어과외/,유천동중등영어과외,C:/Projects/studyhub/output/달서구중등영어과외/index.html,하위 페이지 더 보기
/달서구초등과외/,/월성동초등과외/,월성동초등과외,C:/Projects/studyhub/output/달서구초등과외/index.html,하위 페이지 더 보기
/달서구초등과외/,/유천동초등과외/,유천동초등과외,C:/Projects/studyhub/output/달서구초등과외/index.html,하위 페이지 더 보기
/달서구초등수학과외/,/월성동초등수학과외/,월성동초등수학과외,C:/Projects/studyhub/output/달서구초등수학과외/index.html,하위 페이지 더 보기
/달서구초등수학과외/,/유천동초등수학과외/,유천동초등수학과외,C:/Projects/studyhub/output/달서구초등수학과외/index.html,하위 페이지 더 보기
/달서구초등영어과외/,/월성동초등영어과외/,월성동초등영어과외,C:/Projects/studyhub/output/달서구초등영어과외/index.html,하위 페이지 더 보기
/달서구초등영어과외/,/유천동초등영어과외/,유천동초등영어과외,C:/Projects/studyhub/output/달서구초등영어과외/index.html,하위 페이지 더 보기
/대구고등과외/,/수성구고등과외/,수성구고등과외,C:/Projects/studyhub/output/대구고등과외/index.html,하위 페이지 더 보기
/대구고등수학과외/,/수성구고등수학과외/,수성구고등수학과외,C:/Projects/studyhub/output/대구고등수학과외/index.html,하위 페이지 더 보기
/대구고등영어과외/,/수성구고등영어과외/,수성구고등영어과외,C:/Projects/studyhub/output/대구고등영어과외/index.html,하위 페이지 더 보기
/대구과외/,/대구과외/수성구과외/,수성구과외,C:/Projects/studyhub/output/대구과외/index.html,하위 페이지 더 보기
/대구과외/수성구과외/,/사월동과외/,사월동과외,C:/Projects/studyhub/output/대구과외/수성구과외/index.html,하위 페이지 더 보기
/대구과외/수성구과외/,/수성동과외/,수성동과외,C:/Projects/studyhub/output/대구과외/수성구과외/index.html,하위 페이지 더 보기
/대구과외/수성구과외/,/시지동과외/,시지동과외,C:/Projects/studyhub/output/대구과외/수성구과외/index.html,하위 페이지 더 보기
/대구과외/수성구과외/,/신매동과외/,신매동과외,C:/Projects/studyhub/output/대구과외/수성구과외/index.html,하위 페이지 더 보기
/대구과외/수성구과외/,/연호동과외/,연호동과외,C:/Projects/studyhub/output/대구과외/수성구과외/index.html,하위 페이지 더 보기
/대구과외/수성구과외/,/지산동과외/,지산동과외,C:/Projects/studyhub/output/대구과외/수성구과외/index.html,하위 페이지 더 보기
/대구과외/수성구과외/,/황금동과외/,황금동과외,C:/Projects/studyhub/output/대구과외/수성구과외/index.html,하위 페이지 더 보기
/대구동구고등과외/,/효목동고등과외/,효목동고등과외,C:/Projects/studyhub/output/대구동구고등과외/index.html,하위 페이지 더 보기
/대구동구고등수학과외/,/효목동고등수학과외/,효목동고등수학과외,C:/Projects/studyhub/output/대구동구고등수학과외/index.html,하위 페이지 더 보기
/대구동구고등영어과외/,/효목동고등영어과외/,효목동고등영어과외,C:/Projects/studyhub/output/대구동구고등영어과외/index.html,하위 페이지 더 보기
/대구동구과외/,/효목동과외/,효목동과외,C:/Projects/studyhub/output/대구동구과외/index.html,하위 페이지 더 보기
/대구동구수학과외/,/효목동수학과외/,효목동수학과외,C:/Projects/studyhub/output/대구동구수학과외/index.html,하위 페이지 더 보기
/대구동구영어과외/,/효목동영어과외/,효목동영어과외,C:/Projects/studyhub/output/대구동구영어과외/index.html,하위 페이지 더 보기
/대구동구중등과외/,/효목동중등과외/,효목동중등과외,C:/Projects/studyhub/output/대구동구중등과외/index.html,하위 페이지 더 보기
/대구동구중등수학과외/,/효목동중등수학과외/,효목동중등수학과외,C:/Projects/studyhub/output/대구동구중등수학과외/index.html,하위 페이지 더 보기
/대구동구중등영어과외/,/효목동중등영어과외/,효목동중등영어과외,C:/Projects/studyhub/output/대구동구중등영어과외/index.html,하위 페이지 더 보기
/대구동구초등과외/,/효목동초등과외/,효목동초등과외,C:/Projects/studyhub/output/대구동구초등과외/index.html,하위 페이지 더 보기
/대구동구초등수학과외/,/효목동초등수학과외/,효목동초등수학과외,C:/Projects/studyhub/output/대구동구초등수학과외/index.html,하위 페이지 더 보기
/대구동구초등영어과외/,/효목동초등영어과외/,효목동초등영어과외,C:/Projects/studyhub/output/대구동구초등영어과외/index.html,하위 페이지 더 보기
/대구북구고등과외/,/칠성동고등과외/,칠성동고등과외,C:/Projects/studyhub/output/대구북구고등과외/index.html,하위 페이지 더 보기
/대구북구고등과외/,/침산동고등과외/,침산동고등과외,C:/Projects/studyhub/output/대구북구고등과외/index.html,하위 페이지 더 보기
/대구북구고등과외/,/팔달동고등과외/,팔달동고등과외,C:/Projects/studyhub/output/대구북구고등과외/index.html,하위 페이지 더 보기
/대구북구고등수학과외/,/칠성동고등수학과외/,칠성동고등수학과외,C:/Projects/studyhub/output/대구북구고등수학과외/index.html,하위 페이지 더 보기
/대구북구고등수학과외/,/침산동고등수학과외/,침산동고등수학과외,C:/Projects/studyhub/output/대구북구고등수학과외/index.html,하위 페이지 더 보기
/대구북구고등수학과외/,/팔달동고등수학과외/,팔달동고등수학과외,C:/Projects/studyhub/output/대구북구고등수학과외/index.html,하위 페이지 더 보기
/대구북구고등영어과외/,/칠성동고등영어과외/,칠성동고등영어과외,C:/Projects/studyhub/output/대구북구고등영어과외/index.html,하위 페이지 더 보기
/대구북구고등영어과외/,/침산동고등영어과외/,침산동고등영어과외,C:/Projects/studyhub/output/대구북구고등영어과외/index.html,하위 페이지 더 보기
/대구북구고등영어과외/,/팔달동고등영어과외/,팔달동고등영어과외,C:/Projects/studyhub/output/대구북구고등영어과외/index.html,하위 페이지 더 보기
/대구북구과외/,/칠성동과외/,칠성동과외,C:/Projects/studyhub/output/대구북구과외/index.html,하위 페이지 더 보기
/대구북구과외/,/침산동과외/,침산동과외,C:/Projects/studyhub/output/대구북구과외/index.html,하위 페이지 더 보기
/대구북구과외/,/팔달동과외/,팔달동과외,C:/Projects/studyhub/output/대구북구과외/index.html,하위 페이지 더 보기
/대구북구수학과외/,/칠성동수학과외/,칠성동수학과외,C:/Projects/studyhub/output/대구북구수학과외/index.html,하위 페이지 더 보기
/대구북구수학과외/,/침산동수학과외/,침산동수학과외,C:/Projects/studyhub/output/대구북구수학과외/index.html,하위 페이지 더 보기
/대구북구수학과외/,/팔달동수학과외/,팔달동수학과외,C:/Projects/studyhub/output/대구북구수학과외/index.html,하위 페이지 더 보기
/대구북구영어과외/,/칠성동영어과외/,칠성동영어과외,C:/Projects/studyhub/output/대구북구영어과외/index.html,하위 페이지 더 보기
/대구북구영어과외/,/침산동영어과외/,침산동영어과외,C:/Projects/studyhub/output/대구북구영어과외/index.html,하위 페이지 더 보기
/대구북구영어과외/,/팔달동영어과외/,팔달동영어과외,C:/Projects/studyhub/output/대구북구영어과외/index.html,하위 페이지 더 보기
/대구북구중등과외/,/칠성동중등과외/,칠성동중등과외,C:/Projects/studyhub/output/대구북구중등과외/index.html,하위 페이지 더 보기
/대구북구중등과외/,/침산동중등과외/,침산동중등과외,C:/Projects/studyhub/output/대구북구중등과외/index.html,하위 페이지 더 보기
/대구북구중등과외/,/팔달동중등과외/,팔달동중등과외,C:/Projects/studyhub/output/대구북구중등과외/index.html,하위 페이지 더 보기
/대구북구중등수학과외/,/칠성동중등수학과외/,칠성동중등수학과외,C:/Projects/studyhub/output/대구북구중등수학과외/index.html,하위 페이지 더 보기
/대구북구중등수학과외/,/침산동중등수학과외/,침산동중등수학과외,C:/Projects/studyhub/output/대구북구중등수학과외/index.html,하위 페이지 더 보기
/대구북구중등수학과외/,/팔달동중등수학과외/,팔달동중등수학과외,C:/Projects/studyhub/output/대구북구중등수학과외/index.html,하위 페이지 더 보기
/대구북구중등영어과외/,/칠성동중등영어과외/,칠성동중등영어과외,C:/Projects/studyhub/output/대구북구중등영어과외/index.html,하위 페이지 더 보기
/대구북구중등영어과외/,/침산동중등영어과외/,침산동중등영어과외,C:/Projects/studyhub/output/대구북구중등영어과외/index.html,하위 페이지 더 보기
/대구북구중등영어과외/,/팔달동중등영어과외/,팔달동중등영어과외,C:/Projects/studyhub/output/대구북구중등영어과외/index.html,하위 페이지 더 보기
/대구북구초등과외/,/칠성동초등과외/,칠성동초등과외,C:/Projects/studyhub/output/대구북구초등과외/index.html,하위 페이지 더 보기
/대구북구초등과외/,/침산동초등과외/,침산동초등과외,C:/Projects/studyhub/output/대구북구초등과외/index.html,하위 페이지 더 보기
/대구북구초등과외/,/팔달동초등과외/,팔달동초등과외,C:/Projects/studyhub/output/대구북구초등과외/index.html,하위 페이지 더 보기
/대구북구초등수학과외/,/칠성동초등수학과외/,칠성동초등수학과외,C:/Projects/studyhub/output/대구북구초등수학과외/index.html,하위 페이지 더 보기
/대구북구초등수학과외/,/침산동초등수학과외/,침산동초등수학과외,C:/Projects/studyhub/output/대구북구초등수학과외/index.html,하위 페이지 더 보기
/대구북구초등수학과외/,/팔달동초등수학과외/,팔달동초등수학과외,C:/Projects/studyhub/output/대구북구초등수학과외/index.html,하위 페이지 더 보기
/대구북구초등영어과외/,/칠성동초등영어과외/,칠성동초등영어과외,C:/Projects/studyhub/output/대구북구초등영어과외/index.html,하위 페이지 더 보기
/대구북구초등영어과외/,/침산동초등영어과외/,침산동초등영어과외,C:/Projects/studyhub/output/대구북구초등영어과외/index.html,하위 페이지 더 보기
/대구북구초등영어과외/,/팔달동초등영어과외/,팔달동초등영어과외,C:/Projects/studyhub/output/대구북구초등영어과외/index.html,하위 페이지 더 보기
/대구수학과외/,/수성구수학과외/,수성구수학과외,C:/Projects/studyhub/output/대구수학과외/index.html,하위 페이지 더 보기
/대구영어과외/,/수성구영어과외/,수성구영어과외,C:/Projects/studyhub/output/대구영어과외/index.html,하위 페이지 더 보기
/대구중등과외/,/수성구중등과외/,수성구중등과외,C:/Projects/studyhub/output/대구중등과외/index.html,하위 페이지 더 보기
/대구중등수학과외/,/수성구중등수학과외/,수성구중등수학과외,C:/Projects/studyhub/output/대구중등수학과외/index.html,하위 페이지 더 보기
/대구중등영어과외/,/수성구중등영어과외/,수성구중등영어과외,C:/Projects/studyhub/output/대구중등영어과외/index.html,하위 페이지 더 보기
/대구초등과외/,/수성구초등과외/,수성구초등과외,C:/Projects/studyhub/output/대구초등과외/index.html,하위 페이지 더 보기
/대구초등수학과외/,/수성구초등수학과외/,수성구초등수학과외,C:/Projects/studyhub/output/대구초등수학과외/index.html,하위 페이지 더 보기
/대구초등영어과외/,/수성구초등영어과외/,수성구초등영어과외,C:/Projects/studyhub/output/대구초등영어과외/index.html,하위 페이지 더 보기
/대전고등과외/,/유성구고등과외/,유성구고등과외,C:/Projects/studyhub/output/대전고등과외/index.html,하위 페이지 더 보기
/대전고등수학과외/,/유성구고등수학과외/,유성구고등수학과외,C:/Projects/studyhub/output/대전고등수학과외/index.html,하위 페이지 더 보기
/대전고등영어과외/,/유성구고등영어과외/,유성구고등영어과외,C:/Projects/studyhub/output/대전고등영어과외/index.html,하위 페이지 더 보기
/대전과외/,/유성구과외/,유성구과외,C:/Projects/studyhub/output/대전과외/index.html,하위 페이지 더 보기
/대전서구고등과외/,/용문동고등과외/,용문동고등과외,C:/Projects/studyhub/output/대전서구고등과외/index.html,하위 페이지 더 보기
/대전서구고등과외/,/월평동고등과외/,월평동고등과외,C:/Projects/studyhub/output/대전서구고등과외/index.html,하위 페이지 더 보기
/대전서구고등과외/,/탄방동고등과외/,탄방동고등과외,C:/Projects/studyhub/output/대전서구고등과외/index.html,하위 페이지 더 보기
/대전서구고등수학과외/,/용문동고등수학과외/,용문동고등수학과외,C:/Projects/studyhub/output/대전서구고등수학과외/index.html,하위 페이지 더 보기
/대전서구고등수학과외/,/월평동고등수학과외/,월평동고등수학과외,C:/Projects/studyhub/output/대전서구고등수학과외/index.html,하위 페이지 더 보기
/대전서구고등수학과외/,/탄방동고등수학과외/,탄방동고등수학과외,C:/Projects/studyhub/output/대전서구고등수학과외/index.html,하위 페이지 더 보기
/대전서구고등영어과외/,/용문동고등영어과외/,용문동고등영어과외,C:/Projects/studyhub/output/대전서구고등영어과외/index.html,하위 페이지 더 보기
/대전서구고등영어과외/,/월평동고등영어과외/,월평동고등영어과외,C:/Projects/studyhub/output/대전서구고등영어과외/index.html,하위 페이지 더 보기
/대전서구고등영어과외/,/탄방동고등영어과외/,탄방동고등영어과외,C:/Projects/studyhub/output/대전서구고등영어과외/index.html,하위 페이지 더 보기
/대전서구과외/,/용문동과외/,용문동과외,C:/Projects/studyhub/output/대전서구과외/index.html,하위 페이지 더 보기
/대전서구과외/,/월평동과외/,월평동과외,C:/Projects/studyhub/output/대전서구과외/index.html,하위 페이지 더 보기
/대전서구과외/,/탄방동과외/,탄방동과외,C:/Projects/studyhub/output/대전서구과외/index.html,하위 페이지 더 보기
/대전서구수학과외/,/용문동수학과외/,용문동수학과외,C:/Projects/studyhub/output/대전서구수학과외/index.html,하위 페이지 더 보기
/대전서구수학과외/,/월평동수학과외/,월평동수학과외,C:/Projects/studyhub/output/대전서구수학과외/index.html,하위 페이지 더 보기
/대전서구수학과외/,/탄방동수학과외/,탄방동수학과외,C:/Projects/studyhub/output/대전서구수학과외/index.html,하위 페이지 더 보기
/대전서구영어과외/,/용문동영어과외/,용문동영어과외,C:/Projects/studyhub/output/대전서구영어과외/index.html,하위 페이지 더 보기
/대전서구영어과외/,/월평동영어과외/,월평동영어과외,C:/Projects/studyhub/output/대전서구영어과외/index.html,하위 페이지 더 보기
/대전서구영어과외/,/탄방동영어과외/,탄방동영어과외,C:/Projects/studyhub/output/대전서구영어과외/index.html,하위 페이지 더 보기
/대전서구중등과외/,/용문동중등과외/,용문동중등과외,C:/Projects/studyhub/output/대전서구중등과외/index.html,하위 페이지 더 보기
/대전서구중등과외/,/월평동중등과외/,월평동중등과외,C:/Projects/studyhub/output/대전서구중등과외/index.html,하위 페이지 더 보기
/대전서구중등과외/,/탄방동중등과외/,탄방동중등과외,C:/Projects/studyhub/output/대전서구중등과외/index.html,하위 페이지 더 보기
/대전서구중등수학과외/,/용문동중등수학과외/,용문동중등수학과외,C:/Projects/studyhub/output/대전서구중등수학과외/index.html,하위 페이지 더 보기
/대전서구중등수학과외/,/월평동중등수학과외/,월평동중등수학과외,C:/Projects/studyhub/output/대전서구중등수학과외/index.html,하위 페이지 더 보기
/대전서구중등수학과외/,/탄방동중등수학과외/,탄방동중등수학과외,C:/Projects/studyhub/output/대전서구중등수학과외/index.html,하위 페이지 더 보기
/대전서구중등영어과외/,/용문동중등영어과외/,용문동중등영어과외,C:/Projects/studyhub/output/대전서구중등영어과외/index.html,하위 페이지 더 보기
/대전서구중등영어과외/,/월평동중등영어과외/,월평동중등영어과외,C:/Projects/studyhub/output/대전서구중등영어과외/index.html,하위 페이지 더 보기
/대전서구중등영어과외/,/탄방동중등영어과외/,탄방동중등영어과외,C:/Projects/studyhub/output/대전서구중등영어과외/index.html,하위 페이지 더 보기
/대전서구초등과외/,/용문동초등과외/,용문동초등과외,C:/Projects/studyhub/output/대전서구초등과외/index.html,하위 페이지 더 보기
/대전서구초등과외/,/월평동초등과외/,월평동초등과외,C:/Projects/studyhub/output/대전서구초등과외/index.html,하위 페이지 더 보기
/대전서구초등과외/,/탄방동초등과외/,탄방동초등과외,C:/Projects/studyhub/output/대전서구초등과외/index.html,하위 페이지 더 보기
/대전서구초등수학과외/,/용문동초등수학과외/,용문동초등수학과외,C:/Projects/studyhub/output/대전서구초등수학과외/index.html,하위 페이지 더 보기
/대전서구초등수학과외/,/월평동초등수학과외/,월평동초등수학과외,C:/Projects/studyhub/output/대전서구초등수학과외/index.html,하위 페이지 더 보기
/대전서구초등수학과외/,/탄방동초등수학과외/,탄방동초등수학과외,C:/Projects/studyhub/output/대전서구초등수학과외/index.html,하위 페이지 더 보기
/대전서구초등영어과외/,/용문동초등영어과외/,용문동초등영어과외,C:/Projects/studyhub/output/대전서구초등영어과외/index.html,하위 페이지 더 보기
/대전서구초등영어과외/,/월평동초등영어과외/,월평동초등영어과외,C:/Projects/studyhub/output/대전서구초등영어과외/index.html,하위 페이지 더 보기
/대전서구초등영어과외/,/탄방동초등영어과외/,탄방동초등영어과외,C:/Projects/studyhub/output/대전서구초등영어과외/index.html,하위 페이지 더 보기
/대전수학과외/,/유성구수학과외/,유성구수학과외,C:/Projects/studyhub/output/대전수학과외/index.html,하위 페이지 더 보기
/대전영어과외/,/유성구영어과외/,유성구영어과외,C:/Projects/studyhub/output/대전영어과외/index.html,하위 페이지 더 보기
/대전중등과외/,/유성구중등과외/,유성구중등과외,C:/Projects/studyhub/output/대전중등과외/index.html,하위 페이지 더 보기
/대전중등수학과외/,/유성구중등수학과외/,유성구중등수학과외,C:/Projects/studyhub/output/대전중등수학과외/index.html,하위 페이지 더 보기
/대전중등영어과외/,/유성구중등영어과외/,유성구중등영어과외,C:/Projects/studyhub/output/대전중등영어과외/index.html,하위 페이지 더 보기
/대전초등과외/,/유성구초등과외/,유성구초등과외,C:/Projects/studyhub/output/대전초등과외/index.html,하위 페이지 더 보기
/대전초등수학과외/,/유성구초등수학과외/,유성구초등수학과외,C:/Projects/studyhub/output/대전초등수학과외/index.html,하위 페이지 더 보기
/대전초등영어과외/,/유성구초등영어과외/,유성구초등영어과외,C:/Projects/studyhub/output/대전초등영어과외/index.html,하위 페이지 더 보기
/덕양구고등과외/,/원당동고등과외/,원당동고등과외,C:/Projects/studyhub/output/덕양구고등과외/index.html,하위 페이지 더 보기
/덕양구고등과외/,/원흥동고등과외/,원흥동고등과외,C:/Projects/studyhub/output/덕양구고등과외/index.html,하위 페이지 더 보기
/덕양구고등과외/,/지축동고등과외/,지축동고등과외,C:/Projects/studyhub/output/덕양구고등과외/index.html,하위 페이지 더 보기
/덕양구고등과외/,/토당동고등과외/,토당동고등과외,C:/Projects/studyhub/output/덕양구고등과외/index.html,하위 페이지 더 보기
/덕양구고등과외/,/행신동고등과외/,행신동고등과외,C:/Projects/studyhub/output/덕양구고등과외/index.html,하위 페이지 더 보기
/덕양구고등과외/,/화정동고등과외/,화정동고등과외,C:/Projects/studyhub/output/덕양구고등과외/index.html,하위 페이지 더 보기
/덕양구고등수학과외/,/원당동고등수학과외/,원당동고등수학과외,C:/Projects/studyhub/output/덕양구고등수학과외/index.html,하위 페이지 더 보기
/덕양구고등수학과외/,/원흥동고등수학과외/,원흥동고등수학과외,C:/Projects/studyhub/output/덕양구고등수학과외/index.html,하위 페이지 더 보기
/덕양구고등수학과외/,/지축동고등수학과외/,지축동고등수학과외,C:/Projects/studyhub/output/덕양구고등수학과외/index.html,하위 페이지 더 보기
/덕양구고등수학과외/,/토당동고등수학과외/,토당동고등수학과외,C:/Projects/studyhub/output/덕양구고등수학과외/index.html,하위 페이지 더 보기
/덕양구고등수학과외/,/행신동고등수학과외/,행신동고등수학과외,C:/Projects/studyhub/output/덕양구고등수학과외/index.html,하위 페이지 더 보기
/덕양구고등수학과외/,/화정동고등수학과외/,화정동고등수학과외,C:/Projects/studyhub/output/덕양구고등수학과외/index.html,하위 페이지 더 보기
/덕양구고등영어과외/,/원당동고등영어과외/,원당동고등영어과외,C:/Projects/studyhub/output/덕양구고등영어과외/index.html,하위 페이지 더 보기
/덕양구고등영어과외/,/원흥동고등영어과외/,원흥동고등영어과외,C:/Projects/studyhub/output/덕양구고등영어과외/index.html,하위 페이지 더 보기
/덕양구고등영어과외/,/지축동고등영어과외/,지축동고등영어과외,C:/Projects/studyhub/output/덕양구고등영어과외/index.html,하위 페이지 더 보기
/덕양구고등영어과외/,/토당동고등영어과외/,토당동고등영어과외,C:/Projects/studyhub/output/덕양구고등영어과외/index.html,하위 페이지 더 보기
/덕양구고등영어과외/,/행신동고등영어과외/,행신동고등영어과외,C:/Projects/studyhub/output/덕양구고등영어과외/index.html,하위 페이지 더 보기
/덕양구고등영어과외/,/화정동고등영어과외/,화정동고등영어과외,C:/Projects/studyhub/output/덕양구고등영어과외/index.html,하위 페이지 더 보기
/덕양구과외/,/원당동과외/,원당동과외,C:/Projects/studyhub/output/덕양구과외/index.html,하위 페이지 더 보기
/덕양구과외/,/원흥동과외/,원흥동과외,C:/Projects/studyhub/output/덕양구과외/index.html,하위 페이지 더 보기
/덕양구과외/,/지축동과외/,지축동과외,C:/Projects/studyhub/output/덕양구과외/index.html,하위 페이지 더 보기
/덕양구과외/,/토당동과외/,토당동과외,C:/Projects/studyhub/output/덕양구과외/index.html,하위 페이지 더 보기
/덕양구과외/,/행신동과외/,행신동과외,C:/Projects/studyhub/output/덕양구과외/index.html,하위 페이지 더 보기
/덕양구과외/,/화정동과외/,화정동과외,C:/Projects/studyhub/output/덕양구과외/index.html,하위 페이지 더 보기
/덕양구수학과외/,/원당동수학과외/,원당동수학과외,C:/Projects/studyhub/output/덕양구수학과외/index.html,하위 페이지 더 보기
/덕양구수학과외/,/원흥동수학과외/,원흥동수학과외,C:/Projects/studyhub/output/덕양구수학과외/index.html,하위 페이지 더 보기
/덕양구수학과외/,/지축동수학과외/,지축동수학과외,C:/Projects/studyhub/output/덕양구수학과외/index.html,하위 페이지 더 보기
/덕양구수학과외/,/토당동수학과외/,토당동수학과외,C:/Projects/studyhub/output/덕양구수학과외/index.html,하위 페이지 더 보기
/덕양구수학과외/,/행신동수학과외/,행신동수학과외,C:/Projects/studyhub/output/덕양구수학과외/index.html,하위 페이지 더 보기
/덕양구수학과외/,/화정동수학과외/,화정동수학과외,C:/Projects/studyhub/output/덕양구수학과외/index.html,하위 페이지 더 보기
/덕양구영어과외/,/원당동영어과외/,원당동영어과외,C:/Projects/studyhub/output/덕양구영어과외/index.html,하위 페이지 더 보기
/덕양구영어과외/,/원흥동영어과외/,원흥동영어과외,C:/Projects/studyhub/output/덕양구영어과외/index.html,하위 페이지 더 보기
/덕양구영어과외/,/지축동영어과외/,지축동영어과외,C:/Projects/studyhub/output/덕양구영어과외/index.html,하위 페이지 더 보기
/덕양구영어과외/,/토당동영어과외/,토당동영어과외,C:/Projects/studyhub/output/덕양구영어과외/index.html,하위 페이지 더 보기
/덕양구영어과외/,/행신동영어과외/,행신동영어과외,C:/Projects/studyhub/output/덕양구영어과외/index.html,하위 페이지 더 보기
/덕양구영어과외/,/화정동영어과외/,화정동영어과외,C:/Projects/studyhub/output/덕양구영어과외/index.html,하위 페이지 더 보기
/덕양구중등과외/,/원당동중등과외/,원당동중등과외,C:/Projects/studyhub/output/덕양구중등과외/index.html,하위 페이지 더 보기
/덕양구중등과외/,/원흥동중등과외/,원흥동중등과외,C:/Projects/studyhub/output/덕양구중등과외/index.html,하위 페이지 더 보기
/덕양구중등과외/,/지축동중등과외/,지축동중등과외,C:/Projects/studyhub/output/덕양구중등과외/index.html,하위 페이지 더 보기
/덕양구중등과외/,/토당동중등과외/,토당동중등과외,C:/Projects/studyhub/output/덕양구중등과외/index.html,하위 페이지 더 보기
/덕양구중등과외/,/행신동중등과외/,행신동중등과외,C:/Projects/studyhub/output/덕양구중등과외/index.html,하위 페이지 더 보기
/덕양구중등과외/,/화정동중등과외/,화정동중등과외,C:/Projects/studyhub/output/덕양구중등과외/index.html,하위 페이지 더 보기
/덕양구중등수학과외/,/원당동중등수학과외/,원당동중등수학과외,C:/Projects/studyhub/output/덕양구중등수학과외/index.html,하위 페이지 더 보기
/덕양구중등수학과외/,/원흥동중등수학과외/,원흥동중등수학과외,C:/Projects/studyhub/output/덕양구중등수학과외/index.html,하위 페이지 더 보기
/덕양구중등수학과외/,/지축동중등수학과외/,지축동중등수학과외,C:/Projects/studyhub/output/덕양구중등수학과외/index.html,하위 페이지 더 보기
/덕양구중등수학과외/,/토당동중등수학과외/,토당동중등수학과외,C:/Projects/studyhub/output/덕양구중등수학과외/index.html,하위 페이지 더 보기
/덕양구중등수학과외/,/행신동중등수학과외/,행신동중등수학과외,C:/Projects/studyhub/output/덕양구중등수학과외/index.html,하위 페이지 더 보기
/덕양구중등수학과외/,/화정동중등수학과외/,화정동중등수학과외,C:/Projects/studyhub/output/덕양구중등수학과외/index.html,하위 페이지 더 보기
/덕양구중등영어과외/,/원당동중등영어과외/,원당동중등영어과외,C:/Projects/studyhub/output/덕양구중등영어과외/index.html,하위 페이지 더 보기
/덕양구중등영어과외/,/원흥동중등영어과외/,원흥동중등영어과외,C:/Projects/studyhub/output/덕양구중등영어과외/index.html,하위 페이지 더 보기
/덕양구중등영어과외/,/지축동중등영어과외/,지축동중등영어과외,C:/Projects/studyhub/output/덕양구중등영어과외/index.html,하위 페이지 더 보기
/덕양구중등영어과외/,/토당동중등영어과외/,토당동중등영어과외,C:/Projects/studyhub/output/덕양구중등영어과외/index.html,하위 페이지 더 보기
/덕양구중등영어과외/,/행신동중등영어과외/,행신동중등영어과외,C:/Projects/studyhub/output/덕양구중등영어과외/index.html,하위 페이지 더 보기
/덕양구중등영어과외/,/화정동중등영어과외/,화정동중등영어과외,C:/Projects/studyhub/output/덕양구중등영어과외/index.html,하위 페이지 더 보기
/덕양구초등과외/,/원당동초등과외/,원당동초등과외,C:/Projects/studyhub/output/덕양구초등과외/index.html,하위 페이지 더 보기
/덕양구초등과외/,/원흥동초등과외/,원흥동초등과외,C:/Projects/studyhub/output/덕양구초등과외/index.html,하위 페이지 더 보기
/덕양구초등과외/,/지축동초등과외/,지축동초등과외,C:/Projects/studyhub/output/덕양구초등과외/index.html,하위 페이지 더 보기
/덕양구초등과외/,/토당동초등과외/,토당동초등과외,C:/Projects/studyhub/output/덕양구초등과외/index.html,하위 페이지 더 보기
/덕양구초등과외/,/행신동초등과외/,행신동초등과외,C:/Projects/studyhub/output/덕양구초등과외/index.html,하위 페이지 더 보기
/덕양구초등과외/,/화정동초등과외/,화정동초등과외,C:/Projects/studyhub/output/덕양구초등과외/index.html,하위 페이지 더 보기
/덕양구초등수학과외/,/원당동초등수학과외/,원당동초등수학과외,C:/Projects/studyhub/output/덕양구초등수학과외/index.html,하위 페이지 더 보기
/덕양구초등수학과외/,/원흥동초등수학과외/,원흥동초등수학과외,C:/Projects/studyhub/output/덕양구초등수학과외/index.html,하위 페이지 더 보기
/덕양구초등수학과외/,/지축동초등수학과외/,지축동초등수학과외,C:/Projects/studyhub/output/덕양구초등수학과외/index.html,하위 페이지 더 보기
/덕양구초등수학과외/,/토당동초등수학과외/,토당동초등수학과외,C:/Projects/studyhub/output/덕양구초등수학과외/index.html,하위 페이지 더 보기
/덕양구초등수학과외/,/행신동초등수학과외/,행신동초등수학과외,C:/Projects/studyhub/output/덕양구초등수학과외/index.html,하위 페이지 더 보기
/덕양구초등수학과외/,/화정동초등수학과외/,화정동초등수학과외,C:/Projects/studyhub/output/덕양구초등수학과외/index.html,하위 페이지 더 보기
/덕양구초등영어과외/,/원당동초등영어과외/,원당동초등영어과외,C:/Projects/studyhub/output/덕양구초등영어과외/index.html,하위 페이지 더 보기
/덕양구초등영어과외/,/원흥동초등영어과외/,원흥동초등영어과외,C:/Projects/studyhub/output/덕양구초등영어과외/index.html,하위 페이지 더 보기
/덕양구초등영어과외/,/지축동초등영어과외/,지축동초등영어과외,C:/Projects/studyhub/output/덕양구초등영어과외/index.html,하위 페이지 더 보기
/덕양구초등영어과외/,/토당동초등영어과외/,토당동초등영어과외,C:/Projects/studyhub/output/덕양구초등영어과외/index.html,하위 페이지 더 보기
/덕양구초등영어과외/,/행신동초등영어과외/,행신동초등영어과외,C:/Projects/studyhub/output/덕양구초등영어과외/index.html,하위 페이지 더 보기
/덕양구초등영어과외/,/화정동초등영어과외/,화정동초등영어과외,C:/Projects/studyhub/output/덕양구초등영어과외/index.html,하위 페이지 더 보기
/동대문고등과외/,/전농동고등과외/,전농동고등과외,C:/Projects/studyhub/output/동대문고등과외/index.html,하위 페이지 더 보기
/동대문고등과외/,/제기동고등과외/,제기동고등과외,C:/Projects/studyhub/output/동대문고등과외/index.html,하위 페이지 더 보기
/동대문고등과외/,/청량리고등과외/,청량리고등과외,C:/Projects/studyhub/output/동대문고등과외/index.html,하위 페이지 더 보기
/동대문고등과외/,/회기동고등과외/,회기동고등과외,C:/Projects/studyhub/output/동대문고등과외/index.html,하위 페이지 더 보기
/동대문고등과외/,/휘경동고등과외/,휘경동고등과외,C:/Projects/studyhub/output/동대문고등과외/index.html,하위 페이지 더 보기
/동대문고등수학과외/,/전농동고등수학과외/,전농동고등수학과외,C:/Projects/studyhub/output/동대문고등수학과외/index.html,하위 페이지 더 보기
/동대문고등수학과외/,/제기동고등수학과외/,제기동고등수학과외,C:/Projects/studyhub/output/동대문고등수학과외/index.html,하위 페이지 더 보기
/동대문고등수학과외/,/청량리고등수학과외/,청량리고등수학과외,C:/Projects/studyhub/output/동대문고등수학과외/index.html,하위 페이지 더 보기
/동대문고등수학과외/,/회기동고등수학과외/,회기동고등수학과외,C:/Projects/studyhub/output/동대문고등수학과외/index.html,하위 페이지 더 보기
/동대문고등수학과외/,/휘경동고등수학과외/,휘경동고등수학과외,C:/Projects/studyhub/output/동대문고등수학과외/index.html,하위 페이지 더 보기
/동대문고등영어과외/,/전농동고등영어과외/,전농동고등영어과외,C:/Projects/studyhub/output/동대문고등영어과외/index.html,하위 페이지 더 보기
/동대문고등영어과외/,/제기동고등영어과외/,제기동고등영어과외,C:/Projects/studyhub/output/동대문고등영어과외/index.html,하위 페이지 더 보기
/동대문고등영어과외/,/청량리고등영어과외/,청량리고등영어과외,C:/Projects/studyhub/output/동대문고등영어과외/index.html,하위 페이지 더 보기
/동대문고등영어과외/,/회기동고등영어과외/,회기동고등영어과외,C:/Projects/studyhub/output/동대문고등영어과외/index.html,하위 페이지 더 보기
/동대문고등영어과외/,/휘경동고등영어과외/,휘경동고등영어과외,C:/Projects/studyhub/output/동대문고등영어과외/index.html,하위 페이지 더 보기
/동대문과외/,/전농동과외/,전농동과외,C:/Projects/studyhub/output/동대문과외/index.html,하위 페이지 더 보기
/동대문과외/,/제기동과외/,제기동과외,C:/Projects/studyhub/output/동대문과외/index.html,하위 페이지 더 보기
/동대문과외/,/청량리과외/,청량리과외,C:/Projects/studyhub/output/동대문과외/index.html,하위 페이지 더 보기
/동대문과외/,/회기동과외/,회기동과외,C:/Projects/studyhub/output/동대문과외/index.html,하위 페이지 더 보기
/동대문과외/,/휘경동과외/,휘경동과외,C:/Projects/studyhub/output/동대문과외/index.html,하위 페이지 더 보기
/동대문수학과외/,/전농동수학과외/,전농동수학과외,C:/Projects/studyhub/output/동대문수학과외/index.html,하위 페이지 더 보기
/동대문수학과외/,/제기동수학과외/,제기동수학과외,C:/Projects/studyhub/output/동대문수학과외/index.html,하위 페이지 더 보기
/동대문수학과외/,/청량리수학과외/,청량리수학과외,C:/Projects/studyhub/output/동대문수학과외/index.html,하위 페이지 더 보기
/동대문수학과외/,/회기동수학과외/,회기동수학과외,C:/Projects/studyhub/output/동대문수학과외/index.html,하위 페이지 더 보기
/동대문수학과외/,/휘경동수학과외/,휘경동수학과외,C:/Projects/studyhub/output/동대문수학과외/index.html,하위 페이지 더 보기
/동대문영어과외/,/전농동영어과외/,전농동영어과외,C:/Projects/studyhub/output/동대문영어과외/index.html,하위 페이지 더 보기
/동대문영어과외/,/제기동영어과외/,제기동영어과외,C:/Projects/studyhub/output/동대문영어과외/index.html,하위 페이지 더 보기
/동대문영어과외/,/청량리영어과외/,청량리영어과외,C:/Projects/studyhub/output/동대문영어과외/index.html,하위 페이지 더 보기
/동대문영어과외/,/회기동영어과외/,회기동영어과외,C:/Projects/studyhub/output/동대문영어과외/index.html,하위 페이지 더 보기
/동대문영어과외/,/휘경동영어과외/,휘경동영어과외,C:/Projects/studyhub/output/동대문영어과외/index.html,하위 페이지 더 보기
/동대문중등과외/,/전농동중등과외/,전농동중등과외,C:/Projects/studyhub/output/동대문중등과외/index.html,하위 페이지 더 보기
/동대문중등과외/,/제기동중등과외/,제기동중등과외,C:/Projects/studyhub/output/동대문중등과외/index.html,하위 페이지 더 보기
/동대문중등과외/,/청량리중등과외/,청량리중등과외,C:/Projects/studyhub/output/동대문중등과외/index.html,하위 페이지 더 보기
/동대문중등과외/,/회기동중등과외/,회기동중등과외,C:/Projects/studyhub/output/동대문중등과외/index.html,하위 페이지 더 보기
/동대문중등과외/,/휘경동중등과외/,휘경동중등과외,C:/Projects/studyhub/output/동대문중등과외/index.html,하위 페이지 더 보기
/동대문중등수학과외/,/전농동중등수학과외/,전농동중등수학과외,C:/Projects/studyhub/output/동대문중등수학과외/index.html,하위 페이지 더 보기
/동대문중등수학과외/,/제기동중등수학과외/,제기동중등수학과외,C:/Projects/studyhub/output/동대문중등수학과외/index.html,하위 페이지 더 보기
/동대문중등수학과외/,/청량리중등수학과외/,청량리중등수학과외,C:/Projects/studyhub/output/동대문중등수학과외/index.html,하위 페이지 더 보기
/동대문중등수학과외/,/회기동중등수학과외/,회기동중등수학과외,C:/Projects/studyhub/output/동대문중등수학과외/index.html,하위 페이지 더 보기
/동대문중등수학과외/,/휘경동중등수학과외/,휘경동중등수학과외,C:/Projects/studyhub/output/동대문중등수학과외/index.html,하위 페이지 더 보기
/동대문중등영어과외/,/전농동중등영어과외/,전농동중등영어과외,C:/Projects/studyhub/output/동대문중등영어과외/index.html,하위 페이지 더 보기
/동대문중등영어과외/,/제기동중등영어과외/,제기동중등영어과외,C:/Projects/studyhub/output/동대문중등영어과외/index.html,하위 페이지 더 보기
/동대문중등영어과외/,/청량리중등영어과외/,청량리중등영어과외,C:/Projects/studyhub/output/동대문중등영어과외/index.html,하위 페이지 더 보기
/동대문중등영어과외/,/회기동중등영어과외/,회기동중등영어과외,C:/Projects/studyhub/output/동대문중등영어과외/index.html,하위 페이지 더 보기
/동대문중등영어과외/,/휘경동중등영어과외/,휘경동중등영어과외,C:/Projects/studyhub/output/동대문중등영어과외/index.html,하위 페이지 더 보기
/동대문초등과외/,/전농동초등과외/,전농동초등과외,C:/Projects/studyhub/output/동대문초등과외/index.html,하위 페이지 더 보기
/동대문초등과외/,/제기동초등과외/,제기동초등과외,C:/Projects/studyhub/output/동대문초등과외/index.html,하위 페이지 더 보기
/동대문초등과외/,/청량리초등과외/,청량리초등과외,C:/Projects/studyhub/output/동대문초등과외/index.html,하위 페이지 더 보기
/동대문초등과외/,/회기동초등과외/,회기동초등과외,C:/Projects/studyhub/output/동대문초등과외/index.html,하위 페이지 더 보기
/동대문초등과외/,/휘경동초등과외/,휘경동초등과외,C:/Projects/studyhub/output/동대문초등과외/index.html,하위 페이지 더 보기
/동대문초등수학과외/,/전농동초등수학과외/,전농동초등수학과외,C:/Projects/studyhub/output/동대문초등수학과외/index.html,하위 페이지 더 보기
/동대문초등수학과외/,/제기동초등수학과외/,제기동초등수학과외,C:/Projects/studyhub/output/동대문초등수학과외/index.html,하위 페이지 더 보기
/동대문초등수학과외/,/청량리초등수학과외/,청량리초등수학과외,C:/Projects/studyhub/output/동대문초등수학과외/index.html,하위 페이지 더 보기
/동대문초등수학과외/,/회기동초등수학과외/,회기동초등수학과외,C:/Projects/studyhub/output/동대문초등수학과외/index.html,하위 페이지 더 보기
/동대문초등수학과외/,/휘경동초등수학과외/,휘경동초등수학과외,C:/Projects/studyhub/output/동대문초등수학과외/index.html,하위 페이지 더 보기
/동대문초등영어과외/,/전농동초등영어과외/,전농동초등영어과외,C:/Projects/studyhub/output/동대문초등영어과외/index.html,하위 페이지 더 보기
/동대문초등영어과외/,/제기동초등영어과외/,제기동초등영어과외,C:/Projects/studyhub/output/동대문초등영어과외/index.html,하위 페이지 더 보기
/동대문초등영어과외/,/청량리초등영어과외/,청량리초등영어과외,C:/Projects/studyhub/output/동대문초등영어과외/index.html,하위 페이지 더 보기
/동대문초등영어과외/,/회기동초등영어과외/,회기동초등영어과외,C:/Projects/studyhub/output/동대문초등영어과외/index.html,하위 페이지 더 보기
/동대문초등영어과외/,/휘경동초등영어과외/,휘경동초등영어과외,C:/Projects/studyhub/output/동대문초등영어과외/index.html,하위 페이지 더 보기
/동작구고등과외/,/상도동고등과외/,상도동고등과외,C:/Projects/studyhub/output/동작구고등과외/index.html,하위 페이지 더 보기
/동작구고등과외/,/신대방고등과외/,신대방고등과외,C:/Projects/studyhub/output/동작구고등과외/index.html,하위 페이지 더 보기
/동작구고등과외/,/흑석동고등과외/,흑석동고등과외,C:/Projects/studyhub/output/동작구고등과외/index.html,하위 페이지 더 보기
/동작구고등수학과외/,/상도동고등수학과외/,상도동고등수학과외,C:/Projects/studyhub/output/동작구고등수학과외/index.html,하위 페이지 더 보기
/동작구고등수학과외/,/신대방고등수학과외/,신대방고등수학과외,C:/Projects/studyhub/output/동작구고등수학과외/index.html,하위 페이지 더 보기
/동작구고등수학과외/,/흑석동고등수학과외/,흑석동고등수학과외,C:/Projects/studyhub/output/동작구고등수학과외/index.html,하위 페이지 더 보기
/동작구고등영어과외/,/상도동고등영어과외/,상도동고등영어과외,C:/Projects/studyhub/output/동작구고등영어과외/index.html,하위 페이지 더 보기
/동작구고등영어과외/,/신대방고등영어과외/,신대방고등영어과외,C:/Projects/studyhub/output/동작구고등영어과외/index.html,하위 페이지 더 보기
/동작구고등영어과외/,/흑석동고등영어과외/,흑석동고등영어과외,C:/Projects/studyhub/output/동작구고등영어과외/index.html,하위 페이지 더 보기
/동작구과외/,/상도동과외/,상도동과외,C:/Projects/studyhub/output/동작구과외/index.html,하위 페이지 더 보기
/동작구과외/,/신대방과외/,신대방과외,C:/Projects/studyhub/output/동작구과외/index.html,하위 페이지 더 보기
/동작구과외/,/흑석동과외/,흑석동과외,C:/Projects/studyhub/output/동작구과외/index.html,하위 페이지 더 보기
/동작구수학과외/,/상도동수학과외/,상도동수학과외,C:/Projects/studyhub/output/동작구수학과외/index.html,하위 페이지 더 보기
/동작구수학과외/,/신대방수학과외/,신대방수학과외,C:/Projects/studyhub/output/동작구수학과외/index.html,하위 페이지 더 보기
/동작구수학과외/,/흑석동수학과외/,흑석동수학과외,C:/Projects/studyhub/output/동작구수학과외/index.html,하위 페이지 더 보기
/동작구영어과외/,/상도동영어과외/,상도동영어과외,C:/Projects/studyhub/output/동작구영어과외/index.html,하위 페이지 더 보기
/동작구영어과외/,/신대방영어과외/,신대방영어과외,C:/Projects/studyhub/output/동작구영어과외/index.html,하위 페이지 더 보기
/동작구영어과외/,/흑석동영어과외/,흑석동영어과외,C:/Projects/studyhub/output/동작구영어과외/index.html,하위 페이지 더 보기
/동작구중등과외/,/상도동중등과외/,상도동중등과외,C:/Projects/studyhub/output/동작구중등과외/index.html,하위 페이지 더 보기
/동작구중등과외/,/신대방중등과외/,신대방중등과외,C:/Projects/studyhub/output/동작구중등과외/index.html,하위 페이지 더 보기
/동작구중등과외/,/흑석동중등과외/,흑석동중등과외,C:/Projects/studyhub/output/동작구중등과외/index.html,하위 페이지 더 보기
/동작구중등수학과외/,/상도동중등수학과외/,상도동중등수학과외,C:/Projects/studyhub/output/동작구중등수학과외/index.html,하위 페이지 더 보기
/동작구중등수학과외/,/신대방중등수학과외/,신대방중등수학과외,C:/Projects/studyhub/output/동작구중등수학과외/index.html,하위 페이지 더 보기
/동작구중등수학과외/,/흑석동중등수학과외/,흑석동중등수학과외,C:/Projects/studyhub/output/동작구중등수학과외/index.html,하위 페이지 더 보기
/동작구중등영어과외/,/상도동중등영어과외/,상도동중등영어과외,C:/Projects/studyhub/output/동작구중등영어과외/index.html,하위 페이지 더 보기
/동작구중등영어과외/,/신대방중등영어과외/,신대방중등영어과외,C:/Projects/studyhub/output/동작구중등영어과외/index.html,하위 페이지 더 보기
/동작구중등영어과외/,/흑석동중등영어과외/,흑석동중등영어과외,C:/Projects/studyhub/output/동작구중등영어과외/index.html,하위 페이지 더 보기
/동작구초등과외/,/상도동초등과외/,상도동초등과외,C:/Projects/studyhub/output/동작구초등과외/index.html,하위 페이지 더 보기
/동작구초등과외/,/신대방초등과외/,신대방초등과외,C:/Projects/studyhub/output/동작구초등과외/index.html,하위 페이지 더 보기
/동작구초등과외/,/흑석동초등과외/,흑석동초등과외,C:/Projects/studyhub/output/동작구초등과외/index.html,하위 페이지 더 보기
/동작구초등수학과외/,/상도동초등수학과외/,상도동초등수학과외,C:/Projects/studyhub/output/동작구초등수학과외/index.html,하위 페이지 더 보기
/동작구초등수학과외/,/신대방초등수학과외/,신대방초등수학과외,C:/Projects/studyhub/output/동작구초등수학과외/index.html,하위 페이지 더 보기
/동작구초등수학과외/,/흑석동초등수학과외/,흑석동초등수학과외,C:/Projects/studyhub/output/동작구초등수학과외/index.html,하위 페이지 더 보기
/동작구초등영어과외/,/상도동초등영어과외/,상도동초등영어과외,C:/Projects/studyhub/output/동작구초등영어과외/index.html,하위 페이지 더 보기
/동작구초등영어과외/,/신대방초등영어과외/,신대방초등영어과외,C:/Projects/studyhub/output/동작구초등영어과외/index.html,하위 페이지 더 보기
/동작구초등영어과외/,/흑석동초등영어과외/,흑석동초등영어과외,C:/Projects/studyhub/output/동작구초등영어과외/index.html,하위 페이지 더 보기
/마포구고등과외/,/마포동고등과외/,마포동고등과외,C:/Projects/studyhub/output/마포구고등과외/index.html,하위 페이지 더 보기
/마포구고등과외/,/망원동고등과외/,망원동고등과외,C:/Projects/studyhub/output/마포구고등과외/index.html,하위 페이지 더 보기
/마포구고등과외/,/상수동고등과외/,상수동고등과외,C:/Projects/studyhub/output/마포구고등과외/index.html,하위 페이지 더 보기
/마포구고등과외/,/상암동고등과외/,상암동고등과외,C:/Projects/studyhub/output/마포구고등과외/index.html,하위 페이지 더 보기
/마포구고등과외/,/성산동고등과외/,성산동고등과외,C:/Projects/studyhub/output/마포구고등과외/index.html,하위 페이지 더 보기
/마포구고등과외/,/신수동고등과외/,신수동고등과외,C:/Projects/studyhub/output/마포구고등과외/index.html,하위 페이지 더 보기
/마포구고등과외/,/신정동고등과외/,신정동고등과외,C:/Projects/studyhub/output/마포구고등과외/index.html,하위 페이지 더 보기
/마포구고등과외/,/아현동고등과외/,아현동고등과외,C:/Projects/studyhub/output/마포구고등과외/index.html,하위 페이지 더 보기
/마포구고등과외/,/연남동고등과외/,연남동고등과외,C:/Projects/studyhub/output/마포구고등과외/index.html,하위 페이지 더 보기
/마포구고등과외/,/염리동고등과외/,염리동고등과외,C:/Projects/studyhub/output/마포구고등과외/index.html,하위 페이지 더 보기
/마포구고등과외/,/창천동고등과외/,창천동고등과외,C:/Projects/studyhub/output/마포구고등과외/index.html,하위 페이지 더 보기
/마포구고등과외/,/합정동고등과외/,합정동고등과외,C:/Projects/studyhub/output/마포구고등과외/index.html,하위 페이지 더 보기
/마포구고등과외/,/현저동고등과외/,현저동고등과외,C:/Projects/studyhub/output/마포구고등과외/index.html,하위 페이지 더 보기
/마포구고등수학과외/,/마포동고등수학과외/,마포동고등수학과외,C:/Projects/studyhub/output/마포구고등수학과외/index.html,하위 페이지 더 보기
/마포구고등수학과외/,/망원동고등수학과외/,망원동고등수학과외,C:/Projects/studyhub/output/마포구고등수학과외/index.html,하위 페이지 더 보기
/마포구고등수학과외/,/상수동고등수학과외/,상수동고등수학과외,C:/Projects/studyhub/output/마포구고등수학과외/index.html,하위 페이지 더 보기
/마포구고등수학과외/,/상암동고등수학과외/,상암동고등수학과외,C:/Projects/studyhub/output/마포구고등수학과외/index.html,하위 페이지 더 보기
/마포구고등수학과외/,/성산동고등수학과외/,성산동고등수학과외,C:/Projects/studyhub/output/마포구고등수학과외/index.html,하위 페이지 더 보기
/마포구고등수학과외/,/신수동고등수학과외/,신수동고등수학과외,C:/Projects/studyhub/output/마포구고등수학과외/index.html,하위 페이지 더 보기
/마포구고등수학과외/,/신정동고등수학과외/,신정동고등수학과외,C:/Projects/studyhub/output/마포구고등수학과외/index.html,하위 페이지 더 보기
/마포구고등수학과외/,/아현동고등수학과외/,아현동고등수학과외,C:/Projects/studyhub/output/마포구고등수학과외/index.html,하위 페이지 더 보기
/마포구고등수학과외/,/연남동고등수학과외/,연남동고등수학과외,C:/Projects/studyhub/output/마포구고등수학과외/index.html,하위 페이지 더 보기
/마포구고등수학과외/,/염리동고등수학과외/,염리동고등수학과외,C:/Projects/studyhub/output/마포구고등수학과외/index.html,하위 페이지 더 보기
/마포구고등수학과외/,/창천동고등수학과외/,창천동고등수학과외,C:/Projects/studyhub/output/마포구고등수학과외/index.html,하위 페이지 더 보기
/마포구고등수학과외/,/합정동고등수학과외/,합정동고등수학과외,C:/Projects/studyhub/output/마포구고등수학과외/index.html,하위 페이지 더 보기
/마포구고등수학과외/,/현저동고등수학과외/,현저동고등수학과외,C:/Projects/studyhub/output/마포구고등수학과외/index.html,하위 페이지 더 보기
/마포구고등영어과외/,/마포동고등영어과외/,마포동고등영어과외,C:/Projects/studyhub/output/마포구고등영어과외/index.html,하위 페이지 더 보기
/마포구고등영어과외/,/망원동고등영어과외/,망원동고등영어과외,C:/Projects/studyhub/output/마포구고등영어과외/index.html,하위 페이지 더 보기
/마포구고등영어과외/,/상수동고등영어과외/,상수동고등영어과외,C:/Projects/studyhub/output/마포구고등영어과외/index.html,하위 페이지 더 보기
/마포구고등영어과외/,/상암동고등영어과외/,상암동고등영어과외,C:/Projects/studyhub/output/마포구고등영어과외/index.html,하위 페이지 더 보기
/마포구고등영어과외/,/성산동고등영어과외/,성산동고등영어과외,C:/Projects/studyhub/output/마포구고등영어과외/index.html,하위 페이지 더 보기
/마포구고등영어과외/,/신수동고등영어과외/,신수동고등영어과외,C:/Projects/studyhub/output/마포구고등영어과외/index.html,하위 페이지 더 보기
/마포구고등영어과외/,/신정동고등영어과외/,신정동고등영어과외,C:/Projects/studyhub/output/마포구고등영어과외/index.html,하위 페이지 더 보기
/마포구고등영어과외/,/아현동고등영어과외/,아현동고등영어과외,C:/Projects/studyhub/output/마포구고등영어과외/index.html,하위 페이지 더 보기
/마포구고등영어과외/,/연남동고등영어과외/,연남동고등영어과외,C:/Projects/studyhub/output/마포구고등영어과외/index.html,하위 페이지 더 보기
/마포구고등영어과외/,/염리동고등영어과외/,염리동고등영어과외,C:/Projects/studyhub/output/마포구고등영어과외/index.html,하위 페이지 더 보기
/마포구고등영어과외/,/창천동고등영어과외/,창천동고등영어과외,C:/Projects/studyhub/output/마포구고등영어과외/index.html,하위 페이지 더 보기
/마포구고등영어과외/,/합정동고등영어과외/,합정동고등영어과외,C:/Projects/studyhub/output/마포구고등영어과외/index.html,하위 페이지 더 보기
/마포구고등영어과외/,/현저동고등영어과외/,현저동고등영어과외,C:/Projects/studyhub/output/마포구고등영어과외/index.html,하위 페이지 더 보기
/마포구과외/,/마포동과외/,마포동과외,C:/Projects/studyhub/output/마포구과외/index.html,하위 페이지 더 보기
/마포구과외/,/망원동과외/,망원동과외,C:/Projects/studyhub/output/마포구과외/index.html,하위 페이지 더 보기
/마포구과외/,/상수동과외/,상수동과외,C:/Projects/studyhub/output/마포구과외/index.html,하위 페이지 더 보기
/마포구과외/,/상암동과외/,상암동과외,C:/Projects/studyhub/output/마포구과외/index.html,하위 페이지 더 보기
/마포구과외/,/성산동과외/,성산동과외,C:/Projects/studyhub/output/마포구과외/index.html,하위 페이지 더 보기
/마포구과외/,/신수동과외/,신수동과외,C:/Projects/studyhub/output/마포구과외/index.html,하위 페이지 더 보기
/마포구과외/,/신정동과외/,신정동과외,C:/Projects/studyhub/output/마포구과외/index.html,하위 페이지 더 보기
/마포구과외/,/아현동과외/,아현동과외,C:/Projects/studyhub/output/마포구과외/index.html,하위 페이지 더 보기
/마포구과외/,/연남동과외/,연남동과외,C:/Projects/studyhub/output/마포구과외/index.html,하위 페이지 더 보기
/마포구과외/,/염리동과외/,염리동과외,C:/Projects/studyhub/output/마포구과외/index.html,하위 페이지 더 보기
/마포구과외/,/창천동과외/,창천동과외,C:/Projects/studyhub/output/마포구과외/index.html,하위 페이지 더 보기
/마포구과외/,/합정동과외/,합정동과외,C:/Projects/studyhub/output/마포구과외/index.html,하위 페이지 더 보기
/마포구과외/,/현저동과외/,현저동과외,C:/Projects/studyhub/output/마포구과외/index.html,하위 페이지 더 보기
/마포구수학과외/,/마포동수학과외/,마포동수학과외,C:/Projects/studyhub/output/마포구수학과외/index.html,하위 페이지 더 보기
/마포구수학과외/,/망원동수학과외/,망원동수학과외,C:/Projects/studyhub/output/마포구수학과외/index.html,하위 페이지 더 보기
/마포구수학과외/,/상수동수학과외/,상수동수학과외,C:/Projects/studyhub/output/마포구수학과외/index.html,하위 페이지 더 보기
/마포구수학과외/,/상암동수학과외/,상암동수학과외,C:/Projects/studyhub/output/마포구수학과외/index.html,하위 페이지 더 보기
/마포구수학과외/,/성산동수학과외/,성산동수학과외,C:/Projects/studyhub/output/마포구수학과외/index.html,하위 페이지 더 보기
/마포구수학과외/,/신수동수학과외/,신수동수학과외,C:/Projects/studyhub/output/마포구수학과외/index.html,하위 페이지 더 보기
/마포구수학과외/,/신정동수학과외/,신정동수학과외,C:/Projects/studyhub/output/마포구수학과외/index.html,하위 페이지 더 보기
/마포구수학과외/,/아현동수학과외/,아현동수학과외,C:/Projects/studyhub/output/마포구수학과외/index.html,하위 페이지 더 보기
/마포구수학과외/,/연남동수학과외/,연남동수학과외,C:/Projects/studyhub/output/마포구수학과외/index.html,하위 페이지 더 보기
/마포구수학과외/,/염리동수학과외/,염리동수학과외,C:/Projects/studyhub/output/마포구수학과외/index.html,하위 페이지 더 보기
/마포구수학과외/,/창천동수학과외/,창천동수학과외,C:/Projects/studyhub/output/마포구수학과외/index.html,하위 페이지 더 보기
/마포구수학과외/,/합정동수학과외/,합정동수학과외,C:/Projects/studyhub/output/마포구수학과외/index.html,하위 페이지 더 보기
/마포구수학과외/,/현저동수학과외/,현저동수학과외,C:/Projects/studyhub/output/마포구수학과외/index.html,하위 페이지 더 보기
/마포구영어과외/,/마포동영어과외/,마포동영어과외,C:/Projects/studyhub/output/마포구영어과외/index.html,하위 페이지 더 보기
/마포구영어과외/,/망원동영어과외/,망원동영어과외,C:/Projects/studyhub/output/마포구영어과외/index.html,하위 페이지 더 보기
/마포구영어과외/,/상수동영어과외/,상수동영어과외,C:/Projects/studyhub/output/마포구영어과외/index.html,하위 페이지 더 보기
/마포구영어과외/,/상암동영어과외/,상암동영어과외,C:/Projects/studyhub/output/마포구영어과외/index.html,하위 페이지 더 보기
/마포구영어과외/,/성산동영어과외/,성산동영어과외,C:/Projects/studyhub/output/마포구영어과외/index.html,하위 페이지 더 보기
/마포구영어과외/,/신수동영어과외/,신수동영어과외,C:/Projects/studyhub/output/마포구영어과외/index.html,하위 페이지 더 보기
/마포구영어과외/,/신정동영어과외/,신정동영어과외,C:/Projects/studyhub/output/마포구영어과외/index.html,하위 페이지 더 보기
/마포구영어과외/,/아현동영어과외/,아현동영어과외,C:/Projects/studyhub/output/마포구영어과외/index.html,하위 페이지 더 보기
/마포구영어과외/,/연남동영어과외/,연남동영어과외,C:/Projects/studyhub/output/마포구영어과외/index.html,하위 페이지 더 보기
/마포구영어과외/,/염리동영어과외/,염리동영어과외,C:/Projects/studyhub/output/마포구영어과외/index.html,하위 페이지 더 보기
/마포구영어과외/,/창천동영어과외/,창천동영어과외,C:/Projects/studyhub/output/마포구영어과외/index.html,하위 페이지 더 보기
/마포구영어과외/,/합정동영어과외/,합정동영어과외,C:/Projects/studyhub/output/마포구영어과외/index.html,하위 페이지 더 보기
/마포구영어과외/,/현저동영어과외/,현저동영어과외,C:/Projects/studyhub/output/마포구영어과외/index.html,하위 페이지 더 보기
/마포구중등과외/,/마포동중등과외/,마포동중등과외,C:/Projects/studyhub/output/마포구중등과외/index.html,하위 페이지 더 보기
/마포구중등과외/,/망원동중등과외/,망원동중등과외,C:/Projects/studyhub/output/마포구중등과외/index.html,하위 페이지 더 보기
/마포구중등과외/,/상수동중등과외/,상수동중등과외,C:/Projects/studyhub/output/마포구중등과외/index.html,하위 페이지 더 보기
/마포구중등과외/,/상암동중등과외/,상암동중등과외,C:/Projects/studyhub/output/마포구중등과외/index.html,하위 페이지 더 보기
/마포구중등과외/,/성산동중등과외/,성산동중등과외,C:/Projects/studyhub/output/마포구중등과외/index.html,하위 페이지 더 보기
/마포구중등과외/,/신수동중등과외/,신수동중등과외,C:/Projects/studyhub/output/마포구중등과외/index.html,하위 페이지 더 보기
/마포구중등과외/,/신정동중등과외/,신정동중등과외,C:/Projects/studyhub/output/마포구중등과외/index.html,하위 페이지 더 보기
/마포구중등과외/,/아현동중등과외/,아현동중등과외,C:/Projects/studyhub/output/마포구중등과외/index.html,하위 페이지 더 보기
/마포구중등과외/,/연남동중등과외/,연남동중등과외,C:/Projects/studyhub/output/마포구중등과외/index.html,하위 페이지 더 보기
/마포구중등과외/,/염리동중등과외/,염리동중등과외,C:/Projects/studyhub/output/마포구중등과외/index.html,하위 페이지 더 보기
/마포구중등과외/,/창천동중등과외/,창천동중등과외,C:/Projects/studyhub/output/마포구중등과외/index.html,하위 페이지 더 보기
/마포구중등과외/,/합정동중등과외/,합정동중등과외,C:/Projects/studyhub/output/마포구중등과외/index.html,하위 페이지 더 보기
/마포구중등과외/,/현저동중등과외/,현저동중등과외,C:/Projects/studyhub/output/마포구중등과외/index.html,하위 페이지 더 보기
/마포구중등수학과외/,/마포동중등수학과외/,마포동중등수학과외,C:/Projects/studyhub/output/마포구중등수학과외/index.html,하위 페이지 더 보기
/마포구중등수학과외/,/망원동중등수학과외/,망원동중등수학과외,C:/Projects/studyhub/output/마포구중등수학과외/index.html,하위 페이지 더 보기
/마포구중등수학과외/,/상수동중등수학과외/,상수동중등수학과외,C:/Projects/studyhub/output/마포구중등수학과외/index.html,하위 페이지 더 보기
/마포구중등수학과외/,/상암동중등수학과외/,상암동중등수학과외,C:/Projects/studyhub/output/마포구중등수학과외/index.html,하위 페이지 더 보기
/마포구중등수학과외/,/성산동중등수학과외/,성산동중등수학과외,C:/Projects/studyhub/output/마포구중등수학과외/index.html,하위 페이지 더 보기
/마포구중등수학과외/,/신수동중등수학과외/,신수동중등수학과외,C:/Projects/studyhub/output/마포구중등수학과외/index.html,하위 페이지 더 보기
/마포구중등수학과외/,/신정동중등수학과외/,신정동중등수학과외,C:/Projects/studyhub/output/마포구중등수학과외/index.html,하위 페이지 더 보기
/마포구중등수학과외/,/아현동중등수학과외/,아현동중등수학과외,C:/Projects/studyhub/output/마포구중등수학과외/index.html,하위 페이지 더 보기
/마포구중등수학과외/,/연남동중등수학과외/,연남동중등수학과외,C:/Projects/studyhub/output/마포구중등수학과외/index.html,하위 페이지 더 보기
/마포구중등수학과외/,/염리동중등수학과외/,염리동중등수학과외,C:/Projects/studyhub/output/마포구중등수학과외/index.html,하위 페이지 더 보기
/마포구중등수학과외/,/창천동중등수학과외/,창천동중등수학과외,C:/Projects/studyhub/output/마포구중등수학과외/index.html,하위 페이지 더 보기
/마포구중등수학과외/,/합정동중등수학과외/,합정동중등수학과외,C:/Projects/studyhub/output/마포구중등수학과외/index.html,하위 페이지 더 보기
/마포구중등수학과외/,/현저동중등수학과외/,현저동중등수학과외,C:/Projects/studyhub/output/마포구중등수학과외/index.html,하위 페이지 더 보기
/마포구중등영어과외/,/마포동중등영어과외/,마포동중등영어과외,C:/Projects/studyhub/output/마포구중등영어과외/index.html,하위 페이지 더 보기
/마포구중등영어과외/,/망원동중등영어과외/,망원동중등영어과외,C:/Projects/studyhub/output/마포구중등영어과외/index.html,하위 페이지 더 보기
/마포구중등영어과외/,/상수동중등영어과외/,상수동중등영어과외,C:/Projects/studyhub/output/마포구중등영어과외/index.html,하위 페이지 더 보기
/마포구중등영어과외/,/상암동중등영어과외/,상암동중등영어과외,C:/Projects/studyhub/output/마포구중등영어과외/index.html,하위 페이지 더 보기
/마포구중등영어과외/,/성산동중등영어과외/,성산동중등영어과외,C:/Projects/studyhub/output/마포구중등영어과외/index.html,하위 페이지 더 보기
/마포구중등영어과외/,/신수동중등영어과외/,신수동중등영어과외,C:/Projects/studyhub/output/마포구중등영어과외/index.html,하위 페이지 더 보기
/마포구중등영어과외/,/신정동중등영어과외/,신정동중등영어과외,C:/Projects/studyhub/output/마포구중등영어과외/index.html,하위 페이지 더 보기
/마포구중등영어과외/,/아현동중등영어과외/,아현동중등영어과외,C:/Projects/studyhub/output/마포구중등영어과외/index.html,하위 페이지 더 보기
/마포구중등영어과외/,/연남동중등영어과외/,연남동중등영어과외,C:/Projects/studyhub/output/마포구중등영어과외/index.html,하위 페이지 더 보기
/마포구중등영어과외/,/염리동중등영어과외/,염리동중등영어과외,C:/Projects/studyhub/output/마포구중등영어과외/index.html,하위 페이지 더 보기
/마포구중등영어과외/,/창천동중등영어과외/,창천동중등영어과외,C:/Projects/studyhub/output/마포구중등영어과외/index.html,하위 페이지 더 보기
/마포구중등영어과외/,/합정동중등영어과외/,합정동중등영어과외,C:/Projects/studyhub/output/마포구중등영어과외/index.html,하위 페이지 더 보기
/마포구중등영어과외/,/현저동중등영어과외/,현저동중등영어과외,C:/Projects/studyhub/output/마포구중등영어과외/index.html,하위 페이지 더 보기
/마포구초등과외/,/마포동초등과외/,마포동초등과외,C:/Projects/studyhub/output/마포구초등과외/index.html,하위 페이지 더 보기
/마포구초등과외/,/망원동초등과외/,망원동초등과외,C:/Projects/studyhub/output/마포구초등과외/index.html,하위 페이지 더 보기
/마포구초등과외/,/상수동초등과외/,상수동초등과외,C:/Projects/studyhub/output/마포구초등과외/index.html,하위 페이지 더 보기
/마포구초등과외/,/상암동초등과외/,상암동초등과외,C:/Projects/studyhub/output/마포구초등과외/index.html,하위 페이지 더 보기
/마포구초등과외/,/성산동초등과외/,성산동초등과외,C:/Projects/studyhub/output/마포구초등과외/index.html,하위 페이지 더 보기
/마포구초등과외/,/신수동초등과외/,신수동초등과외,C:/Projects/studyhub/output/마포구초등과외/index.html,하위 페이지 더 보기
/마포구초등과외/,/신정동초등과외/,신정동초등과외,C:/Projects/studyhub/output/마포구초등과외/index.html,하위 페이지 더 보기
/마포구초등과외/,/아현동초등과외/,아현동초등과외,C:/Projects/studyhub/output/마포구초등과외/index.html,하위 페이지 더 보기
/마포구초등과외/,/연남동초등과외/,연남동초등과외,C:/Projects/studyhub/output/마포구초등과외/index.html,하위 페이지 더 보기
/마포구초등과외/,/염리동초등과외/,염리동초등과외,C:/Projects/studyhub/output/마포구초등과외/index.html,하위 페이지 더 보기
/마포구초등과외/,/창천동초등과외/,창천동초등과외,C:/Projects/studyhub/output/마포구초등과외/index.html,하위 페이지 더 보기
/마포구초등과외/,/합정동초등과외/,합정동초등과외,C:/Projects/studyhub/output/마포구초등과외/index.html,하위 페이지 더 보기
/마포구초등과외/,/현저동초등과외/,현저동초등과외,C:/Projects/studyhub/output/마포구초등과외/index.html,하위 페이지 더 보기
/마포구초등수학과외/,/마포동초등수학과외/,마포동초등수학과외,C:/Projects/studyhub/output/마포구초등수학과외/index.html,하위 페이지 더 보기
/마포구초등수학과외/,/망원동초등수학과외/,망원동초등수학과외,C:/Projects/studyhub/output/마포구초등수학과외/index.html,하위 페이지 더 보기
/마포구초등수학과외/,/상수동초등수학과외/,상수동초등수학과외,C:/Projects/studyhub/output/마포구초등수학과외/index.html,하위 페이지 더 보기
/마포구초등수학과외/,/상암동초등수학과외/,상암동초등수학과외,C:/Projects/studyhub/output/마포구초등수학과외/index.html,하위 페이지 더 보기
/마포구초등수학과외/,/성산동초등수학과외/,성산동초등수학과외,C:/Projects/studyhub/output/마포구초등수학과외/index.html,하위 페이지 더 보기
/마포구초등수학과외/,/신수동초등수학과외/,신수동초등수학과외,C:/Projects/studyhub/output/마포구초등수학과외/index.html,하위 페이지 더 보기
/마포구초등수학과외/,/신정동초등수학과외/,신정동초등수학과외,C:/Projects/studyhub/output/마포구초등수학과외/index.html,하위 페이지 더 보기
/마포구초등수학과외/,/아현동초등수학과외/,아현동초등수학과외,C:/Projects/studyhub/output/마포구초등수학과외/index.html,하위 페이지 더 보기
/마포구초등수학과외/,/연남동초등수학과외/,연남동초등수학과외,C:/Projects/studyhub/output/마포구초등수학과외/index.html,하위 페이지 더 보기
/마포구초등수학과외/,/염리동초등수학과외/,염리동초등수학과외,C:/Projects/studyhub/output/마포구초등수학과외/index.html,하위 페이지 더 보기
/마포구초등수학과외/,/창천동초등수학과외/,창천동초등수학과외,C:/Projects/studyhub/output/마포구초등수학과외/index.html,하위 페이지 더 보기
/마포구초등수학과외/,/합정동초등수학과외/,합정동초등수학과외,C:/Projects/studyhub/output/마포구초등수학과외/index.html,하위 페이지 더 보기
/마포구초등수학과외/,/현저동초등수학과외/,현저동초등수학과외,C:/Projects/studyhub/output/마포구초등수학과외/index.html,하위 페이지 더 보기
/마포구초등영어과외/,/마포동초등영어과외/,마포동초등영어과외,C:/Projects/studyhub/output/마포구초등영어과외/index.html,하위 페이지 더 보기
/마포구초등영어과외/,/망원동초등영어과외/,망원동초등영어과외,C:/Projects/studyhub/output/마포구초등영어과외/index.html,하위 페이지 더 보기
/마포구초등영어과외/,/상수동초등영어과외/,상수동초등영어과외,C:/Projects/studyhub/output/마포구초등영어과외/index.html,하위 페이지 더 보기
/마포구초등영어과외/,/상암동초등영어과외/,상암동초등영어과외,C:/Projects/studyhub/output/마포구초등영어과외/index.html,하위 페이지 더 보기
/마포구초등영어과외/,/성산동초등영어과외/,성산동초등영어과외,C:/Projects/studyhub/output/마포구초등영어과외/index.html,하위 페이지 더 보기
/마포구초등영어과외/,/신수동초등영어과외/,신수동초등영어과외,C:/Projects/studyhub/output/마포구초등영어과외/index.html,하위 페이지 더 보기
/마포구초등영어과외/,/신정동초등영어과외/,신정동초등영어과외,C:/Projects/studyhub/output/마포구초등영어과외/index.html,하위 페이지 더 보기
/마포구초등영어과외/,/아현동초등영어과외/,아현동초등영어과외,C:/Projects/studyhub/output/마포구초등영어과외/index.html,하위 페이지 더 보기
/마포구초등영어과외/,/연남동초등영어과외/,연남동초등영어과외,C:/Projects/studyhub/output/마포구초등영어과외/index.html,하위 페이지 더 보기
/마포구초등영어과외/,/염리동초등영어과외/,염리동초등영어과외,C:/Projects/studyhub/output/마포구초등영어과외/index.html,하위 페이지 더 보기
/마포구초등영어과외/,/창천동초등영어과외/,창천동초등영어과외,C:/Projects/studyhub/output/마포구초등영어과외/index.html,하위 페이지 더 보기
/마포구초등영어과외/,/합정동초등영어과외/,합정동초등영어과외,C:/Projects/studyhub/output/마포구초등영어과외/index.html,하위 페이지 더 보기
/마포구초등영어과외/,/현저동초등영어과외/,현저동초등영어과외,C:/Projects/studyhub/output/마포구초등영어과외/index.html,하위 페이지 더 보기
/부산고등과외/,/부산진구고등과외/,부산진구고등과외,C:/Projects/studyhub/output/부산고등과외/index.html,하위 페이지 더 보기
/부산고등과외/,/수영구고등과외/,수영구고등과외,C:/Projects/studyhub/output/부산고등과외/index.html,하위 페이지 더 보기
/부산고등과외/,/연제구고등과외/,연제구고등과외,C:/Projects/studyhub/output/부산고등과외/index.html,하위 페이지 더 보기
/부산고등과외/,/의정부고등과외/,의정부고등과외,C:/Projects/studyhub/output/부산고등과외/index.html,하위 페이지 더 보기
/부산고등과외/,/종로구고등과외/,종로구고등과외,C:/Projects/studyhub/output/부산고등과외/index.html,하위 페이지 더 보기
/부산고등과외/,/해운대고등과외/,해운대고등과외,C:/Projects/studyhub/output/부산고등과외/index.html,하위 페이지 더 보기
/부산고등수학과외/,/사하구고등수학과외/,사하구고등수학과외,C:/Projects/studyhub/output/부산고등수학과외/index.html,하위 페이지 더 보기
/부산고등수학과외/,/수영구고등수학과외/,수영구고등수학과외,C:/Projects/studyhub/output/부산고등수학과외/index.html,하위 페이지 더 보기
/부산고등수학과외/,/연제구고등수학과외/,연제구고등수학과외,C:/Projects/studyhub/output/부산고등수학과외/index.html,하위 페이지 더 보기
/부산고등수학과외/,/의정부고등수학과외/,의정부고등수학과외,C:/Projects/studyhub/output/부산고등수학과외/index.html,하위 페이지 더 보기
/부산고등수학과외/,/종로구고등수학과외/,종로구고등수학과외,C:/Projects/studyhub/output/부산고등수학과외/index.html,하위 페이지 더 보기
/부산고등수학과외/,/해운대고등수학과외/,해운대고등수학과외,C:/Projects/studyhub/output/부산고등수학과외/index.html,하위 페이지 더 보기
/부산고등영어과외/,/사하구고등영어과외/,사하구고등영어과외,C:/Projects/studyhub/output/부산고등영어과외/index.html,하위 페이지 더 보기
/부산고등영어과외/,/수영구고등영어과외/,수영구고등영어과외,C:/Projects/studyhub/output/부산고등영어과외/index.html,하위 페이지 더 보기
/부산고등영어과외/,/연제구고등영어과외/,연제구고등영어과외,C:/Projects/studyhub/output/부산고등영어과외/index.html,하위 페이지 더 보기
/부산고등영어과외/,/의정부고등영어과외/,의정부고등영어과외,C:/Projects/studyhub/output/부산고등영어과외/index.html,하위 페이지 더 보기
/부산고등영어과외/,/종로구고등영어과외/,종로구고등영어과외,C:/Projects/studyhub/output/부산고등영어과외/index.html,하위 페이지 더 보기
/부산고등영어과외/,/해운대고등영어과외/,해운대고등영어과외,C:/Projects/studyhub/output/부산고등영어과외/index.html,하위 페이지 더 보기
/부산과외/,/사하구과외/,사하구과외,C:/Projects/studyhub/output/부산과외/index.html,하위 페이지 더 보기
/부산과외/,/수영구과외/,수영구과외,C:/Projects/studyhub/output/부산과외/index.html,하위 페이지 더 보기
/부산과외/,/연제구과외/,연제구과외,C:/Projects/studyhub/output/부산과외/index.html,하위 페이지 더 보기
/부산과외/,/의정부과외/,의정부과외,C:/Projects/studyhub/output/부산과외/index.html,하위 페이지 더 보기
/부산과외/,/종로구과외/,종로구과외,C:/Projects/studyhub/output/부산과외/index.html,하위 페이지 더 보기
/부산과외/,/해운대과외/,해운대과외,C:/Projects/studyhub/output/부산과외/index.html,하위 페이지 더 보기
/부산과외/,/부산과외/해운대구과외/,해운대구과외,C:/Projects/studyhub/output/부산과외/index.html,하위 페이지 더 보기
/부산과외/부산진구과외/,/전포동과외/,전포동과외,C:/Projects/studyhub/output/부산과외/부산진구과외/index.html,하위 페이지 더 보기
/부산과외/부산진구과외/,/초읍동과외/,초읍동과외,C:/Projects/studyhub/output/부산과외/부산진구과외/index.html,하위 페이지 더 보기
/부산수학과외/,/부산진구수학과외/,부산진구수학과외,C:/Projects/studyhub/output/부산수학과외/index.html,하위 페이지 더 보기
/부산수학과외/,/수영구수학과외/,수영구수학과외,C:/Projects/studyhub/output/부산수학과외/index.html,하위 페이지 더 보기
/부산수학과외/,/연제구수학과외/,연제구수학과외,C:/Projects/studyhub/output/부산수학과외/index.html,하위 페이지 더 보기
/부산수학과외/,/의정부수학과외/,의정부수학과외,C:/Projects/studyhub/output/부산수학과외/index.html,하위 페이지 더 보기
/부산수학과외/,/종로구수학과외/,종로구수학과외,C:/Projects/studyhub/output/부산수학과외/index.html,하위 페이지 더 보기
/부산수학과외/,/해운대수학과외/,해운대수학과외,C:/Projects/studyhub/output/부산수학과외/index.html,하위 페이지 더 보기
/부산영어과외/,/부산진구영어과외/,부산진구영어과외,C:/Projects/studyhub/output/부산영어과외/index.html,하위 페이지 더 보기
/부산영어과외/,/수영구영어과외/,수영구영어과외,C:/Projects/studyhub/output/부산영어과외/index.html,하위 페이지 더 보기
/부산영어과외/,/연제구영어과외/,연제구영어과외,C:/Projects/studyhub/output/부산영어과외/index.html,하위 페이지 더 보기
/부산영어과외/,/의정부영어과외/,의정부영어과외,C:/Projects/studyhub/output/부산영어과외/index.html,하위 페이지 더 보기
/부산영어과외/,/종로구영어과외/,종로구영어과외,C:/Projects/studyhub/output/부산영어과외/index.html,하위 페이지 더 보기
/부산영어과외/,/해운대영어과외/,해운대영어과외,C:/Projects/studyhub/output/부산영어과외/index.html,하위 페이지 더 보기
/부산중등과외/,/부산진구중등과외/,부산진구중등과외,C:/Projects/studyhub/output/부산중등과외/index.html,하위 페이지 더 보기
/부산중등과외/,/수영구중등과외/,수영구중등과외,C:/Projects/studyhub/output/부산중등과외/index.html,하위 페이지 더 보기
/부산중등과외/,/연제구중등과외/,연제구중등과외,C:/Projects/studyhub/output/부산중등과외/index.html,하위 페이지 더 보기
/부산중등과외/,/의정부중등과외/,의정부중등과외,C:/Projects/studyhub/output/부산중등과외/index.html,하위 페이지 더 보기
/부산중등과외/,/종로구중등과외/,종로구중등과외,C:/Projects/studyhub/output/부산중등과외/index.html,하위 페이지 더 보기
/부산중등과외/,/해운대중등과외/,해운대중등과외,C:/Projects/studyhub/output/부산중등과외/index.html,하위 페이지 더 보기
/부산중등수학과외/,/사하구중등수학과외/,사하구중등수학과외,C:/Projects/studyhub/output/부산중등수학과외/index.html,하위 페이지 더 보기
/부산중등수학과외/,/수영구중등수학과외/,수영구중등수학과외,C:/Projects/studyhub/output/부산중등수학과외/index.html,하위 페이지 더 보기
/부산중등수학과외/,/연제구중등수학과외/,연제구중등수학과외,C:/Projects/studyhub/output/부산중등수학과외/index.html,하위 페이지 더 보기
/부산중등수학과외/,/의정부중등수학과외/,의정부중등수학과외,C:/Projects/studyhub/output/부산중등수학과외/index.html,하위 페이지 더 보기
/부산중등수학과외/,/종로구중등수학과외/,종로구중등수학과외,C:/Projects/studyhub/output/부산중등수학과외/index.html,하위 페이지 더 보기
/부산중등수학과외/,/해운대중등수학과외/,해운대중등수학과외,C:/Projects/studyhub/output/부산중등수학과외/index.html,하위 페이지 더 보기
/부산중등영어과외/,/사하구중등영어과외/,사하구중등영어과외,C:/Projects/studyhub/output/부산중등영어과외/index.html,하위 페이지 더 보기
/부산중등영어과외/,/수영구중등영어과외/,수영구중등영어과외,C:/Projects/studyhub/output/부산중등영어과외/index.html,하위 페이지 더 보기
/부산중등영어과외/,/연제구중등영어과외/,연제구중등영어과외,C:/Projects/studyhub/output/부산중등영어과외/index.html,하위 페이지 더 보기
/부산중등영어과외/,/의정부중등영어과외/,의정부중등영어과외,C:/Projects/studyhub/output/부산중등영어과외/index.html,하위 페이지 더 보기
/부산중등영어과외/,/종로구중등영어과외/,종로구중등영어과외,C:/Projects/studyhub/output/부산중등영어과외/index.html,하위 페이지 더 보기
/부산중등영어과외/,/해운대중등영어과외/,해운대중등영어과외,C:/Projects/studyhub/output/부산중등영어과외/index.html,하위 페이지 더 보기
/부산진구고등과외/,/부전동고등과외/,부전동고등과외,C:/Projects/studyhub/output/부산진구고등과외/index.html,하위 페이지 더 보기
/부산진구고등과외/,/초읍동고등과외/,초읍동고등과외,C:/Projects/studyhub/output/부산진구고등과외/index.html,하위 페이지 더 보기
/부산진구고등수학과외/,/전포동고등수학과외/,전포동고등수학과외,C:/Projects/studyhub/output/부산진구고등수학과외/index.html,하위 페이지 더 보기
/부산진구고등수학과외/,/초읍동고등수학과외/,초읍동고등수학과외,C:/Projects/studyhub/output/부산진구고등수학과외/index.html,하위 페이지 더 보기
/부산진구고등영어과외/,/전포동고등영어과외/,전포동고등영어과외,C:/Projects/studyhub/output/부산진구고등영어과외/index.html,하위 페이지 더 보기
/부산진구고등영어과외/,/초읍동고등영어과외/,초읍동고등영어과외,C:/Projects/studyhub/output/부산진구고등영어과외/index.html,하위 페이지 더 보기
/부산진구수학과외/,/부전동수학과외/,부전동수학과외,C:/Projects/studyhub/output/부산진구수학과외/index.html,하위 페이지 더 보기
/부산진구수학과외/,/초읍동수학과외/,초읍동수학과외,C:/Projects/studyhub/output/부산진구수학과외/index.html,하위 페이지 더 보기
/부산진구영어과외/,/부전동영어과외/,부전동영어과외,C:/Projects/studyhub/output/부산진구영어과외/index.html,하위 페이지 더 보기
/부산진구영어과외/,/초읍동영어과외/,초읍동영어과외,C:/Projects/studyhub/output/부산진구영어과외/index.html,하위 페이지 더 보기
/부산진구중등과외/,/부전동중등과외/,부전동중등과외,C:/Projects/studyhub/output/부산진구중등과외/index.html,하위 페이지 더 보기
/부산진구중등과외/,/초읍동중등과외/,초읍동중등과외,C:/Projects/studyhub/output/부산진구중등과외/index.html,하위 페이지 더 보기
/부산진구중등수학과외/,/전포동중등수학과외/,전포동중등수학과외,C:/Projects/studyhub/output/부산진구중등수학과외/index.html,하위 페이지 더 보기
/부산진구중등수학과외/,/초읍동중등수학과외/,초읍동중등수학과외,C:/Projects/studyhub/output/부산진구중등수학과외/index.html,하위 페이지 더 보기
/부산진구중등영어과외/,/전포동중등영어과외/,전포동중등영어과외,C:/Projects/studyhub/output/부산진구중등영어과외/index.html,하위 페이지 더 보기
/부산진구중등영어과외/,/초읍동중등영어과외/,초읍동중등영어과외,C:/Projects/studyhub/output/부산진구중등영어과외/index.html,하위 페이지 더 보기
/부산진구초등과외/,/부전동초등과외/,부전동초등과외,C:/Projects/studyhub/output/부산진구초등과외/index.html,하위 페이지 더 보기
/부산진구초등과외/,/초읍동초등과외/,초읍동초등과외,C:/Projects/studyhub/output/부산진구초등과외/index.html,하위 페이지 더 보기
/부산진구초등수학과외/,/전포동초등수학과외/,전포동초등수학과외,C:/Projects/studyhub/output/부산진구초등수학과외/index.html,하위 페이지 더 보기
/부산진구초등수학과외/,/초읍동초등수학과외/,초읍동초등수학과외,C:/Projects/studyhub/output/부산진구초등수학과외/index.html,하위 페이지 더 보기
/부산진구초등영어과외/,/전포동초등영어과외/,전포동초등영어과외,C:/Projects/studyhub/output/부산진구초등영어과외/index.html,하위 페이지 더 보기
/부산진구초등영어과외/,/초읍동초등영어과외/,초읍동초등영어과외,C:/Projects/studyhub/output/부산진구초등영어과외/index.html,하위 페이지 더 보기
/부산초등과외/,/부산진구초등과외/,부산진구초등과외,C:/Projects/studyhub/output/부산초등과외/index.html,하위 페이지 더 보기
/부산초등과외/,/수영구초등과외/,수영구초등과외,C:/Projects/studyhub/output/부산초등과외/index.html,하위 페이지 더 보기
/부산초등과외/,/연제구초등과외/,연제구초등과외,C:/Projects/studyhub/output/부산초등과외/index.html,하위 페이지 더 보기
/부산초등과외/,/의정부초등과외/,의정부초등과외,C:/Projects/studyhub/output/부산초등과외/index.html,하위 페이지 더 보기
/부산초등과외/,/종로구초등과외/,종로구초등과외,C:/Projects/studyhub/output/부산초등과외/index.html,하위 페이지 더 보기
/부산초등과외/,/해운대초등과외/,해운대초등과외,C:/Projects/studyhub/output/부산초등과외/index.html,하위 페이지 더 보기
/부산초등수학과외/,/사하구초등수학과외/,사하구초등수학과외,C:/Projects/studyhub/output/부산초등수학과외/index.html,하위 페이지 더 보기
/부산초등수학과외/,/수영구초등수학과외/,수영구초등수학과외,C:/Projects/studyhub/output/부산초등수학과외/index.html,하위 페이지 더 보기
/부산초등수학과외/,/연제구초등수학과외/,연제구초등수학과외,C:/Projects/studyhub/output/부산초등수학과외/index.html,하위 페이지 더 보기
/부산초등수학과외/,/의정부초등수학과외/,의정부초등수학과외,C:/Projects/studyhub/output/부산초등수학과외/index.html,하위 페이지 더 보기
/부산초등수학과외/,/종로구초등수학과외/,종로구초등수학과외,C:/Projects/studyhub/output/부산초등수학과외/index.html,하위 페이지 더 보기
/부산초등수학과외/,/해운대초등수학과외/,해운대초등수학과외,C:/Projects/studyhub/output/부산초등수학과외/index.html,하위 페이지 더 보기
/부산초등영어과외/,/사하구초등영어과외/,사하구초등영어과외,C:/Projects/studyhub/output/부산초등영어과외/index.html,하위 페이지 더 보기
/부산초등영어과외/,/수영구초등영어과외/,수영구초등영어과외,C:/Projects/studyhub/output/부산초등영어과외/index.html,하위 페이지 더 보기
/부산초등영어과외/,/연제구초등영어과외/,연제구초등영어과외,C:/Projects/studyhub/output/부산초등영어과외/index.html,하위 페이지 더 보기
/부산초등영어과외/,/의정부초등영어과외/,의정부초등영어과외,C:/Projects/studyhub/output/부산초등영어과외/index.html,하위 페이지 더 보기
/부산초등영어과외/,/종로구초등영어과외/,종로구초등영어과외,C:/Projects/studyhub/output/부산초등영어과외/index.html,하위 페이지 더 보기
/부산초등영어과외/,/해운대초등영어과외/,해운대초등영어과외,C:/Projects/studyhub/output/부산초등영어과외/index.html,하위 페이지 더 보기
/분당구고등과외/,/수내동고등과외/,수내동고등과외,C:/Projects/studyhub/output/분당구고등과외/index.html,하위 페이지 더 보기
/분당구고등과외/,/야탑동고등과외/,야탑동고등과외,C:/Projects/studyhub/output/분당구고등과외/index.html,하위 페이지 더 보기
/분당구고등과외/,/운중동고등과외/,운중동고등과외,C:/Projects/studyhub/output/분당구고등과외/index.html,하위 페이지 더 보기
/분당구고등과외/,/이매동고등과외/,이매동고등과외,C:/Projects/studyhub/output/분당구고등과외/index.html,하위 페이지 더 보기
/분당구고등과외/,/정자동고등과외/,정자동고등과외,C:/Projects/studyhub/output/분당구고등과외/index.html,하위 페이지 더 보기
/분당구고등수학과외/,/수내동고등수학과외/,수내동고등수학과외,C:/Projects/studyhub/output/분당구고등수학과외/index.html,하위 페이지 더 보기
/분당구고등수학과외/,/야탑동고등수학과외/,야탑동고등수학과외,C:/Projects/studyhub/output/분당구고등수학과외/index.html,하위 페이지 더 보기
/분당구고등수학과외/,/운중동고등수학과외/,운중동고등수학과외,C:/Projects/studyhub/output/분당구고등수학과외/index.html,하위 페이지 더 보기
/분당구고등수학과외/,/이매동고등수학과외/,이매동고등수학과외,C:/Projects/studyhub/output/분당구고등수학과외/index.html,하위 페이지 더 보기
/분당구고등수학과외/,/정자동고등수학과외/,정자동고등수학과외,C:/Projects/studyhub/output/분당구고등수학과외/index.html,하위 페이지 더 보기
/분당구고등영어과외/,/수내동고등영어과외/,수내동고등영어과외,C:/Projects/studyhub/output/분당구고등영어과외/index.html,하위 페이지 더 보기
/분당구고등영어과외/,/야탑동고등영어과외/,야탑동고등영어과외,C:/Projects/studyhub/output/분당구고등영어과외/index.html,하위 페이지 더 보기
/분당구고등영어과외/,/운중동고등영어과외/,운중동고등영어과외,C:/Projects/studyhub/output/분당구고등영어과외/index.html,하위 페이지 더 보기
/분당구고등영어과외/,/이매동고등영어과외/,이매동고등영어과외,C:/Projects/studyhub/output/분당구고등영어과외/index.html,하위 페이지 더 보기
/분당구고등영어과외/,/정자동고등영어과외/,정자동고등영어과외,C:/Projects/studyhub/output/분당구고등영어과외/index.html,하위 페이지 더 보기
/분당구과외/,/수내동과외/,수내동과외,C:/Projects/studyhub/output/분당구과외/index.html,하위 페이지 더 보기
/분당구과외/,/야탑동과외/,야탑동과외,C:/Projects/studyhub/output/분당구과외/index.html,하위 페이지 더 보기
/분당구과외/,/운중동과외/,운중동과외,C:/Projects/studyhub/output/분당구과외/index.html,하위 페이지 더 보기
/분당구과외/,/이매동과외/,이매동과외,C:/Projects/studyhub/output/분당구과외/index.html,하위 페이지 더 보기
/분당구과외/,/경기과외/성남시-분당구과외/정자동과외/,정자동과외,C:/Projects/studyhub/output/분당구과외/index.html,하위 페이지 더 보기
/분당구수학과외/,/수내동수학과외/,수내동수학과외,C:/Projects/studyhub/output/분당구수학과외/index.html,하위 페이지 더 보기
/분당구수학과외/,/야탑동수학과외/,야탑동수학과외,C:/Projects/studyhub/output/분당구수학과외/index.html,하위 페이지 더 보기
/분당구수학과외/,/운중동수학과외/,운중동수학과외,C:/Projects/studyhub/output/분당구수학과외/index.html,하위 페이지 더 보기
/분당구수학과외/,/이매동수학과외/,이매동수학과외,C:/Projects/studyhub/output/분당구수학과외/index.html,하위 페이지 더 보기
/분당구수학과외/,/정자동수학과외/,정자동수학과외,C:/Projects/studyhub/output/분당구수학과외/index.html,하위 페이지 더 보기
/분당구영어과외/,/수내동영어과외/,수내동영어과외,C:/Projects/studyhub/output/분당구영어과외/index.html,하위 페이지 더 보기
/분당구영어과외/,/야탑동영어과외/,야탑동영어과외,C:/Projects/studyhub/output/분당구영어과외/index.html,하위 페이지 더 보기
/분당구영어과외/,/운중동영어과외/,운중동영어과외,C:/Projects/studyhub/output/분당구영어과외/index.html,하위 페이지 더 보기
/분당구영어과외/,/이매동영어과외/,이매동영어과외,C:/Projects/studyhub/output/분당구영어과외/index.html,하위 페이지 더 보기
/분당구영어과외/,/정자동영어과외/,정자동영어과외,C:/Projects/studyhub/output/분당구영어과외/index.html,하위 페이지 더 보기
/분당구중등과외/,/수내동중등과외/,수내동중등과외,C:/Projects/studyhub/output/분당구중등과외/index.html,하위 페이지 더 보기
/분당구중등과외/,/야탑동중등과외/,야탑동중등과외,C:/Projects/studyhub/output/분당구중등과외/index.html,하위 페이지 더 보기
/분당구중등과외/,/운중동중등과외/,운중동중등과외,C:/Projects/studyhub/output/분당구중등과외/index.html,하위 페이지 더 보기
/분당구중등과외/,/이매동중등과외/,이매동중등과외,C:/Projects/studyhub/output/분당구중등과외/index.html,하위 페이지 더 보기
/분당구중등과외/,/정자동중등과외/,정자동중등과외,C:/Projects/studyhub/output/분당구중등과외/index.html,하위 페이지 더 보기
/분당구중등수학과외/,/수내동중등수학과외/,수내동중등수학과외,C:/Projects/studyhub/output/분당구중등수학과외/index.html,하위 페이지 더 보기
/분당구중등수학과외/,/야탑동중등수학과외/,야탑동중등수학과외,C:/Projects/studyhub/output/분당구중등수학과외/index.html,하위 페이지 더 보기
/분당구중등수학과외/,/운중동중등수학과외/,운중동중등수학과외,C:/Projects/studyhub/output/분당구중등수학과외/index.html,하위 페이지 더 보기
/분당구중등수학과외/,/이매동중등수학과외/,이매동중등수학과외,C:/Projects/studyhub/output/분당구중등수학과외/index.html,하위 페이지 더 보기
/분당구중등수학과외/,/정자동중등수학과외/,정자동중등수학과외,C:/Projects/studyhub/output/분당구중등수학과외/index.html,하위 페이지 더 보기
/분당구중등영어과외/,/수내동중등영어과외/,수내동중등영어과외,C:/Projects/studyhub/output/분당구중등영어과외/index.html,하위 페이지 더 보기
/분당구중등영어과외/,/야탑동중등영어과외/,야탑동중등영어과외,C:/Projects/studyhub/output/분당구중등영어과외/index.html,하위 페이지 더 보기
/분당구중등영어과외/,/운중동중등영어과외/,운중동중등영어과외,C:/Projects/studyhub/output/분당구중등영어과외/index.html,하위 페이지 더 보기
/분당구중등영어과외/,/이매동중등영어과외/,이매동중등영어과외,C:/Projects/studyhub/output/분당구중등영어과외/index.html,하위 페이지 더 보기
/분당구중등영어과외/,/정자동중등영어과외/,정자동중등영어과외,C:/Projects/studyhub/output/분당구중등영어과외/index.html,하위 페이지 더 보기
/분당구초등과외/,/수내동초등과외/,수내동초등과외,C:/Projects/studyhub/output/분당구초등과외/index.html,하위 페이지 더 보기
/분당구초등과외/,/야탑동초등과외/,야탑동초등과외,C:/Projects/studyhub/output/분당구초등과외/index.html,하위 페이지 더 보기
/분당구초등과외/,/운중동초등과외/,운중동초등과외,C:/Projects/studyhub/output/분당구초등과외/index.html,하위 페이지 더 보기
/분당구초등과외/,/이매동초등과외/,이매동초등과외,C:/Projects/studyhub/output/분당구초등과외/index.html,하위 페이지 더 보기
/분당구초등과외/,/정자동초등과외/,정자동초등과외,C:/Projects/studyhub/output/분당구초등과외/index.html,하위 페이지 더 보기
/분당구초등수학과외/,/수내동초등수학과외/,수내동초등수학과외,C:/Projects/studyhub/output/분당구초등수학과외/index.html,하위 페이지 더 보기
/분당구초등수학과외/,/야탑동초등수학과외/,야탑동초등수학과외,C:/Projects/studyhub/output/분당구초등수학과외/index.html,하위 페이지 더 보기
/분당구초등수학과외/,/운중동초등수학과외/,운중동초등수학과외,C:/Projects/studyhub/output/분당구초등수학과외/index.html,하위 페이지 더 보기
/분당구초등수학과외/,/이매동초등수학과외/,이매동초등수학과외,C:/Projects/studyhub/output/분당구초등수학과외/index.html,하위 페이지 더 보기
/분당구초등수학과외/,/정자동초등수학과외/,정자동초등수학과외,C:/Projects/studyhub/output/분당구초등수학과외/index.html,하위 페이지 더 보기
/분당구초등영어과외/,/수내동초등영어과외/,수내동초등영어과외,C:/Projects/studyhub/output/분당구초등영어과외/index.html,하위 페이지 더 보기
/분당구초등영어과외/,/야탑동초등영어과외/,야탑동초등영어과외,C:/Projects/studyhub/output/분당구초등영어과외/index.html,하위 페이지 더 보기
/분당구초등영어과외/,/운중동초등영어과외/,운중동초등영어과외,C:/Projects/studyhub/output/분당구초등영어과외/index.html,하위 페이지 더 보기
/분당구초등영어과외/,/이매동초등영어과외/,이매동초등영어과외,C:/Projects/studyhub/output/분당구초등영어과외/index.html,하위 페이지 더 보기
/분당구초등영어과외/,/정자동초등영어과외/,정자동초등영어과외,C:/Projects/studyhub/output/분당구초등영어과외/index.html,하위 페이지 더 보기
/서울고등과외/,/강남구고등과외/,강남구고등과외,C:/Projects/studyhub/output/서울고등과외/index.html,하위 페이지 더 보기
/서울고등과외/,/구로구고등과외/,구로구고등과외,C:/Projects/studyhub/output/서울고등과외/index.html,하위 페이지 더 보기
/서울고등과외/,/노원구고등과외/,노원구고등과외,C:/Projects/studyhub/output/서울고등과외/index.html,하위 페이지 더 보기
/서울고등과외/,/도봉구고등과외/,도봉구고등과외,C:/Projects/studyhub/output/서울고등과외/index.html,하위 페이지 더 보기
/서울고등과외/,/동대문고등과외/,동대문고등과외,C:/Projects/studyhub/output/서울고등과외/index.html,하위 페이지 더 보기
/서울고등과외/,/동작구고등과외/,동작구고등과외,C:/Projects/studyhub/output/서울고등과외/index.html,하위 페이지 더 보기
/서울고등과외/,/마포구고등과외/,마포구고등과외,C:/Projects/studyhub/output/서울고등과외/index.html,하위 페이지 더 보기
/서울고등과외/,/북구고등과외/,북구고등과외,C:/Projects/studyhub/output/서울고등과외/index.html,하위 페이지 더 보기
/서울고등과외/,/서대문고등과외/,서대문고등과외,C:/Projects/studyhub/output/서울고등과외/index.html,하위 페이지 더 보기
/서울고등과외/,/서대문구고등과외/,서대문구고등과외,C:/Projects/studyhub/output/서울고등과외/index.html,하위 페이지 더 보기
/서울고등과외/,/서초구고등과외/,서초구고등과외,C:/Projects/studyhub/output/서울고등과외/index.html,하위 페이지 더 보기
/서울고등과외/,/성동구고등과외/,성동구고등과외,C:/Projects/studyhub/output/서울고등과외/index.html,하위 페이지 더 보기
/서울고등과외/,/성북구고등과외/,성북구고등과외,C:/Projects/studyhub/output/서울고등과외/index.html,하위 페이지 더 보기
/서울고등과외/,/송파구고등과외/,송파구고등과외,C:/Projects/studyhub/output/서울고등과외/index.html,하위 페이지 더 보기
/서울고등과외/,/양천구고등과외/,양천구고등과외,C:/Projects/studyhub/output/서울고등과외/index.html,하위 페이지 더 보기
/서울고등과외/,/영등포고등과외/,영등포고등과외,C:/Projects/studyhub/output/서울고등과외/index.html,하위 페이지 더 보기
/서울고등과외/,/용산구고등과외/,용산구고등과외,C:/Projects/studyhub/output/서울고등과외/index.html,하위 페이지 더 보기
/서울고등과외/,/은평구고등과외/,은평구고등과외,C:/Projects/studyhub/output/서울고등과외/index.html,하위 페이지 더 보기
/서울고등과외/,/중랑구고등과외/,중랑구고등과외,C:/Projects/studyhub/output/서울고등과외/index.html,하위 페이지 더 보기
/서울고등수학과외/,/광진구고등수학과외/,광진구고등수학과외,C:/Projects/studyhub/output/서울고등수학과외/index.html,하위 페이지 더 보기
/서울고등수학과외/,/구로구고등수학과외/,구로구고등수학과외,C:/Projects/studyhub/output/서울고등수학과외/index.html,하위 페이지 더 보기
/서울고등수학과외/,/노원구고등수학과외/,노원구고등수학과외,C:/Projects/studyhub/output/서울고등수학과외/index.html,하위 페이지 더 보기
/서울고등수학과외/,/도봉구고등수학과외/,도봉구고등수학과외,C:/Projects/studyhub/output/서울고등수학과외/index.html,하위 페이지 더 보기
/서울고등수학과외/,/동대문고등수학과외/,동대문고등수학과외,C:/Projects/studyhub/output/서울고등수학과외/index.html,하위 페이지 더 보기
/서울고등수학과외/,/동작구고등수학과외/,동작구고등수학과외,C:/Projects/studyhub/output/서울고등수학과외/index.html,하위 페이지 더 보기
/서울고등수학과외/,/마포구고등수학과외/,마포구고등수학과외,C:/Projects/studyhub/output/서울고등수학과외/index.html,하위 페이지 더 보기
/서울고등수학과외/,/북구고등수학과외/,북구고등수학과외,C:/Projects/studyhub/output/서울고등수학과외/index.html,하위 페이지 더 보기
/서울고등수학과외/,/서대문고등수학과외/,서대문고등수학과외,C:/Projects/studyhub/output/서울고등수학과외/index.html,하위 페이지 더 보기
/서울고등수학과외/,/서대문구고등수학과외/,서대문구고등수학과외,C:/Projects/studyhub/output/서울고등수학과외/index.html,하위 페이지 더 보기
/서울고등수학과외/,/서초구고등수학과외/,서초구고등수학과외,C:/Projects/studyhub/output/서울고등수학과외/index.html,하위 페이지 더 보기
/서울고등수학과외/,/성동구고등수학과외/,성동구고등수학과외,C:/Projects/studyhub/output/서울고등수학과외/index.html,하위 페이지 더 보기
/서울고등수학과외/,/성북구고등수학과외/,성북구고등수학과외,C:/Projects/studyhub/output/서울고등수학과외/index.html,하위 페이지 더 보기
/서울고등수학과외/,/송파구고등수학과외/,송파구고등수학과외,C:/Projects/studyhub/output/서울고등수학과외/index.html,하위 페이지 더 보기
/서울고등수학과외/,/양천구고등수학과외/,양천구고등수학과외,C:/Projects/studyhub/output/서울고등수학과외/index.html,하위 페이지 더 보기
/서울고등수학과외/,/영등포고등수학과외/,영등포고등수학과외,C:/Projects/studyhub/output/서울고등수학과외/index.html,하위 페이지 더 보기
/서울고등수학과외/,/용산구고등수학과외/,용산구고등수학과외,C:/Projects/studyhub/output/서울고등수학과외/index.html,하위 페이지 더 보기
/서울고등수학과외/,/은평구고등수학과외/,은평구고등수학과외,C:/Projects/studyhub/output/서울고등수학과외/index.html,하위 페이지 더 보기
/서울고등수학과외/,/중랑구고등수학과외/,중랑구고등수학과외,C:/Projects/studyhub/output/서울고등수학과외/index.html,하위 페이지 더 보기
/서울고등영어과외/,/광진구고등영어과외/,광진구고등영어과외,C:/Projects/studyhub/output/서울고등영어과외/index.html,하위 페이지 더 보기
/서울고등영어과외/,/구로구고등영어과외/,구로구고등영어과외,C:/Projects/studyhub/output/서울고등영어과외/index.html,하위 페이지 더 보기
/서울고등영어과외/,/노원구고등영어과외/,노원구고등영어과외,C:/Projects/studyhub/output/서울고등영어과외/index.html,하위 페이지 더 보기
/서울고등영어과외/,/도봉구고등영어과외/,도봉구고등영어과외,C:/Projects/studyhub/output/서울고등영어과외/index.html,하위 페이지 더 보기
/서울고등영어과외/,/동대문고등영어과외/,동대문고등영어과외,C:/Projects/studyhub/output/서울고등영어과외/index.html,하위 페이지 더 보기
/서울고등영어과외/,/동작구고등영어과외/,동작구고등영어과외,C:/Projects/studyhub/output/서울고등영어과외/index.html,하위 페이지 더 보기
/서울고등영어과외/,/마포구고등영어과외/,마포구고등영어과외,C:/Projects/studyhub/output/서울고등영어과외/index.html,하위 페이지 더 보기
/서울고등영어과외/,/북구고등영어과외/,북구고등영어과외,C:/Projects/studyhub/output/서울고등영어과외/index.html,하위 페이지 더 보기
/서울고등영어과외/,/서대문고등영어과외/,서대문고등영어과외,C:/Projects/studyhub/output/서울고등영어과외/index.html,하위 페이지 더 보기
/서울고등영어과외/,/서대문구고등영어과외/,서대문구고등영어과외,C:/Projects/studyhub/output/서울고등영어과외/index.html,하위 페이지 더 보기
/서울고등영어과외/,/서초구고등영어과외/,서초구고등영어과외,C:/Projects/studyhub/output/서울고등영어과외/index.html,하위 페이지 더 보기
/서울고등영어과외/,/성동구고등영어과외/,성동구고등영어과외,C:/Projects/studyhub/output/서울고등영어과외/index.html,하위 페이지 더 보기
/서울고등영어과외/,/성북구고등영어과외/,성북구고등영어과외,C:/Projects/studyhub/output/서울고등영어과외/index.html,하위 페이지 더 보기
/서울고등영어과외/,/송파구고등영어과외/,송파구고등영어과외,C:/Projects/studyhub/output/서울고등영어과외/index.html,하위 페이지 더 보기
/서울고등영어과외/,/양천구고등영어과외/,양천구고등영어과외,C:/Projects/studyhub/output/서울고등영어과외/index.html,하위 페이지 더 보기
/서울고등영어과외/,/영등포고등영어과외/,영등포고등영어과외,C:/Projects/studyhub/output/서울고등영어과외/index.html,하위 페이지 더 보기
/서울고등영어과외/,/용산구고등영어과외/,용산구고등영어과외,C:/Projects/studyhub/output/서울고등영어과외/index.html,하위 페이지 더 보기
/서울고등영어과외/,/은평구고등영어과외/,은평구고등영어과외,C:/Projects/studyhub/output/서울고등영어과외/index.html,하위 페이지 더 보기
/서울고등영어과외/,/중랑구고등영어과외/,중랑구고등영어과외,C:/Projects/studyhub/output/서울고등영어과외/index.html,하위 페이지 더 보기
/서울과외/,/광진구과외/,광진구과외,C:/Projects/studyhub/output/서울과외/index.html,하위 페이지 더 보기
/서울과외/,/구로구과외/,구로구과외,C:/Projects/studyhub/output/서울과외/index.html,하위 페이지 더 보기
/서울과외/,/도봉구과외/,도봉구과외,C:/Projects/studyhub/output/서울과외/index.html,하위 페이지 더 보기
/서울과외/,/동대문과외/,동대문과외,C:/Projects/studyhub/output/서울과외/index.html,하위 페이지 더 보기
/서울과외/,/동작구과외/,동작구과외,C:/Projects/studyhub/output/서울과외/index.html,하위 페이지 더 보기
/서울과외/,/광주과외/북구과외/,북구과외,C:/Projects/studyhub/output/서울과외/index.html,하위 페이지 더 보기
/서울과외/,/서대문과외/,서대문과외,C:/Projects/studyhub/output/서울과외/index.html,하위 페이지 더 보기
/서울과외/,/서대문구과외/,서대문구과외,C:/Projects/studyhub/output/서울과외/index.html,하위 페이지 더 보기
/서울과외/,/서울과외/서초구과외/,서초구과외,C:/Projects/studyhub/output/서울과외/index.html,하위 페이지 더 보기
/서울과외/,/성동구과외/,성동구과외,C:/Projects/studyhub/output/서울과외/index.html,하위 페이지 더 보기
/서울과외/,/성북구과외/,성북구과외,C:/Projects/studyhub/output/서울과외/index.html,하위 페이지 더 보기
/서울과외/,/서울과외/송파구과외/,송파구과외,C:/Projects/studyhub/output/서울과외/index.html,하위 페이지 더 보기
/서울과외/,/양천구과외/,양천구과외,C:/Projects/studyhub/output/서울과외/index.html,하위 페이지 더 보기
/서울과외/,/영등포과외/,영등포과외,C:/Projects/studyhub/output/서울과외/index.html,하위 페이지 더 보기
/서울과외/,/용산구과외/,용산구과외,C:/Projects/studyhub/output/서울과외/index.html,하위 페이지 더 보기
/서울과외/,/은평구과외/,은평구과외,C:/Projects/studyhub/output/서울과외/index.html,하위 페이지 더 보기
/서울과외/,/중랑구과외/,중랑구과외,C:/Projects/studyhub/output/서울과외/index.html,하위 페이지 더 보기
/서울과외/강남구과외/,/세곡동과외/,세곡동과외,C:/Projects/studyhub/output/서울과외/강남구과외/index.html,하위 페이지 더 보기
/서울과외/강남구과외/,/수서동과외/,수서동과외,C:/Projects/studyhub/output/서울과외/강남구과외/index.html,하위 페이지 더 보기
/서울과외/강남구과외/,/일원동과외/,일원동과외,C:/Projects/studyhub/output/서울과외/강남구과외/index.html,하위 페이지 더 보기
/서울과외/강남구과외/,/자곡동과외/,자곡동과외,C:/Projects/studyhub/output/서울과외/강남구과외/index.html,하위 페이지 더 보기
/서울과외/강남구과외/,/청담동과외/,청담동과외,C:/Projects/studyhub/output/서울과외/강남구과외/index.html,하위 페이지 더 보기
/서울과외/송파구과외/,/석촌동과외/,석촌동과외,C:/Projects/studyhub/output/서울과외/송파구과외/index.html,하위 페이지 더 보기
/서울과외/송파구과외/,/신천동과외/,신천동과외,C:/Projects/studyhub/output/서울과외/송파구과외/index.html,하위 페이지 더 보기
/서울과외/송파구과외/,/오금동과외/,오금동과외,C:/Projects/studyhub/output/서울과외/송파구과외/index.html,하위 페이지 더 보기
/서울과외/송파구과외/,/장지동과외/,장지동과외,C:/Projects/studyhub/output/서울과외/송파구과외/index.html,하위 페이지 더 보기
/서울수학과외/,/강남구수학과외/,강남구수학과외,C:/Projects/studyhub/output/서울수학과외/index.html,하위 페이지 더 보기
/서울수학과외/,/구로구수학과외/,구로구수학과외,C:/Projects/studyhub/output/서울수학과외/index.html,하위 페이지 더 보기
/서울수학과외/,/도봉구수학과외/,도봉구수학과외,C:/Projects/studyhub/output/서울수학과외/index.html,하위 페이지 더 보기
/서울수학과외/,/동대문수학과외/,동대문수학과외,C:/Projects/studyhub/output/서울수학과외/index.html,하위 페이지 더 보기
/서울수학과외/,/동작구수학과외/,동작구수학과외,C:/Projects/studyhub/output/서울수학과외/index.html,하위 페이지 더 보기
/서울수학과외/,/마포구수학과외/,마포구수학과외,C:/Projects/studyhub/output/서울수학과외/index.html,하위 페이지 더 보기
/서울수학과외/,/북구수학과외/,북구수학과외,C:/Projects/studyhub/output/서울수학과외/index.html,하위 페이지 더 보기
/서울수학과외/,/서대문구수학과외/,서대문구수학과외,C:/Projects/studyhub/output/서울수학과외/index.html,하위 페이지 더 보기
/서울수학과외/,/서대문수학과외/,서대문수학과외,C:/Projects/studyhub/output/서울수학과외/index.html,하위 페이지 더 보기
/서울수학과외/,/서초구수학과외/,서초구수학과외,C:/Projects/studyhub/output/서울수학과외/index.html,하위 페이지 더 보기
/서울수학과외/,/성동구수학과외/,성동구수학과외,C:/Projects/studyhub/output/서울수학과외/index.html,하위 페이지 더 보기
/서울수학과외/,/성북구수학과외/,성북구수학과외,C:/Projects/studyhub/output/서울수학과외/index.html,하위 페이지 더 보기
/서울수학과외/,/송파구수학과외/,송파구수학과외,C:/Projects/studyhub/output/서울수학과외/index.html,하위 페이지 더 보기
/서울수학과외/,/양천구수학과외/,양천구수학과외,C:/Projects/studyhub/output/서울수학과외/index.html,하위 페이지 더 보기
/서울수학과외/,/영등포수학과외/,영등포수학과외,C:/Projects/studyhub/output/서울수학과외/index.html,하위 페이지 더 보기
/서울수학과외/,/용산구수학과외/,용산구수학과외,C:/Projects/studyhub/output/서울수학과외/index.html,하위 페이지 더 보기
/서울수학과외/,/은평구수학과외/,은평구수학과외,C:/Projects/studyhub/output/서울수학과외/index.html,하위 페이지 더 보기
/서울수학과외/,/중랑구수학과외/,중랑구수학과외,C:/Projects/studyhub/output/서울수학과외/index.html,하위 페이지 더 보기
/서울영어과외/,/강남구영어과외/,강남구영어과외,C:/Projects/studyhub/output/서울영어과외/index.html,하위 페이지 더 보기
/서울영어과외/,/구로구영어과외/,구로구영어과외,C:/Projects/studyhub/output/서울영어과외/index.html,하위 페이지 더 보기
/서울영어과외/,/노원구영어과외/,노원구영어과외,C:/Projects/studyhub/output/서울영어과외/index.html,하위 페이지 더 보기
/서울영어과외/,/도봉구영어과외/,도봉구영어과외,C:/Projects/studyhub/output/서울영어과외/index.html,하위 페이지 더 보기
/서울영어과외/,/동대문영어과외/,동대문영어과외,C:/Projects/studyhub/output/서울영어과외/index.html,하위 페이지 더 보기
/서울영어과외/,/동작구영어과외/,동작구영어과외,C:/Projects/studyhub/output/서울영어과외/index.html,하위 페이지 더 보기
/서울영어과외/,/마포구영어과외/,마포구영어과외,C:/Projects/studyhub/output/서울영어과외/index.html,하위 페이지 더 보기
/서울영어과외/,/북구영어과외/,북구영어과외,C:/Projects/studyhub/output/서울영어과외/index.html,하위 페이지 더 보기
/서울영어과외/,/서대문구영어과외/,서대문구영어과외,C:/Projects/studyhub/output/서울영어과외/index.html,하위 페이지 더 보기
/서울영어과외/,/서대문영어과외/,서대문영어과외,C:/Projects/studyhub/output/서울영어과외/index.html,하위 페이지 더 보기
/서울영어과외/,/서초구영어과외/,서초구영어과외,C:/Projects/studyhub/output/서울영어과외/index.html,하위 페이지 더 보기
/서울영어과외/,/성동구영어과외/,성동구영어과외,C:/Projects/studyhub/output/서울영어과외/index.html,하위 페이지 더 보기
/서울영어과외/,/성북구영어과외/,성북구영어과외,C:/Projects/studyhub/output/서울영어과외/index.html,하위 페이지 더 보기
/서울영어과외/,/송파구영어과외/,송파구영어과외,C:/Projects/studyhub/output/서울영어과외/index.html,하위 페이지 더 보기
/서울영어과외/,/양천구영어과외/,양천구영어과외,C:/Projects/studyhub/output/서울영어과외/index.html,하위 페이지 더 보기
/서울영어과외/,/영등포영어과외/,영등포영어과외,C:/Projects/studyhub/output/서울영어과외/index.html,하위 페이지 더 보기
/서울영어과외/,/용산구영어과외/,용산구영어과외,C:/Projects/studyhub/output/서울영어과외/index.html,하위 페이지 더 보기
/서울영어과외/,/은평구영어과외/,은평구영어과외,C:/Projects/studyhub/output/서울영어과외/index.html,하위 페이지 더 보기
/서울영어과외/,/중랑구영어과외/,중랑구영어과외,C:/Projects/studyhub/output/서울영어과외/index.html,하위 페이지 더 보기
/서울중등과외/,/강남구중등과외/,강남구중등과외,C:/Projects/studyhub/output/서울중등과외/index.html,하위 페이지 더 보기
/서울중등과외/,/구로구중등과외/,구로구중등과외,C:/Projects/studyhub/output/서울중등과외/index.html,하위 페이지 더 보기
/서울중등과외/,/노원구중등과외/,노원구중등과외,C:/Projects/studyhub/output/서울중등과외/index.html,하위 페이지 더 보기
/서울중등과외/,/도봉구중등과외/,도봉구중등과외,C:/Projects/studyhub/output/서울중등과외/index.html,하위 페이지 더 보기
/서울중등과외/,/동대문중등과외/,동대문중등과외,C:/Projects/studyhub/output/서울중등과외/index.html,하위 페이지 더 보기
/서울중등과외/,/동작구중등과외/,동작구중등과외,C:/Projects/studyhub/output/서울중등과외/index.html,하위 페이지 더 보기
/서울중등과외/,/마포구중등과외/,마포구중등과외,C:/Projects/studyhub/output/서울중등과외/index.html,하위 페이지 더 보기
/서울중등과외/,/북구중등과외/,북구중등과외,C:/Projects/studyhub/output/서울중등과외/index.html,하위 페이지 더 보기
/서울중등과외/,/서대문구중등과외/,서대문구중등과외,C:/Projects/studyhub/output/서울중등과외/index.html,하위 페이지 더 보기
/서울중등과외/,/서대문중등과외/,서대문중등과외,C:/Projects/studyhub/output/서울중등과외/index.html,하위 페이지 더 보기
/서울중등과외/,/서초구중등과외/,서초구중등과외,C:/Projects/studyhub/output/서울중등과외/index.html,하위 페이지 더 보기
/서울중등과외/,/성동구중등과외/,성동구중등과외,C:/Projects/studyhub/output/서울중등과외/index.html,하위 페이지 더 보기
/서울중등과외/,/성북구중등과외/,성북구중등과외,C:/Projects/studyhub/output/서울중등과외/index.html,하위 페이지 더 보기
/서울중등과외/,/송파구중등과외/,송파구중등과외,C:/Projects/studyhub/output/서울중등과외/index.html,하위 페이지 더 보기
/서울중등과외/,/양천구중등과외/,양천구중등과외,C:/Projects/studyhub/output/서울중등과외/index.html,하위 페이지 더 보기
/서울중등과외/,/영등포중등과외/,영등포중등과외,C:/Projects/studyhub/output/서울중등과외/index.html,하위 페이지 더 보기
/서울중등과외/,/용산구중등과외/,용산구중등과외,C:/Projects/studyhub/output/서울중등과외/index.html,하위 페이지 더 보기
/서울중등과외/,/은평구중등과외/,은평구중등과외,C:/Projects/studyhub/output/서울중등과외/index.html,하위 페이지 더 보기
/서울중등과외/,/중랑구중등과외/,중랑구중등과외,C:/Projects/studyhub/output/서울중등과외/index.html,하위 페이지 더 보기
/서울중등수학과외/,/광진구중등수학과외/,광진구중등수학과외,C:/Projects/studyhub/output/서울중등수학과외/index.html,하위 페이지 더 보기
/서울중등수학과외/,/구로구중등수학과외/,구로구중등수학과외,C:/Projects/studyhub/output/서울중등수학과외/index.html,하위 페이지 더 보기
/서울중등수학과외/,/노원구중등수학과외/,노원구중등수학과외,C:/Projects/studyhub/output/서울중등수학과외/index.html,하위 페이지 더 보기
/서울중등수학과외/,/도봉구중등수학과외/,도봉구중등수학과외,C:/Projects/studyhub/output/서울중등수학과외/index.html,하위 페이지 더 보기
/서울중등수학과외/,/동대문중등수학과외/,동대문중등수학과외,C:/Projects/studyhub/output/서울중등수학과외/index.html,하위 페이지 더 보기
/서울중등수학과외/,/동작구중등수학과외/,동작구중등수학과외,C:/Projects/studyhub/output/서울중등수학과외/index.html,하위 페이지 더 보기
/서울중등수학과외/,/마포구중등수학과외/,마포구중등수학과외,C:/Projects/studyhub/output/서울중등수학과외/index.html,하위 페이지 더 보기
/서울중등수학과외/,/북구중등수학과외/,북구중등수학과외,C:/Projects/studyhub/output/서울중등수학과외/index.html,하위 페이지 더 보기
/서울중등수학과외/,/서대문구중등수학과외/,서대문구중등수학과외,C:/Projects/studyhub/output/서울중등수학과외/index.html,하위 페이지 더 보기
/서울중등수학과외/,/서대문중등수학과외/,서대문중등수학과외,C:/Projects/studyhub/output/서울중등수학과외/index.html,하위 페이지 더 보기
/서울중등수학과외/,/서초구중등수학과외/,서초구중등수학과외,C:/Projects/studyhub/output/서울중등수학과외/index.html,하위 페이지 더 보기
/서울중등수학과외/,/성동구중등수학과외/,성동구중등수학과외,C:/Projects/studyhub/output/서울중등수학과외/index.html,하위 페이지 더 보기
/서울중등수학과외/,/성북구중등수학과외/,성북구중등수학과외,C:/Projects/studyhub/output/서울중등수학과외/index.html,하위 페이지 더 보기
/서울중등수학과외/,/송파구중등수학과외/,송파구중등수학과외,C:/Projects/studyhub/output/서울중등수학과외/index.html,하위 페이지 더 보기
/서울중등수학과외/,/양천구중등수학과외/,양천구중등수학과외,C:/Projects/studyhub/output/서울중등수학과외/index.html,하위 페이지 더 보기
/서울중등수학과외/,/영등포중등수학과외/,영등포중등수학과외,C:/Projects/studyhub/output/서울중등수학과외/index.html,하위 페이지 더 보기
/서울중등수학과외/,/용산구중등수학과외/,용산구중등수학과외,C:/Projects/studyhub/output/서울중등수학과외/index.html,하위 페이지 더 보기
/서울중등수학과외/,/은평구중등수학과외/,은평구중등수학과외,C:/Projects/studyhub/output/서울중등수학과외/index.html,하위 페이지 더 보기
/서울중등수학과외/,/중랑구중등수학과외/,중랑구중등수학과외,C:/Projects/studyhub/output/서울중등수학과외/index.html,하위 페이지 더 보기
/서울중등영어과외/,/광진구중등영어과외/,광진구중등영어과외,C:/Projects/studyhub/output/서울중등영어과외/index.html,하위 페이지 더 보기
/서울중등영어과외/,/구로구중등영어과외/,구로구중등영어과외,C:/Projects/studyhub/output/서울중등영어과외/index.html,하위 페이지 더 보기
/서울중등영어과외/,/노원구중등영어과외/,노원구중등영어과외,C:/Projects/studyhub/output/서울중등영어과외/index.html,하위 페이지 더 보기
/서울중등영어과외/,/도봉구중등영어과외/,도봉구중등영어과외,C:/Projects/studyhub/output/서울중등영어과외/index.html,하위 페이지 더 보기
/서울중등영어과외/,/동대문중등영어과외/,동대문중등영어과외,C:/Projects/studyhub/output/서울중등영어과외/index.html,하위 페이지 더 보기
/서울중등영어과외/,/동작구중등영어과외/,동작구중등영어과외,C:/Projects/studyhub/output/서울중등영어과외/index.html,하위 페이지 더 보기
/서울중등영어과외/,/마포구중등영어과외/,마포구중등영어과외,C:/Projects/studyhub/output/서울중등영어과외/index.html,하위 페이지 더 보기
/서울중등영어과외/,/북구중등영어과외/,북구중등영어과외,C:/Projects/studyhub/output/서울중등영어과외/index.html,하위 페이지 더 보기
/서울중등영어과외/,/서대문구중등영어과외/,서대문구중등영어과외,C:/Projects/studyhub/output/서울중등영어과외/index.html,하위 페이지 더 보기
/서울중등영어과외/,/서대문중등영어과외/,서대문중등영어과외,C:/Projects/studyhub/output/서울중등영어과외/index.html,하위 페이지 더 보기
/서울중등영어과외/,/서초구중등영어과외/,서초구중등영어과외,C:/Projects/studyhub/output/서울중등영어과외/index.html,하위 페이지 더 보기
/서울중등영어과외/,/성동구중등영어과외/,성동구중등영어과외,C:/Projects/studyhub/output/서울중등영어과외/index.html,하위 페이지 더 보기
/서울중등영어과외/,/성북구중등영어과외/,성북구중등영어과외,C:/Projects/studyhub/output/서울중등영어과외/index.html,하위 페이지 더 보기
/서울중등영어과외/,/송파구중등영어과외/,송파구중등영어과외,C:/Projects/studyhub/output/서울중등영어과외/index.html,하위 페이지 더 보기
/서울중등영어과외/,/양천구중등영어과외/,양천구중등영어과외,C:/Projects/studyhub/output/서울중등영어과외/index.html,하위 페이지 더 보기
/서울중등영어과외/,/영등포중등영어과외/,영등포중등영어과외,C:/Projects/studyhub/output/서울중등영어과외/index.html,하위 페이지 더 보기
/서울중등영어과외/,/용산구중등영어과외/,용산구중등영어과외,C:/Projects/studyhub/output/서울중등영어과외/index.html,하위 페이지 더 보기
/서울중등영어과외/,/은평구중등영어과외/,은평구중등영어과외,C:/Projects/studyhub/output/서울중등영어과외/index.html,하위 페이지 더 보기
/서울중등영어과외/,/중랑구중등영어과외/,중랑구중등영어과외,C:/Projects/studyhub/output/서울중등영어과외/index.html,하위 페이지 더 보기
/서울초등과외/,/강남구초등과외/,강남구초등과외,C:/Projects/studyhub/output/서울초등과외/index.html,하위 페이지 더 보기
/서울초등과외/,/구로구초등과외/,구로구초등과외,C:/Projects/studyhub/output/서울초등과외/index.html,하위 페이지 더 보기
/서울초등과외/,/노원구초등과외/,노원구초등과외,C:/Projects/studyhub/output/서울초등과외/index.html,하위 페이지 더 보기
/서울초등과외/,/도봉구초등과외/,도봉구초등과외,C:/Projects/studyhub/output/서울초등과외/index.html,하위 페이지 더 보기
/서울초등과외/,/동대문초등과외/,동대문초등과외,C:/Projects/studyhub/output/서울초등과외/index.html,하위 페이지 더 보기
/서울초등과외/,/동작구초등과외/,동작구초등과외,C:/Projects/studyhub/output/서울초등과외/index.html,하위 페이지 더 보기
/서울초등과외/,/마포구초등과외/,마포구초등과외,C:/Projects/studyhub/output/서울초등과외/index.html,하위 페이지 더 보기
/서울초등과외/,/북구초등과외/,북구초등과외,C:/Projects/studyhub/output/서울초등과외/index.html,하위 페이지 더 보기
/서울초등과외/,/서대문구초등과외/,서대문구초등과외,C:/Projects/studyhub/output/서울초등과외/index.html,하위 페이지 더 보기
/서울초등과외/,/서대문초등과외/,서대문초등과외,C:/Projects/studyhub/output/서울초등과외/index.html,하위 페이지 더 보기
/서울초등과외/,/서초구초등과외/,서초구초등과외,C:/Projects/studyhub/output/서울초등과외/index.html,하위 페이지 더 보기
/서울초등과외/,/성동구초등과외/,성동구초등과외,C:/Projects/studyhub/output/서울초등과외/index.html,하위 페이지 더 보기
/서울초등과외/,/성북구초등과외/,성북구초등과외,C:/Projects/studyhub/output/서울초등과외/index.html,하위 페이지 더 보기
/서울초등과외/,/송파구초등과외/,송파구초등과외,C:/Projects/studyhub/output/서울초등과외/index.html,하위 페이지 더 보기
/서울초등과외/,/양천구초등과외/,양천구초등과외,C:/Projects/studyhub/output/서울초등과외/index.html,하위 페이지 더 보기
/서울초등과외/,/영등포초등과외/,영등포초등과외,C:/Projects/studyhub/output/서울초등과외/index.html,하위 페이지 더 보기
/서울초등과외/,/용산구초등과외/,용산구초등과외,C:/Projects/studyhub/output/서울초등과외/index.html,하위 페이지 더 보기
/서울초등과외/,/은평구초등과외/,은평구초등과외,C:/Projects/studyhub/output/서울초등과외/index.html,하위 페이지 더 보기
/서울초등과외/,/중랑구초등과외/,중랑구초등과외,C:/Projects/studyhub/output/서울초등과외/index.html,하위 페이지 더 보기
/서울초등수학과외/,/광진구초등수학과외/,광진구초등수학과외,C:/Projects/studyhub/output/서울초등수학과외/index.html,하위 페이지 더 보기
/서울초등수학과외/,/구로구초등수학과외/,구로구초등수학과외,C:/Projects/studyhub/output/서울초등수학과외/index.html,하위 페이지 더 보기
/서울초등수학과외/,/금천구초등수학과외/,금천구초등수학과외,C:/Projects/studyhub/output/서울초등수학과외/index.html,하위 페이지 더 보기
/서울초등수학과외/,/노원구초등수학과외/,노원구초등수학과외,C:/Projects/studyhub/output/서울초등수학과외/index.html,하위 페이지 더 보기
/서울초등수학과외/,/도봉구초등수학과외/,도봉구초등수학과외,C:/Projects/studyhub/output/서울초등수학과외/index.html,하위 페이지 더 보기
/서울초등수학과외/,/동대문초등수학과외/,동대문초등수학과외,C:/Projects/studyhub/output/서울초등수학과외/index.html,하위 페이지 더 보기
/서울초등수학과외/,/동작구초등수학과외/,동작구초등수학과외,C:/Projects/studyhub/output/서울초등수학과외/index.html,하위 페이지 더 보기
/서울초등수학과외/,/마포구초등수학과외/,마포구초등수학과외,C:/Projects/studyhub/output/서울초등수학과외/index.html,하위 페이지 더 보기
/서울초등수학과외/,/북구초등수학과외/,북구초등수학과외,C:/Projects/studyhub/output/서울초등수학과외/index.html,하위 페이지 더 보기
/서울초등수학과외/,/서대문구초등수학과외/,서대문구초등수학과외,C:/Projects/studyhub/output/서울초등수학과외/index.html,하위 페이지 더 보기
/서울초등수학과외/,/서대문초등수학과외/,서대문초등수학과외,C:/Projects/studyhub/output/서울초등수학과외/index.html,하위 페이지 더 보기
/서울초등수학과외/,/서초구초등수학과외/,서초구초등수학과외,C:/Projects/studyhub/output/서울초등수학과외/index.html,하위 페이지 더 보기
/서울초등수학과외/,/성동구초등수학과외/,성동구초등수학과외,C:/Projects/studyhub/output/서울초등수학과외/index.html,하위 페이지 더 보기
/서울초등수학과외/,/성북구초등수학과외/,성북구초등수학과외,C:/Projects/studyhub/output/서울초등수학과외/index.html,하위 페이지 더 보기
/서울초등수학과외/,/송파구초등수학과외/,송파구초등수학과외,C:/Projects/studyhub/output/서울초등수학과외/index.html,하위 페이지 더 보기
/서울초등수학과외/,/양천구초등수학과외/,양천구초등수학과외,C:/Projects/studyhub/output/서울초등수학과외/index.html,하위 페이지 더 보기
/서울초등수학과외/,/영등포초등수학과외/,영등포초등수학과외,C:/Projects/studyhub/output/서울초등수학과외/index.html,하위 페이지 더 보기
/서울초등수학과외/,/용산구초등수학과외/,용산구초등수학과외,C:/Projects/studyhub/output/서울초등수학과외/index.html,하위 페이지 더 보기
/서울초등수학과외/,/은평구초등수학과외/,은평구초등수학과외,C:/Projects/studyhub/output/서울초등수학과외/index.html,하위 페이지 더 보기
/서울초등수학과외/,/중랑구초등수학과외/,중랑구초등수학과외,C:/Projects/studyhub/output/서울초등수학과외/index.html,하위 페이지 더 보기
/서울초등영어과외/,/광진구초등영어과외/,광진구초등영어과외,C:/Projects/studyhub/output/서울초등영어과외/index.html,하위 페이지 더 보기
/서울초등영어과외/,/구로구초등영어과외/,구로구초등영어과외,C:/Projects/studyhub/output/서울초등영어과외/index.html,하위 페이지 더 보기
/서울초등영어과외/,/금천구초등영어과외/,금천구초등영어과외,C:/Projects/studyhub/output/서울초등영어과외/index.html,하위 페이지 더 보기
/서울초등영어과외/,/노원구초등영어과외/,노원구초등영어과외,C:/Projects/studyhub/output/서울초등영어과외/index.html,하위 페이지 더 보기
/서울초등영어과외/,/도봉구초등영어과외/,도봉구초등영어과외,C:/Projects/studyhub/output/서울초등영어과외/index.html,하위 페이지 더 보기
/서울초등영어과외/,/동대문초등영어과외/,동대문초등영어과외,C:/Projects/studyhub/output/서울초등영어과외/index.html,하위 페이지 더 보기
/서울초등영어과외/,/동작구초등영어과외/,동작구초등영어과외,C:/Projects/studyhub/output/서울초등영어과외/index.html,하위 페이지 더 보기
/서울초등영어과외/,/마포구초등영어과외/,마포구초등영어과외,C:/Projects/studyhub/output/서울초등영어과외/index.html,하위 페이지 더 보기
/서울초등영어과외/,/북구초등영어과외/,북구초등영어과외,C:/Projects/studyhub/output/서울초등영어과외/index.html,하위 페이지 더 보기
/서울초등영어과외/,/서대문구초등영어과외/,서대문구초등영어과외,C:/Projects/studyhub/output/서울초등영어과외/index.html,하위 페이지 더 보기
/서울초등영어과외/,/서대문초등영어과외/,서대문초등영어과외,C:/Projects/studyhub/output/서울초등영어과외/index.html,하위 페이지 더 보기
/서울초등영어과외/,/서초구초등영어과외/,서초구초등영어과외,C:/Projects/studyhub/output/서울초등영어과외/index.html,하위 페이지 더 보기
/서울초등영어과외/,/성동구초등영어과외/,성동구초등영어과외,C:/Projects/studyhub/output/서울초등영어과외/index.html,하위 페이지 더 보기
/서울초등영어과외/,/성북구초등영어과외/,성북구초등영어과외,C:/Projects/studyhub/output/서울초등영어과외/index.html,하위 페이지 더 보기
/서울초등영어과외/,/송파구초등영어과외/,송파구초등영어과외,C:/Projects/studyhub/output/서울초등영어과외/index.html,하위 페이지 더 보기
/서울초등영어과외/,/양천구초등영어과외/,양천구초등영어과외,C:/Projects/studyhub/output/서울초등영어과외/index.html,하위 페이지 더 보기
/서울초등영어과외/,/영등포초등영어과외/,영등포초등영어과외,C:/Projects/studyhub/output/서울초등영어과외/index.html,하위 페이지 더 보기
/서울초등영어과외/,/용산구초등영어과외/,용산구초등영어과외,C:/Projects/studyhub/output/서울초등영어과외/index.html,하위 페이지 더 보기
/서울초등영어과외/,/은평구초등영어과외/,은평구초등영어과외,C:/Projects/studyhub/output/서울초등영어과외/index.html,하위 페이지 더 보기
/서울초등영어과외/,/중랑구초등영어과외/,중랑구초등영어과외,C:/Projects/studyhub/output/서울초등영어과외/index.html,하위 페이지 더 보기
/성동구고등과외/,/용답동고등과외/,용답동고등과외,C:/Projects/studyhub/output/성동구고등과외/index.html,하위 페이지 더 보기
/성동구고등과외/,/응봉동고등과외/,응봉동고등과외,C:/Projects/studyhub/output/성동구고등과외/index.html,하위 페이지 더 보기
/성동구고등과외/,/행당동고등과외/,행당동고등과외,C:/Projects/studyhub/output/성동구고등과외/index.html,하위 페이지 더 보기
/성동구고등과외/,/홍익동고등과외/,홍익동고등과외,C:/Projects/studyhub/output/성동구고등과외/index.html,하위 페이지 더 보기
/성동구고등수학과외/,/용답동고등수학과외/,용답동고등수학과외,C:/Projects/studyhub/output/성동구고등수학과외/index.html,하위 페이지 더 보기
/성동구고등수학과외/,/응봉동고등수학과외/,응봉동고등수학과외,C:/Projects/studyhub/output/성동구고등수학과외/index.html,하위 페이지 더 보기
/성동구고등수학과외/,/행당동고등수학과외/,행당동고등수학과외,C:/Projects/studyhub/output/성동구고등수학과외/index.html,하위 페이지 더 보기
/성동구고등수학과외/,/홍익동고등수학과외/,홍익동고등수학과외,C:/Projects/studyhub/output/성동구고등수학과외/index.html,하위 페이지 더 보기
/성동구고등영어과외/,/용답동고등영어과외/,용답동고등영어과외,C:/Projects/studyhub/output/성동구고등영어과외/index.html,하위 페이지 더 보기
/성동구고등영어과외/,/응봉동고등영어과외/,응봉동고등영어과외,C:/Projects/studyhub/output/성동구고등영어과외/index.html,하위 페이지 더 보기
/성동구고등영어과외/,/행당동고등영어과외/,행당동고등영어과외,C:/Projects/studyhub/output/성동구고등영어과외/index.html,하위 페이지 더 보기
/성동구고등영어과외/,/홍익동고등영어과외/,홍익동고등영어과외,C:/Projects/studyhub/output/성동구고등영어과외/index.html,하위 페이지 더 보기
/성동구과외/,/용답동과외/,용답동과외,C:/Projects/studyhub/output/성동구과외/index.html,하위 페이지 더 보기
/성동구과외/,/응봉동과외/,응봉동과외,C:/Projects/studyhub/output/성동구과외/index.html,하위 페이지 더 보기
/성동구과외/,/행당동과외/,행당동과외,C:/Projects/studyhub/output/성동구과외/index.html,하위 페이지 더 보기
/성동구과외/,/홍익동과외/,홍익동과외,C:/Projects/studyhub/output/성동구과외/index.html,하위 페이지 더 보기
/성동구수학과외/,/용답동수학과외/,용답동수학과외,C:/Projects/studyhub/output/성동구수학과외/index.html,하위 페이지 더 보기
/성동구수학과외/,/응봉동수학과외/,응봉동수학과외,C:/Projects/studyhub/output/성동구수학과외/index.html,하위 페이지 더 보기
/성동구수학과외/,/행당동수학과외/,행당동수학과외,C:/Projects/studyhub/output/성동구수학과외/index.html,하위 페이지 더 보기
/성동구수학과외/,/홍익동수학과외/,홍익동수학과외,C:/Projects/studyhub/output/성동구수학과외/index.html,하위 페이지 더 보기
/성동구영어과외/,/용답동영어과외/,용답동영어과외,C:/Projects/studyhub/output/성동구영어과외/index.html,하위 페이지 더 보기
/성동구영어과외/,/응봉동영어과외/,응봉동영어과외,C:/Projects/studyhub/output/성동구영어과외/index.html,하위 페이지 더 보기
/성동구영어과외/,/행당동영어과외/,행당동영어과외,C:/Projects/studyhub/output/성동구영어과외/index.html,하위 페이지 더 보기
/성동구영어과외/,/홍익동영어과외/,홍익동영어과외,C:/Projects/studyhub/output/성동구영어과외/index.html,하위 페이지 더 보기
/성동구중등과외/,/용답동중등과외/,용답동중등과외,C:/Projects/studyhub/output/성동구중등과외/index.html,하위 페이지 더 보기
/성동구중등과외/,/응봉동중등과외/,응봉동중등과외,C:/Projects/studyhub/output/성동구중등과외/index.html,하위 페이지 더 보기
/성동구중등과외/,/행당동중등과외/,행당동중등과외,C:/Projects/studyhub/output/성동구중등과외/index.html,하위 페이지 더 보기
/성동구중등과외/,/홍익동중등과외/,홍익동중등과외,C:/Projects/studyhub/output/성동구중등과외/index.html,하위 페이지 더 보기
/성동구중등수학과외/,/용답동중등수학과외/,용답동중등수학과외,C:/Projects/studyhub/output/성동구중등수학과외/index.html,하위 페이지 더 보기
/성동구중등수학과외/,/응봉동중등수학과외/,응봉동중등수학과외,C:/Projects/studyhub/output/성동구중등수학과외/index.html,하위 페이지 더 보기
/성동구중등수학과외/,/행당동중등수학과외/,행당동중등수학과외,C:/Projects/studyhub/output/성동구중등수학과외/index.html,하위 페이지 더 보기
/성동구중등수학과외/,/홍익동중등수학과외/,홍익동중등수학과외,C:/Projects/studyhub/output/성동구중등수학과외/index.html,하위 페이지 더 보기
/성동구중등영어과외/,/용답동중등영어과외/,용답동중등영어과외,C:/Projects/studyhub/output/성동구중등영어과외/index.html,하위 페이지 더 보기
/성동구중등영어과외/,/응봉동중등영어과외/,응봉동중등영어과외,C:/Projects/studyhub/output/성동구중등영어과외/index.html,하위 페이지 더 보기
/성동구중등영어과외/,/행당동중등영어과외/,행당동중등영어과외,C:/Projects/studyhub/output/성동구중등영어과외/index.html,하위 페이지 더 보기
/성동구중등영어과외/,/홍익동중등영어과외/,홍익동중등영어과외,C:/Projects/studyhub/output/성동구중등영어과외/index.html,하위 페이지 더 보기
/성동구초등과외/,/용답동초등과외/,용답동초등과외,C:/Projects/studyhub/output/성동구초등과외/index.html,하위 페이지 더 보기
/성동구초등과외/,/응봉동초등과외/,응봉동초등과외,C:/Projects/studyhub/output/성동구초등과외/index.html,하위 페이지 더 보기
/성동구초등과외/,/행당동초등과외/,행당동초등과외,C:/Projects/studyhub/output/성동구초등과외/index.html,하위 페이지 더 보기
/성동구초등과외/,/홍익동초등과외/,홍익동초등과외,C:/Projects/studyhub/output/성동구초등과외/index.html,하위 페이지 더 보기
/성동구초등수학과외/,/용답동초등수학과외/,용답동초등수학과외,C:/Projects/studyhub/output/성동구초등수학과외/index.html,하위 페이지 더 보기
/성동구초등수학과외/,/응봉동초등수학과외/,응봉동초등수학과외,C:/Projects/studyhub/output/성동구초등수학과외/index.html,하위 페이지 더 보기
/성동구초등수학과외/,/행당동초등수학과외/,행당동초등수학과외,C:/Projects/studyhub/output/성동구초등수학과외/index.html,하위 페이지 더 보기
/성동구초등수학과외/,/홍익동초등수학과외/,홍익동초등수학과외,C:/Projects/studyhub/output/성동구초등수학과외/index.html,하위 페이지 더 보기
/성동구초등영어과외/,/용답동초등영어과외/,용답동초등영어과외,C:/Projects/studyhub/output/성동구초등영어과외/index.html,하위 페이지 더 보기
/성동구초등영어과외/,/응봉동초등영어과외/,응봉동초등영어과외,C:/Projects/studyhub/output/성동구초등영어과외/index.html,하위 페이지 더 보기
/성동구초등영어과외/,/행당동초등영어과외/,행당동초등영어과외,C:/Projects/studyhub/output/성동구초등영어과외/index.html,하위 페이지 더 보기
/성동구초등영어과외/,/홍익동초등영어과외/,홍익동초등영어과외,C:/Projects/studyhub/output/성동구초등영어과외/index.html,하위 페이지 더 보기
/성북구고등과외/,/안암동고등과외/,안암동고등과외,C:/Projects/studyhub/output/성북구고등과외/index.html,하위 페이지 더 보기
/성북구고등과외/,/월곡동고등과외/,월곡동고등과외,C:/Projects/studyhub/output/성북구고등과외/index.html,하위 페이지 더 보기
/성북구고등과외/,/장위동고등과외/,장위동고등과외,C:/Projects/studyhub/output/성북구고등과외/index.html,하위 페이지 더 보기
/성북구고등과외/,/정릉동고등과외/,정릉동고등과외,C:/Projects/studyhub/output/성북구고등과외/index.html,하위 페이지 더 보기
/성북구고등과외/,/종암동고등과외/,종암동고등과외,C:/Projects/studyhub/output/성북구고등과외/index.html,하위 페이지 더 보기
/성북구고등수학과외/,/안암동고등수학과외/,안암동고등수학과외,C:/Projects/studyhub/output/성북구고등수학과외/index.html,하위 페이지 더 보기
/성북구고등수학과외/,/월곡동고등수학과외/,월곡동고등수학과외,C:/Projects/studyhub/output/성북구고등수학과외/index.html,하위 페이지 더 보기
/성북구고등수학과외/,/장위동고등수학과외/,장위동고등수학과외,C:/Projects/studyhub/output/성북구고등수학과외/index.html,하위 페이지 더 보기
/성북구고등수학과외/,/정릉동고등수학과외/,정릉동고등수학과외,C:/Projects/studyhub/output/성북구고등수학과외/index.html,하위 페이지 더 보기
/성북구고등수학과외/,/종암동고등수학과외/,종암동고등수학과외,C:/Projects/studyhub/output/성북구고등수학과외/index.html,하위 페이지 더 보기
/성북구고등영어과외/,/안암동고등영어과외/,안암동고등영어과외,C:/Projects/studyhub/output/성북구고등영어과외/index.html,하위 페이지 더 보기
/성북구고등영어과외/,/월곡동고등영어과외/,월곡동고등영어과외,C:/Projects/studyhub/output/성북구고등영어과외/index.html,하위 페이지 더 보기
/성북구고등영어과외/,/장위동고등영어과외/,장위동고등영어과외,C:/Projects/studyhub/output/성북구고등영어과외/index.html,하위 페이지 더 보기
/성북구고등영어과외/,/정릉동고등영어과외/,정릉동고등영어과외,C:/Projects/studyhub/output/성북구고등영어과외/index.html,하위 페이지 더 보기
/성북구고등영어과외/,/종암동고등영어과외/,종암동고등영어과외,C:/Projects/studyhub/output/성북구고등영어과외/index.html,하위 페이지 더 보기
/성북구과외/,/안암동과외/,안암동과외,C:/Projects/studyhub/output/성북구과외/index.html,하위 페이지 더 보기
/성북구과외/,/월곡동과외/,월곡동과외,C:/Projects/studyhub/output/성북구과외/index.html,하위 페이지 더 보기
/성북구과외/,/장위동과외/,장위동과외,C:/Projects/studyhub/output/성북구과외/index.html,하위 페이지 더 보기
/성북구과외/,/정릉동과외/,정릉동과외,C:/Projects/studyhub/output/성북구과외/index.html,하위 페이지 더 보기
/성북구과외/,/종암동과외/,종암동과외,C:/Projects/studyhub/output/성북구과외/index.html,하위 페이지 더 보기
/성북구수학과외/,/안암동수학과외/,안암동수학과외,C:/Projects/studyhub/output/성북구수학과외/index.html,하위 페이지 더 보기
/성북구수학과외/,/월곡동수학과외/,월곡동수학과외,C:/Projects/studyhub/output/성북구수학과외/index.html,하위 페이지 더 보기
/성북구수학과외/,/장위동수학과외/,장위동수학과외,C:/Projects/studyhub/output/성북구수학과외/index.html,하위 페이지 더 보기
/성북구수학과외/,/정릉동수학과외/,정릉동수학과외,C:/Projects/studyhub/output/성북구수학과외/index.html,하위 페이지 더 보기
/성북구수학과외/,/종암동수학과외/,종암동수학과외,C:/Projects/studyhub/output/성북구수학과외/index.html,하위 페이지 더 보기
/성북구영어과외/,/안암동영어과외/,안암동영어과외,C:/Projects/studyhub/output/성북구영어과외/index.html,하위 페이지 더 보기
/성북구영어과외/,/월곡동영어과외/,월곡동영어과외,C:/Projects/studyhub/output/성북구영어과외/index.html,하위 페이지 더 보기
/성북구영어과외/,/장위동영어과외/,장위동영어과외,C:/Projects/studyhub/output/성북구영어과외/index.html,하위 페이지 더 보기
/성북구영어과외/,/정릉동영어과외/,정릉동영어과외,C:/Projects/studyhub/output/성북구영어과외/index.html,하위 페이지 더 보기
/성북구영어과외/,/종암동영어과외/,종암동영어과외,C:/Projects/studyhub/output/성북구영어과외/index.html,하위 페이지 더 보기
/성북구중등과외/,/안암동중등과외/,안암동중등과외,C:/Projects/studyhub/output/성북구중등과외/index.html,하위 페이지 더 보기
/성북구중등과외/,/월곡동중등과외/,월곡동중등과외,C:/Projects/studyhub/output/성북구중등과외/index.html,하위 페이지 더 보기
/성북구중등과외/,/장위동중등과외/,장위동중등과외,C:/Projects/studyhub/output/성북구중등과외/index.html,하위 페이지 더 보기
/성북구중등과외/,/정릉동중등과외/,정릉동중등과외,C:/Projects/studyhub/output/성북구중등과외/index.html,하위 페이지 더 보기
/성북구중등과외/,/종암동중등과외/,종암동중등과외,C:/Projects/studyhub/output/성북구중등과외/index.html,하위 페이지 더 보기
/성북구중등수학과외/,/안암동중등수학과외/,안암동중등수학과외,C:/Projects/studyhub/output/성북구중등수학과외/index.html,하위 페이지 더 보기
/성북구중등수학과외/,/월곡동중등수학과외/,월곡동중등수학과외,C:/Projects/studyhub/output/성북구중등수학과외/index.html,하위 페이지 더 보기
/성북구중등수학과외/,/장위동중등수학과외/,장위동중등수학과외,C:/Projects/studyhub/output/성북구중등수학과외/index.html,하위 페이지 더 보기
/성북구중등수학과외/,/정릉동중등수학과외/,정릉동중등수학과외,C:/Projects/studyhub/output/성북구중등수학과외/index.html,하위 페이지 더 보기
/성북구중등수학과외/,/종암동중등수학과외/,종암동중등수학과외,C:/Projects/studyhub/output/성북구중등수학과외/index.html,하위 페이지 더 보기
/성북구중등영어과외/,/안암동중등영어과외/,안암동중등영어과외,C:/Projects/studyhub/output/성북구중등영어과외/index.html,하위 페이지 더 보기
/성북구중등영어과외/,/월곡동중등영어과외/,월곡동중등영어과외,C:/Projects/studyhub/output/성북구중등영어과외/index.html,하위 페이지 더 보기
/성북구중등영어과외/,/장위동중등영어과외/,장위동중등영어과외,C:/Projects/studyhub/output/성북구중등영어과외/index.html,하위 페이지 더 보기
/성북구중등영어과외/,/정릉동중등영어과외/,정릉동중등영어과외,C:/Projects/studyhub/output/성북구중등영어과외/index.html,하위 페이지 더 보기
/성북구중등영어과외/,/종암동중등영어과외/,종암동중등영어과외,C:/Projects/studyhub/output/성북구중등영어과외/index.html,하위 페이지 더 보기
/성북구초등과외/,/안암동초등과외/,안암동초등과외,C:/Projects/studyhub/output/성북구초등과외/index.html,하위 페이지 더 보기
/성북구초등과외/,/월곡동초등과외/,월곡동초등과외,C:/Projects/studyhub/output/성북구초등과외/index.html,하위 페이지 더 보기
/성북구초등과외/,/장위동초등과외/,장위동초등과외,C:/Projects/studyhub/output/성북구초등과외/index.html,하위 페이지 더 보기
/성북구초등과외/,/정릉동초등과외/,정릉동초등과외,C:/Projects/studyhub/output/성북구초등과외/index.html,하위 페이지 더 보기
/성북구초등과외/,/종암동초등과외/,종암동초등과외,C:/Projects/studyhub/output/성북구초등과외/index.html,하위 페이지 더 보기
/성북구초등수학과외/,/안암동초등수학과외/,안암동초등수학과외,C:/Projects/studyhub/output/성북구초등수학과외/index.html,하위 페이지 더 보기
/성북구초등수학과외/,/월곡동초등수학과외/,월곡동초등수학과외,C:/Projects/studyhub/output/성북구초등수학과외/index.html,하위 페이지 더 보기
/성북구초등수학과외/,/장위동초등수학과외/,장위동초등수학과외,C:/Projects/studyhub/output/성북구초등수학과외/index.html,하위 페이지 더 보기
/성북구초등수학과외/,/정릉동초등수학과외/,정릉동초등수학과외,C:/Projects/studyhub/output/성북구초등수학과외/index.html,하위 페이지 더 보기
/성북구초등수학과외/,/종암동초등수학과외/,종암동초등수학과외,C:/Projects/studyhub/output/성북구초등수학과외/index.html,하위 페이지 더 보기
/성북구초등영어과외/,/안암동초등영어과외/,안암동초등영어과외,C:/Projects/studyhub/output/성북구초등영어과외/index.html,하위 페이지 더 보기
/성북구초등영어과외/,/월곡동초등영어과외/,월곡동초등영어과외,C:/Projects/studyhub/output/성북구초등영어과외/index.html,하위 페이지 더 보기
/성북구초등영어과외/,/장위동초등영어과외/,장위동초등영어과외,C:/Projects/studyhub/output/성북구초등영어과외/index.html,하위 페이지 더 보기
/성북구초등영어과외/,/정릉동초등영어과외/,정릉동초등영어과외,C:/Projects/studyhub/output/성북구초등영어과외/index.html,하위 페이지 더 보기
/성북구초등영어과외/,/종암동초등영어과외/,종암동초등영어과외,C:/Projects/studyhub/output/성북구초등영어과외/index.html,하위 페이지 더 보기
/세종고등과외/,/보람동고등과외/,보람동고등과외,C:/Projects/studyhub/output/세종고등과외/index.html,하위 페이지 더 보기
/세종고등과외/,/세종시고등과외/,세종시고등과외,C:/Projects/studyhub/output/세종고등과외/index.html,하위 페이지 더 보기
/세종고등과외/,/아름동고등과외/,아름동고등과외,C:/Projects/studyhub/output/세종고등과외/index.html,하위 페이지 더 보기
/세종고등과외/,/종촌동고등과외/,종촌동고등과외,C:/Projects/studyhub/output/세종고등과외/index.html,하위 페이지 더 보기
/세종고등수학과외/,/새롬동고등수학과외/,새롬동고등수학과외,C:/Projects/studyhub/output/세종고등수학과외/index.html,하위 페이지 더 보기
/세종고등수학과외/,/세종시고등수학과외/,세종시고등수학과외,C:/Projects/studyhub/output/세종고등수학과외/index.html,하위 페이지 더 보기
/세종고등수학과외/,/아름동고등수학과외/,아름동고등수학과외,C:/Projects/studyhub/output/세종고등수학과외/index.html,하위 페이지 더 보기
/세종고등수학과외/,/종촌동고등수학과외/,종촌동고등수학과외,C:/Projects/studyhub/output/세종고등수학과외/index.html,하위 페이지 더 보기
/세종고등영어과외/,/새롬동고등영어과외/,새롬동고등영어과외,C:/Projects/studyhub/output/세종고등영어과외/index.html,하위 페이지 더 보기
/세종고등영어과외/,/세종시고등영어과외/,세종시고등영어과외,C:/Projects/studyhub/output/세종고등영어과외/index.html,하위 페이지 더 보기
/세종고등영어과외/,/아름동고등영어과외/,아름동고등영어과외,C:/Projects/studyhub/output/세종고등영어과외/index.html,하위 페이지 더 보기
/세종고등영어과외/,/종촌동고등영어과외/,종촌동고등영어과외,C:/Projects/studyhub/output/세종고등영어과외/index.html,하위 페이지 더 보기
/세종과외/,/새롬동과외/,새롬동과외,C:/Projects/studyhub/output/세종과외/index.html,하위 페이지 더 보기
/세종과외/,/세종과외/세종시과외/,세종시과외,C:/Projects/studyhub/output/세종과외/index.html,하위 페이지 더 보기
/세종과외/,/아름동과외/,아름동과외,C:/Projects/studyhub/output/세종과외/index.html,하위 페이지 더 보기
/세종과외/,/종촌동과외/,종촌동과외,C:/Projects/studyhub/output/세종과외/index.html,하위 페이지 더 보기
/세종수학과외/,/보람동수학과외/,보람동수학과외,C:/Projects/studyhub/output/세종수학과외/index.html,하위 페이지 더 보기
/세종수학과외/,/세종시수학과외/,세종시수학과외,C:/Projects/studyhub/output/세종수학과외/index.html,하위 페이지 더 보기
/세종수학과외/,/아름동수학과외/,아름동수학과외,C:/Projects/studyhub/output/세종수학과외/index.html,하위 페이지 더 보기
/세종수학과외/,/종촌동수학과외/,종촌동수학과외,C:/Projects/studyhub/output/세종수학과외/index.html,하위 페이지 더 보기
/세종영어과외/,/보람동영어과외/,보람동영어과외,C:/Projects/studyhub/output/세종영어과외/index.html,하위 페이지 더 보기
/세종영어과외/,/세종시영어과외/,세종시영어과외,C:/Projects/studyhub/output/세종영어과외/index.html,하위 페이지 더 보기
/세종영어과외/,/아름동영어과외/,아름동영어과외,C:/Projects/studyhub/output/세종영어과외/index.html,하위 페이지 더 보기
/세종영어과외/,/종촌동영어과외/,종촌동영어과외,C:/Projects/studyhub/output/세종영어과외/index.html,하위 페이지 더 보기
/세종중등과외/,/보람동중등과외/,보람동중등과외,C:/Projects/studyhub/output/세종중등과외/index.html,하위 페이지 더 보기
/세종중등과외/,/세종시중등과외/,세종시중등과외,C:/Projects/studyhub/output/세종중등과외/index.html,하위 페이지 더 보기
/세종중등과외/,/아름동중등과외/,아름동중등과외,C:/Projects/studyhub/output/세종중등과외/index.html,하위 페이지 더 보기
/세종중등과외/,/종촌동중등과외/,종촌동중등과외,C:/Projects/studyhub/output/세종중등과외/index.html,하위 페이지 더 보기
/세종중등수학과외/,/새롬동중등수학과외/,새롬동중등수학과외,C:/Projects/studyhub/output/세종중등수학과외/index.html,하위 페이지 더 보기
/세종중등수학과외/,/세종시중등수학과외/,세종시중등수학과외,C:/Projects/studyhub/output/세종중등수학과외/index.html,하위 페이지 더 보기
/세종중등수학과외/,/아름동중등수학과외/,아름동중등수학과외,C:/Projects/studyhub/output/세종중등수학과외/index.html,하위 페이지 더 보기
/세종중등수학과외/,/종촌동중등수학과외/,종촌동중등수학과외,C:/Projects/studyhub/output/세종중등수학과외/index.html,하위 페이지 더 보기
/세종중등영어과외/,/새롬동중등영어과외/,새롬동중등영어과외,C:/Projects/studyhub/output/세종중등영어과외/index.html,하위 페이지 더 보기
/세종중등영어과외/,/세종시중등영어과외/,세종시중등영어과외,C:/Projects/studyhub/output/세종중등영어과외/index.html,하위 페이지 더 보기
/세종중등영어과외/,/아름동중등영어과외/,아름동중등영어과외,C:/Projects/studyhub/output/세종중등영어과외/index.html,하위 페이지 더 보기
/세종중등영어과외/,/종촌동중등영어과외/,종촌동중등영어과외,C:/Projects/studyhub/output/세종중등영어과외/index.html,하위 페이지 더 보기
/세종초등과외/,/보람동초등과외/,보람동초등과외,C:/Projects/studyhub/output/세종초등과외/index.html,하위 페이지 더 보기
/세종초등과외/,/세종시초등과외/,세종시초등과외,C:/Projects/studyhub/output/세종초등과외/index.html,하위 페이지 더 보기
/세종초등과외/,/아름동초등과외/,아름동초등과외,C:/Projects/studyhub/output/세종초등과외/index.html,하위 페이지 더 보기
/세종초등과외/,/종촌동초등과외/,종촌동초등과외,C:/Projects/studyhub/output/세종초등과외/index.html,하위 페이지 더 보기
/세종초등수학과외/,/새롬동초등수학과외/,새롬동초등수학과외,C:/Projects/studyhub/output/세종초등수학과외/index.html,하위 페이지 더 보기
/세종초등수학과외/,/세종시초등수학과외/,세종시초등수학과외,C:/Projects/studyhub/output/세종초등수학과외/index.html,하위 페이지 더 보기
/세종초등수학과외/,/아름동초등수학과외/,아름동초등수학과외,C:/Projects/studyhub/output/세종초등수학과외/index.html,하위 페이지 더 보기
/세종초등수학과외/,/종촌동초등수학과외/,종촌동초등수학과외,C:/Projects/studyhub/output/세종초등수학과외/index.html,하위 페이지 더 보기
/세종초등영어과외/,/새롬동초등영어과외/,새롬동초등영어과외,C:/Projects/studyhub/output/세종초등영어과외/index.html,하위 페이지 더 보기
/세종초등영어과외/,/세종시초등영어과외/,세종시초등영어과외,C:/Projects/studyhub/output/세종초등영어과외/index.html,하위 페이지 더 보기
/세종초등영어과외/,/아름동초등영어과외/,아름동초등영어과외,C:/Projects/studyhub/output/세종초등영어과외/index.html,하위 페이지 더 보기
/세종초등영어과외/,/종촌동초등영어과외/,종촌동초등영어과외,C:/Projects/studyhub/output/세종초등영어과외/index.html,하위 페이지 더 보기
/소사구고등과외/,/심곡본동고등과외/,심곡본동고등과외,C:/Projects/studyhub/output/소사구고등과외/index.html,하위 페이지 더 보기
/소사구고등과외/,/옥길동고등과외/,옥길동고등과외,C:/Projects/studyhub/output/소사구고등과외/index.html,하위 페이지 더 보기
/소사구고등수학과외/,/심곡본동고등수학과외/,심곡본동고등수학과외,C:/Projects/studyhub/output/소사구고등수학과외/index.html,하위 페이지 더 보기
/소사구고등수학과외/,/옥길동고등수학과외/,옥길동고등수학과외,C:/Projects/studyhub/output/소사구고등수학과외/index.html,하위 페이지 더 보기
/소사구고등영어과외/,/심곡본동고등영어과외/,심곡본동고등영어과외,C:/Projects/studyhub/output/소사구고등영어과외/index.html,하위 페이지 더 보기
/소사구고등영어과외/,/옥길동고등영어과외/,옥길동고등영어과외,C:/Projects/studyhub/output/소사구고등영어과외/index.html,하위 페이지 더 보기
/소사구과외/,/심곡본동과외/,심곡본동과외,C:/Projects/studyhub/output/소사구과외/index.html,하위 페이지 더 보기
/소사구과외/,/옥길동과외/,옥길동과외,C:/Projects/studyhub/output/소사구과외/index.html,하위 페이지 더 보기
/소사구수학과외/,/심곡본동수학과외/,심곡본동수학과외,C:/Projects/studyhub/output/소사구수학과외/index.html,하위 페이지 더 보기
/소사구수학과외/,/옥길동수학과외/,옥길동수학과외,C:/Projects/studyhub/output/소사구수학과외/index.html,하위 페이지 더 보기
/소사구영어과외/,/심곡본동영어과외/,심곡본동영어과외,C:/Projects/studyhub/output/소사구영어과외/index.html,하위 페이지 더 보기
/소사구영어과외/,/옥길동영어과외/,옥길동영어과외,C:/Projects/studyhub/output/소사구영어과외/index.html,하위 페이지 더 보기
/소사구중등과외/,/심곡본동중등과외/,심곡본동중등과외,C:/Projects/studyhub/output/소사구중등과외/index.html,하위 페이지 더 보기
/소사구중등과외/,/옥길동중등과외/,옥길동중등과외,C:/Projects/studyhub/output/소사구중등과외/index.html,하위 페이지 더 보기
/소사구중등수학과외/,/심곡본동중등수학과외/,심곡본동중등수학과외,C:/Projects/studyhub/output/소사구중등수학과외/index.html,하위 페이지 더 보기
/소사구중등수학과외/,/옥길동중등수학과외/,옥길동중등수학과외,C:/Projects/studyhub/output/소사구중등수학과외/index.html,하위 페이지 더 보기
/소사구중등영어과외/,/심곡본동중등영어과외/,심곡본동중등영어과외,C:/Projects/studyhub/output/소사구중등영어과외/index.html,하위 페이지 더 보기
/소사구중등영어과외/,/옥길동중등영어과외/,옥길동중등영어과외,C:/Projects/studyhub/output/소사구중등영어과외/index.html,하위 페이지 더 보기
/소사구초등과외/,/심곡본동초등과외/,심곡본동초등과외,C:/Projects/studyhub/output/소사구초등과외/index.html,하위 페이지 더 보기
/소사구초등과외/,/옥길동초등과외/,옥길동초등과외,C:/Projects/studyhub/output/소사구초등과외/index.html,하위 페이지 더 보기
/소사구초등수학과외/,/심곡본동초등수학과외/,심곡본동초등수학과외,C:/Projects/studyhub/output/소사구초등수학과외/index.html,하위 페이지 더 보기
/소사구초등수학과외/,/옥길동초등수학과외/,옥길동초등수학과외,C:/Projects/studyhub/output/소사구초등수학과외/index.html,하위 페이지 더 보기
/소사구초등영어과외/,/심곡본동초등영어과외/,심곡본동초등영어과외,C:/Projects/studyhub/output/소사구초등영어과외/index.html,하위 페이지 더 보기
/소사구초등영어과외/,/옥길동초등영어과외/,옥길동초등영어과외,C:/Projects/studyhub/output/소사구초등영어과외/index.html,하위 페이지 더 보기
/송파구고등과외/,/석촌동고등과외/,석촌동고등과외,C:/Projects/studyhub/output/송파구고등과외/index.html,하위 페이지 더 보기
/송파구고등과외/,/송파동고등과외/,송파동고등과외,C:/Projects/studyhub/output/송파구고등과외/index.html,하위 페이지 더 보기
/송파구고등과외/,/신천동고등과외/,신천동고등과외,C:/Projects/studyhub/output/송파구고등과외/index.html,하위 페이지 더 보기
/송파구고등과외/,/오금동고등과외/,오금동고등과외,C:/Projects/studyhub/output/송파구고등과외/index.html,하위 페이지 더 보기
/송파구고등과외/,/잠실동고등과외/,잠실동고등과외,C:/Projects/studyhub/output/송파구고등과외/index.html,하위 페이지 더 보기
/송파구고등과외/,/장지동고등과외/,장지동고등과외,C:/Projects/studyhub/output/송파구고등과외/index.html,하위 페이지 더 보기
/송파구고등수학과외/,/석촌동고등수학과외/,석촌동고등수학과외,C:/Projects/studyhub/output/송파구고등수학과외/index.html,하위 페이지 더 보기
/송파구고등수학과외/,/송파동고등수학과외/,송파동고등수학과외,C:/Projects/studyhub/output/송파구고등수학과외/index.html,하위 페이지 더 보기
/송파구고등수학과외/,/신천동고등수학과외/,신천동고등수학과외,C:/Projects/studyhub/output/송파구고등수학과외/index.html,하위 페이지 더 보기
/송파구고등수학과외/,/오금동고등수학과외/,오금동고등수학과외,C:/Projects/studyhub/output/송파구고등수학과외/index.html,하위 페이지 더 보기
/송파구고등수학과외/,/잠실동고등수학과외/,잠실동고등수학과외,C:/Projects/studyhub/output/송파구고등수학과외/index.html,하위 페이지 더 보기
/송파구고등수학과외/,/장지동고등수학과외/,장지동고등수학과외,C:/Projects/studyhub/output/송파구고등수학과외/index.html,하위 페이지 더 보기
/송파구고등영어과외/,/석촌동고등영어과외/,석촌동고등영어과외,C:/Projects/studyhub/output/송파구고등영어과외/index.html,하위 페이지 더 보기
/송파구고등영어과외/,/송파동고등영어과외/,송파동고등영어과외,C:/Projects/studyhub/output/송파구고등영어과외/index.html,하위 페이지 더 보기
/송파구고등영어과외/,/신천동고등영어과외/,신천동고등영어과외,C:/Projects/studyhub/output/송파구고등영어과외/index.html,하위 페이지 더 보기
/송파구고등영어과외/,/오금동고등영어과외/,오금동고등영어과외,C:/Projects/studyhub/output/송파구고등영어과외/index.html,하위 페이지 더 보기
/송파구고등영어과외/,/잠실동고등영어과외/,잠실동고등영어과외,C:/Projects/studyhub/output/송파구고등영어과외/index.html,하위 페이지 더 보기
/송파구고등영어과외/,/장지동고등영어과외/,장지동고등영어과외,C:/Projects/studyhub/output/송파구고등영어과외/index.html,하위 페이지 더 보기
/송파구수학과외/,/석촌동수학과외/,석촌동수학과외,C:/Projects/studyhub/output/송파구수학과외/index.html,하위 페이지 더 보기
/송파구수학과외/,/송파동수학과외/,송파동수학과외,C:/Projects/studyhub/output/송파구수학과외/index.html,하위 페이지 더 보기
/송파구수학과외/,/신천동수학과외/,신천동수학과외,C:/Projects/studyhub/output/송파구수학과외/index.html,하위 페이지 더 보기
/송파구수학과외/,/오금동수학과외/,오금동수학과외,C:/Projects/studyhub/output/송파구수학과외/index.html,하위 페이지 더 보기
/송파구수학과외/,/잠실동수학과외/,잠실동수학과외,C:/Projects/studyhub/output/송파구수학과외/index.html,하위 페이지 더 보기
/송파구수학과외/,/장지동수학과외/,장지동수학과외,C:/Projects/studyhub/output/송파구수학과외/index.html,하위 페이지 더 보기
/송파구영어과외/,/석촌동영어과외/,석촌동영어과외,C:/Projects/studyhub/output/송파구영어과외/index.html,하위 페이지 더 보기
/송파구영어과외/,/송파동영어과외/,송파동영어과외,C:/Projects/studyhub/output/송파구영어과외/index.html,하위 페이지 더 보기
/송파구영어과외/,/신천동영어과외/,신천동영어과외,C:/Projects/studyhub/output/송파구영어과외/index.html,하위 페이지 더 보기
/송파구영어과외/,/오금동영어과외/,오금동영어과외,C:/Projects/studyhub/output/송파구영어과외/index.html,하위 페이지 더 보기
/송파구영어과외/,/잠실동영어과외/,잠실동영어과외,C:/Projects/studyhub/output/송파구영어과외/index.html,하위 페이지 더 보기
/송파구영어과외/,/장지동영어과외/,장지동영어과외,C:/Projects/studyhub/output/송파구영어과외/index.html,하위 페이지 더 보기
/송파구중등과외/,/석촌동중등과외/,석촌동중등과외,C:/Projects/studyhub/output/송파구중등과외/index.html,하위 페이지 더 보기
/송파구중등과외/,/송파동중등과외/,송파동중등과외,C:/Projects/studyhub/output/송파구중등과외/index.html,하위 페이지 더 보기
/송파구중등과외/,/신천동중등과외/,신천동중등과외,C:/Projects/studyhub/output/송파구중등과외/index.html,하위 페이지 더 보기
/송파구중등과외/,/오금동중등과외/,오금동중등과외,C:/Projects/studyhub/output/송파구중등과외/index.html,하위 페이지 더 보기
/송파구중등과외/,/잠실동중등과외/,잠실동중등과외,C:/Projects/studyhub/output/송파구중등과외/index.html,하위 페이지 더 보기
/송파구중등과외/,/장지동중등과외/,장지동중등과외,C:/Projects/studyhub/output/송파구중등과외/index.html,하위 페이지 더 보기
/송파구중등수학과외/,/석촌동중등수학과외/,석촌동중등수학과외,C:/Projects/studyhub/output/송파구중등수학과외/index.html,하위 페이지 더 보기
/송파구중등수학과외/,/송파동중등수학과외/,송파동중등수학과외,C:/Projects/studyhub/output/송파구중등수학과외/index.html,하위 페이지 더 보기
/송파구중등수학과외/,/신천동중등수학과외/,신천동중등수학과외,C:/Projects/studyhub/output/송파구중등수학과외/index.html,하위 페이지 더 보기
/송파구중등수학과외/,/오금동중등수학과외/,오금동중등수학과외,C:/Projects/studyhub/output/송파구중등수학과외/index.html,하위 페이지 더 보기
/송파구중등수학과외/,/잠실동중등수학과외/,잠실동중등수학과외,C:/Projects/studyhub/output/송파구중등수학과외/index.html,하위 페이지 더 보기
/송파구중등수학과외/,/장지동중등수학과외/,장지동중등수학과외,C:/Projects/studyhub/output/송파구중등수학과외/index.html,하위 페이지 더 보기
/송파구중등영어과외/,/석촌동중등영어과외/,석촌동중등영어과외,C:/Projects/studyhub/output/송파구중등영어과외/index.html,하위 페이지 더 보기
/송파구중등영어과외/,/송파동중등영어과외/,송파동중등영어과외,C:/Projects/studyhub/output/송파구중등영어과외/index.html,하위 페이지 더 보기
/송파구중등영어과외/,/신천동중등영어과외/,신천동중등영어과외,C:/Projects/studyhub/output/송파구중등영어과외/index.html,하위 페이지 더 보기
/송파구중등영어과외/,/오금동중등영어과외/,오금동중등영어과외,C:/Projects/studyhub/output/송파구중등영어과외/index.html,하위 페이지 더 보기
/송파구중등영어과외/,/잠실동중등영어과외/,잠실동중등영어과외,C:/Projects/studyhub/output/송파구중등영어과외/index.html,하위 페이지 더 보기
/송파구중등영어과외/,/장지동중등영어과외/,장지동중등영어과외,C:/Projects/studyhub/output/송파구중등영어과외/index.html,하위 페이지 더 보기
/송파구초등과외/,/석촌동초등과외/,석촌동초등과외,C:/Projects/studyhub/output/송파구초등과외/index.html,하위 페이지 더 보기
/송파구초등과외/,/송파동초등과외/,송파동초등과외,C:/Projects/studyhub/output/송파구초등과외/index.html,하위 페이지 더 보기
/송파구초등과외/,/신천동초등과외/,신천동초등과외,C:/Projects/studyhub/output/송파구초등과외/index.html,하위 페이지 더 보기
/송파구초등과외/,/오금동초등과외/,오금동초등과외,C:/Projects/studyhub/output/송파구초등과외/index.html,하위 페이지 더 보기
/송파구초등과외/,/잠실동초등과외/,잠실동초등과외,C:/Projects/studyhub/output/송파구초등과외/index.html,하위 페이지 더 보기
/송파구초등과외/,/장지동초등과외/,장지동초등과외,C:/Projects/studyhub/output/송파구초등과외/index.html,하위 페이지 더 보기
/송파구초등수학과외/,/석촌동초등수학과외/,석촌동초등수학과외,C:/Projects/studyhub/output/송파구초등수학과외/index.html,하위 페이지 더 보기
/송파구초등수학과외/,/송파동초등수학과외/,송파동초등수학과외,C:/Projects/studyhub/output/송파구초등수학과외/index.html,하위 페이지 더 보기
/송파구초등수학과외/,/신천동초등수학과외/,신천동초등수학과외,C:/Projects/studyhub/output/송파구초등수학과외/index.html,하위 페이지 더 보기
/송파구초등수학과외/,/오금동초등수학과외/,오금동초등수학과외,C:/Projects/studyhub/output/송파구초등수학과외/index.html,하위 페이지 더 보기
/송파구초등수학과외/,/잠실동초등수학과외/,잠실동초등수학과외,C:/Projects/studyhub/output/송파구초등수학과외/index.html,하위 페이지 더 보기
/송파구초등수학과외/,/장지동초등수학과외/,장지동초등수학과외,C:/Projects/studyhub/output/송파구초등수학과외/index.html,하위 페이지 더 보기
/송파구초등영어과외/,/석촌동초등영어과외/,석촌동초등영어과외,C:/Projects/studyhub/output/송파구초등영어과외/index.html,하위 페이지 더 보기
/송파구초등영어과외/,/송파동초등영어과외/,송파동초등영어과외,C:/Projects/studyhub/output/송파구초등영어과외/index.html,하위 페이지 더 보기
/송파구초등영어과외/,/신천동초등영어과외/,신천동초등영어과외,C:/Projects/studyhub/output/송파구초등영어과외/index.html,하위 페이지 더 보기
/송파구초등영어과외/,/오금동초등영어과외/,오금동초등영어과외,C:/Projects/studyhub/output/송파구초등영어과외/index.html,하위 페이지 더 보기
/송파구초등영어과외/,/잠실동초등영어과외/,잠실동초등영어과외,C:/Projects/studyhub/output/송파구초등영어과외/index.html,하위 페이지 더 보기
/송파구초등영어과외/,/장지동초등영어과외/,장지동초등영어과외,C:/Projects/studyhub/output/송파구초등영어과외/index.html,하위 페이지 더 보기
/수성구고등과외/,/범어동고등과외/,범어동고등과외,C:/Projects/studyhub/output/수성구고등과외/index.html,하위 페이지 더 보기
/수성구고등과외/,/수성동고등과외/,수성동고등과외,C:/Projects/studyhub/output/수성구고등과외/index.html,하위 페이지 더 보기
/수성구고등과외/,/시지동고등과외/,시지동고등과외,C:/Projects/studyhub/output/수성구고등과외/index.html,하위 페이지 더 보기
/수성구고등과외/,/신매동고등과외/,신매동고등과외,C:/Projects/studyhub/output/수성구고등과외/index.html,하위 페이지 더 보기
/수성구고등과외/,/연호동고등과외/,연호동고등과외,C:/Projects/studyhub/output/수성구고등과외/index.html,하위 페이지 더 보기
/수성구고등과외/,/지산동고등과외/,지산동고등과외,C:/Projects/studyhub/output/수성구고등과외/index.html,하위 페이지 더 보기
/수성구고등과외/,/황금동고등과외/,황금동고등과외,C:/Projects/studyhub/output/수성구고등과외/index.html,하위 페이지 더 보기
/수성구고등수학과외/,/사월동고등수학과외/,사월동고등수학과외,C:/Projects/studyhub/output/수성구고등수학과외/index.html,하위 페이지 더 보기
/수성구고등수학과외/,/수성동고등수학과외/,수성동고등수학과외,C:/Projects/studyhub/output/수성구고등수학과외/index.html,하위 페이지 더 보기
/수성구고등수학과외/,/시지동고등수학과외/,시지동고등수학과외,C:/Projects/studyhub/output/수성구고등수학과외/index.html,하위 페이지 더 보기
/수성구고등수학과외/,/신매동고등수학과외/,신매동고등수학과외,C:/Projects/studyhub/output/수성구고등수학과외/index.html,하위 페이지 더 보기
/수성구고등수학과외/,/연호동고등수학과외/,연호동고등수학과외,C:/Projects/studyhub/output/수성구고등수학과외/index.html,하위 페이지 더 보기
/수성구고등수학과외/,/지산동고등수학과외/,지산동고등수학과외,C:/Projects/studyhub/output/수성구고등수학과외/index.html,하위 페이지 더 보기
/수성구고등수학과외/,/황금동고등수학과외/,황금동고등수학과외,C:/Projects/studyhub/output/수성구고등수학과외/index.html,하위 페이지 더 보기
/수성구고등영어과외/,/사월동고등영어과외/,사월동고등영어과외,C:/Projects/studyhub/output/수성구고등영어과외/index.html,하위 페이지 더 보기
/수성구고등영어과외/,/수성동고등영어과외/,수성동고등영어과외,C:/Projects/studyhub/output/수성구고등영어과외/index.html,하위 페이지 더 보기
/수성구고등영어과외/,/시지동고등영어과외/,시지동고등영어과외,C:/Projects/studyhub/output/수성구고등영어과외/index.html,하위 페이지 더 보기
/수성구고등영어과외/,/신매동고등영어과외/,신매동고등영어과외,C:/Projects/studyhub/output/수성구고등영어과외/index.html,하위 페이지 더 보기
/수성구고등영어과외/,/연호동고등영어과외/,연호동고등영어과외,C:/Projects/studyhub/output/수성구고등영어과외/index.html,하위 페이지 더 보기
/수성구고등영어과외/,/지산동고등영어과외/,지산동고등영어과외,C:/Projects/studyhub/output/수성구고등영어과외/index.html,하위 페이지 더 보기
/수성구고등영어과외/,/황금동고등영어과외/,황금동고등영어과외,C:/Projects/studyhub/output/수성구고등영어과외/index.html,하위 페이지 더 보기
/수성구수학과외/,/범어동수학과외/,범어동수학과외,C:/Projects/studyhub/output/수성구수학과외/index.html,하위 페이지 더 보기
/수성구수학과외/,/수성동수학과외/,수성동수학과외,C:/Projects/studyhub/output/수성구수학과외/index.html,하위 페이지 더 보기
/수성구수학과외/,/시지동수학과외/,시지동수학과외,C:/Projects/studyhub/output/수성구수학과외/index.html,하위 페이지 더 보기
/수성구수학과외/,/신매동수학과외/,신매동수학과외,C:/Projects/studyhub/output/수성구수학과외/index.html,하위 페이지 더 보기
/수성구수학과외/,/연호동수학과외/,연호동수학과외,C:/Projects/studyhub/output/수성구수학과외/index.html,하위 페이지 더 보기
/수성구수학과외/,/지산동수학과외/,지산동수학과외,C:/Projects/studyhub/output/수성구수학과외/index.html,하위 페이지 더 보기
/수성구수학과외/,/황금동수학과외/,황금동수학과외,C:/Projects/studyhub/output/수성구수학과외/index.html,하위 페이지 더 보기
/수성구영어과외/,/범어동영어과외/,범어동영어과외,C:/Projects/studyhub/output/수성구영어과외/index.html,하위 페이지 더 보기
/수성구영어과외/,/수성동영어과외/,수성동영어과외,C:/Projects/studyhub/output/수성구영어과외/index.html,하위 페이지 더 보기
/수성구영어과외/,/시지동영어과외/,시지동영어과외,C:/Projects/studyhub/output/수성구영어과외/index.html,하위 페이지 더 보기
/수성구영어과외/,/신매동영어과외/,신매동영어과외,C:/Projects/studyhub/output/수성구영어과외/index.html,하위 페이지 더 보기
/수성구영어과외/,/연호동영어과외/,연호동영어과외,C:/Projects/studyhub/output/수성구영어과외/index.html,하위 페이지 더 보기
/수성구영어과외/,/지산동영어과외/,지산동영어과외,C:/Projects/studyhub/output/수성구영어과외/index.html,하위 페이지 더 보기
/수성구영어과외/,/황금동영어과외/,황금동영어과외,C:/Projects/studyhub/output/수성구영어과외/index.html,하위 페이지 더 보기
/수성구중등과외/,/범어동중등과외/,범어동중등과외,C:/Projects/studyhub/output/수성구중등과외/index.html,하위 페이지 더 보기
/수성구중등과외/,/수성동중등과외/,수성동중등과외,C:/Projects/studyhub/output/수성구중등과외/index.html,하위 페이지 더 보기
/수성구중등과외/,/시지동중등과외/,시지동중등과외,C:/Projects/studyhub/output/수성구중등과외/index.html,하위 페이지 더 보기
/수성구중등과외/,/신매동중등과외/,신매동중등과외,C:/Projects/studyhub/output/수성구중등과외/index.html,하위 페이지 더 보기
/수성구중등과외/,/연호동중등과외/,연호동중등과외,C:/Projects/studyhub/output/수성구중등과외/index.html,하위 페이지 더 보기
/수성구중등과외/,/지산동중등과외/,지산동중등과외,C:/Projects/studyhub/output/수성구중등과외/index.html,하위 페이지 더 보기
/수성구중등과외/,/황금동중등과외/,황금동중등과외,C:/Projects/studyhub/output/수성구중등과외/index.html,하위 페이지 더 보기
/수성구중등수학과외/,/사월동중등수학과외/,사월동중등수학과외,C:/Projects/studyhub/output/수성구중등수학과외/index.html,하위 페이지 더 보기
/수성구중등수학과외/,/수성동중등수학과외/,수성동중등수학과외,C:/Projects/studyhub/output/수성구중등수학과외/index.html,하위 페이지 더 보기
/수성구중등수학과외/,/시지동중등수학과외/,시지동중등수학과외,C:/Projects/studyhub/output/수성구중등수학과외/index.html,하위 페이지 더 보기
/수성구중등수학과외/,/신매동중등수학과외/,신매동중등수학과외,C:/Projects/studyhub/output/수성구중등수학과외/index.html,하위 페이지 더 보기
/수성구중등수학과외/,/연호동중등수학과외/,연호동중등수학과외,C:/Projects/studyhub/output/수성구중등수학과외/index.html,하위 페이지 더 보기
/수성구중등수학과외/,/지산동중등수학과외/,지산동중등수학과외,C:/Projects/studyhub/output/수성구중등수학과외/index.html,하위 페이지 더 보기
/수성구중등수학과외/,/황금동중등수학과외/,황금동중등수학과외,C:/Projects/studyhub/output/수성구중등수학과외/index.html,하위 페이지 더 보기
/수성구중등영어과외/,/사월동중등영어과외/,사월동중등영어과외,C:/Projects/studyhub/output/수성구중등영어과외/index.html,하위 페이지 더 보기
/수성구중등영어과외/,/수성동중등영어과외/,수성동중등영어과외,C:/Projects/studyhub/output/수성구중등영어과외/index.html,하위 페이지 더 보기
/수성구중등영어과외/,/시지동중등영어과외/,시지동중등영어과외,C:/Projects/studyhub/output/수성구중등영어과외/index.html,하위 페이지 더 보기
/수성구중등영어과외/,/신매동중등영어과외/,신매동중등영어과외,C:/Projects/studyhub/output/수성구중등영어과외/index.html,하위 페이지 더 보기
/수성구중등영어과외/,/연호동중등영어과외/,연호동중등영어과외,C:/Projects/studyhub/output/수성구중등영어과외/index.html,하위 페이지 더 보기
/수성구중등영어과외/,/지산동중등영어과외/,지산동중등영어과외,C:/Projects/studyhub/output/수성구중등영어과외/index.html,하위 페이지 더 보기
/수성구중등영어과외/,/황금동중등영어과외/,황금동중등영어과외,C:/Projects/studyhub/output/수성구중등영어과외/index.html,하위 페이지 더 보기
/수성구초등과외/,/범어동초등과외/,범어동초등과외,C:/Projects/studyhub/output/수성구초등과외/index.html,하위 페이지 더 보기
/수성구초등과외/,/수성동초등과외/,수성동초등과외,C:/Projects/studyhub/output/수성구초등과외/index.html,하위 페이지 더 보기
/수성구초등과외/,/시지동초등과외/,시지동초등과외,C:/Projects/studyhub/output/수성구초등과외/index.html,하위 페이지 더 보기
/수성구초등과외/,/신매동초등과외/,신매동초등과외,C:/Projects/studyhub/output/수성구초등과외/index.html,하위 페이지 더 보기
/수성구초등과외/,/연호동초등과외/,연호동초등과외,C:/Projects/studyhub/output/수성구초등과외/index.html,하위 페이지 더 보기
/수성구초등과외/,/지산동초등과외/,지산동초등과외,C:/Projects/studyhub/output/수성구초등과외/index.html,하위 페이지 더 보기
/수성구초등과외/,/황금동초등과외/,황금동초등과외,C:/Projects/studyhub/output/수성구초등과외/index.html,하위 페이지 더 보기
/수성구초등수학과외/,/사월동초등수학과외/,사월동초등수학과외,C:/Projects/studyhub/output/수성구초등수학과외/index.html,하위 페이지 더 보기
/수성구초등수학과외/,/수성동초등수학과외/,수성동초등수학과외,C:/Projects/studyhub/output/수성구초등수학과외/index.html,하위 페이지 더 보기
/수성구초등수학과외/,/시지동초등수학과외/,시지동초등수학과외,C:/Projects/studyhub/output/수성구초등수학과외/index.html,하위 페이지 더 보기
/수성구초등수학과외/,/신매동초등수학과외/,신매동초등수학과외,C:/Projects/studyhub/output/수성구초등수학과외/index.html,하위 페이지 더 보기
/수성구초등수학과외/,/연호동초등수학과외/,연호동초등수학과외,C:/Projects/studyhub/output/수성구초등수학과외/index.html,하위 페이지 더 보기
/수성구초등수학과외/,/지산동초등수학과외/,지산동초등수학과외,C:/Projects/studyhub/output/수성구초등수학과외/index.html,하위 페이지 더 보기
/수성구초등수학과외/,/황금동초등수학과외/,황금동초등수학과외,C:/Projects/studyhub/output/수성구초등수학과외/index.html,하위 페이지 더 보기
/수성구초등영어과외/,/사월동초등영어과외/,사월동초등영어과외,C:/Projects/studyhub/output/수성구초등영어과외/index.html,하위 페이지 더 보기
/수성구초등영어과외/,/수성동초등영어과외/,수성동초등영어과외,C:/Projects/studyhub/output/수성구초등영어과외/index.html,하위 페이지 더 보기
/수성구초등영어과외/,/시지동초등영어과외/,시지동초등영어과외,C:/Projects/studyhub/output/수성구초등영어과외/index.html,하위 페이지 더 보기
/수성구초등영어과외/,/신매동초등영어과외/,신매동초등영어과외,C:/Projects/studyhub/output/수성구초등영어과외/index.html,하위 페이지 더 보기
/수성구초등영어과외/,/연호동초등영어과외/,연호동초등영어과외,C:/Projects/studyhub/output/수성구초등영어과외/index.html,하위 페이지 더 보기
/수성구초등영어과외/,/지산동초등영어과외/,지산동초등영어과외,C:/Projects/studyhub/output/수성구초등영어과외/index.html,하위 페이지 더 보기
/수성구초등영어과외/,/황금동초등영어과외/,황금동초등영어과외,C:/Projects/studyhub/output/수성구초등영어과외/index.html,하위 페이지 더 보기
/수지구고등과외/,/풍덕천동고등과외/,풍덕천동고등과외,C:/Projects/studyhub/output/수지구고등과외/index.html,하위 페이지 더 보기
/수지구고등수학과외/,/풍덕천동고등수학과외/,풍덕천동고등수학과외,C:/Projects/studyhub/output/수지구고등수학과외/index.html,하위 페이지 더 보기
/수지구고등영어과외/,/풍덕천동고등영어과외/,풍덕천동고등영어과외,C:/Projects/studyhub/output/수지구고등영어과외/index.html,하위 페이지 더 보기
/수지구과외/,/풍덕천동과외/,풍덕천동과외,C:/Projects/studyhub/output/수지구과외/index.html,하위 페이지 더 보기
/수지구수학과외/,/풍덕천동수학과외/,풍덕천동수학과외,C:/Projects/studyhub/output/수지구수학과외/index.html,하위 페이지 더 보기
/수지구영어과외/,/풍덕천동영어과외/,풍덕천동영어과외,C:/Projects/studyhub/output/수지구영어과외/index.html,하위 페이지 더 보기
/수지구중등과외/,/풍덕천동중등과외/,풍덕천동중등과외,C:/Projects/studyhub/output/수지구중등과외/index.html,하위 페이지 더 보기
/수지구중등수학과외/,/풍덕천동중등수학과외/,풍덕천동중등수학과외,C:/Projects/studyhub/output/수지구중등수학과외/index.html,하위 페이지 더 보기
/수지구중등영어과외/,/풍덕천동중등영어과외/,풍덕천동중등영어과외,C:/Projects/studyhub/output/수지구중등영어과외/index.html,하위 페이지 더 보기
/수지구초등과외/,/풍덕천동초등과외/,풍덕천동초등과외,C:/Projects/studyhub/output/수지구초등과외/index.html,하위 페이지 더 보기
/수지구초등수학과외/,/풍덕천동초등수학과외/,풍덕천동초등수학과외,C:/Projects/studyhub/output/수지구초등수학과외/index.html,하위 페이지 더 보기
/수지구초등영어과외/,/풍덕천동초등영어과외/,풍덕천동초등영어과외,C:/Projects/studyhub/output/수지구초등영어과외/index.html,하위 페이지 더 보기
/수학과외/,/강원수학과외/,강원수학과외,C:/Projects/studyhub/output/수학과외/index.html,하위 페이지 더 보기
/수학과외/,/경북수학과외/,경북수학과외,C:/Projects/studyhub/output/수학과외/index.html,하위 페이지 더 보기
/수학과외/,/광주수학과외/,광주수학과외,C:/Projects/studyhub/output/수학과외/index.html,하위 페이지 더 보기
/수학과외/,/대구수학과외/,대구수학과외,C:/Projects/studyhub/output/수학과외/index.html,하위 페이지 더 보기
/수학과외/,/대전수학과외/,대전수학과외,C:/Projects/studyhub/output/수학과외/index.html,하위 페이지 더 보기
/수학과외/,/세종수학과외/,세종수학과외,C:/Projects/studyhub/output/수학과외/index.html,하위 페이지 더 보기
/수학과외/,/울산수학과외/,울산수학과외,C:/Projects/studyhub/output/수학과외/index.html,하위 페이지 더 보기
/수학과외/,/전북수학과외/,전북수학과외,C:/Projects/studyhub/output/수학과외/index.html,하위 페이지 더 보기
/수학과외/,/충남수학과외/,충남수학과외,C:/Projects/studyhub/output/수학과외/index.html,하위 페이지 더 보기
/수학과외/,/충북수학과외/,충북수학과외,C:/Projects/studyhub/output/수학과외/index.html,하위 페이지 더 보기
/시흥고등과외/,/정왕동고등과외/,정왕동고등과외,C:/Projects/studyhub/output/시흥고등과외/index.html,하위 페이지 더 보기
/시흥고등과외/,/조남동고등과외/,조남동고등과외,C:/Projects/studyhub/output/시흥고등과외/index.html,하위 페이지 더 보기
/시흥고등수학과외/,/정왕동고등수학과외/,정왕동고등수학과외,C:/Projects/studyhub/output/시흥고등수학과외/index.html,하위 페이지 더 보기
/시흥고등수학과외/,/조남동고등수학과외/,조남동고등수학과외,C:/Projects/studyhub/output/시흥고등수학과외/index.html,하위 페이지 더 보기
/시흥고등영어과외/,/정왕동고등영어과외/,정왕동고등영어과외,C:/Projects/studyhub/output/시흥고등영어과외/index.html,하위 페이지 더 보기
/시흥고등영어과외/,/조남동고등영어과외/,조남동고등영어과외,C:/Projects/studyhub/output/시흥고등영어과외/index.html,하위 페이지 더 보기
/시흥과외/,/정왕동과외/,정왕동과외,C:/Projects/studyhub/output/시흥과외/index.html,하위 페이지 더 보기
/시흥과외/,/조남동과외/,조남동과외,C:/Projects/studyhub/output/시흥과외/index.html,하위 페이지 더 보기
/시흥수학과외/,/정왕동수학과외/,정왕동수학과외,C:/Projects/studyhub/output/시흥수학과외/index.html,하위 페이지 더 보기
/시흥수학과외/,/조남동수학과외/,조남동수학과외,C:/Projects/studyhub/output/시흥수학과외/index.html,하위 페이지 더 보기
/시흥영어과외/,/정왕동영어과외/,정왕동영어과외,C:/Projects/studyhub/output/시흥영어과외/index.html,하위 페이지 더 보기
/시흥영어과외/,/조남동영어과외/,조남동영어과외,C:/Projects/studyhub/output/시흥영어과외/index.html,하위 페이지 더 보기
/시흥중등과외/,/정왕동중등과외/,정왕동중등과외,C:/Projects/studyhub/output/시흥중등과외/index.html,하위 페이지 더 보기
/시흥중등과외/,/조남동중등과외/,조남동중등과외,C:/Projects/studyhub/output/시흥중등과외/index.html,하위 페이지 더 보기
/시흥중등수학과외/,/정왕동중등수학과외/,정왕동중등수학과외,C:/Projects/studyhub/output/시흥중등수학과외/index.html,하위 페이지 더 보기
/시흥중등수학과외/,/조남동중등수학과외/,조남동중등수학과외,C:/Projects/studyhub/output/시흥중등수학과외/index.html,하위 페이지 더 보기
/시흥중등영어과외/,/정왕동중등영어과외/,정왕동중등영어과외,C:/Projects/studyhub/output/시흥중등영어과외/index.html,하위 페이지 더 보기
/시흥중등영어과외/,/조남동중등영어과외/,조남동중등영어과외,C:/Projects/studyhub/output/시흥중등영어과외/index.html,하위 페이지 더 보기
/시흥초등과외/,/정왕동초등과외/,정왕동초등과외,C:/Projects/studyhub/output/시흥초등과외/index.html,하위 페이지 더 보기
/시흥초등과외/,/조남동초등과외/,조남동초등과외,C:/Projects/studyhub/output/시흥초등과외/index.html,하위 페이지 더 보기
/시흥초등수학과외/,/정왕동초등수학과외/,정왕동초등수학과외,C:/Projects/studyhub/output/시흥초등수학과외/index.html,하위 페이지 더 보기
/시흥초등수학과외/,/조남동초등수학과외/,조남동초등수학과외,C:/Projects/studyhub/output/시흥초등수학과외/index.html,하위 페이지 더 보기
/시흥초등영어과외/,/정왕동초등영어과외/,정왕동초등영어과외,C:/Projects/studyhub/output/시흥초등영어과외/index.html,하위 페이지 더 보기
/시흥초등영어과외/,/조남동초등영어과외/,조남동초등영어과외,C:/Projects/studyhub/output/시흥초등영어과외/index.html,하위 페이지 더 보기
/안양고등과외/,/평촌동고등과외/,평촌동고등과외,C:/Projects/studyhub/output/안양고등과외/index.html,하위 페이지 더 보기
/안양고등과외/,/호계동고등과외/,호계동고등과외,C:/Projects/studyhub/output/안양고등과외/index.html,하위 페이지 더 보기
/안양고등수학과외/,/평촌동고등수학과외/,평촌동고등수학과외,C:/Projects/studyhub/output/안양고등수학과외/index.html,하위 페이지 더 보기
/안양고등수학과외/,/호계동고등수학과외/,호계동고등수학과외,C:/Projects/studyhub/output/안양고등수학과외/index.html,하위 페이지 더 보기
/안양고등영어과외/,/평촌동고등영어과외/,평촌동고등영어과외,C:/Projects/studyhub/output/안양고등영어과외/index.html,하위 페이지 더 보기
/안양고등영어과외/,/호계동고등영어과외/,호계동고등영어과외,C:/Projects/studyhub/output/안양고등영어과외/index.html,하위 페이지 더 보기
/안양과외/,/평촌동과외/,평촌동과외,C:/Projects/studyhub/output/안양과외/index.html,하위 페이지 더 보기
/안양과외/,/호계동과외/,호계동과외,C:/Projects/studyhub/output/안양과외/index.html,하위 페이지 더 보기
/안양수학과외/,/평촌동수학과외/,평촌동수학과외,C:/Projects/studyhub/output/안양수학과외/index.html,하위 페이지 더 보기
/안양수학과외/,/호계동수학과외/,호계동수학과외,C:/Projects/studyhub/output/안양수학과외/index.html,하위 페이지 더 보기
/안양영어과외/,/평촌동영어과외/,평촌동영어과외,C:/Projects/studyhub/output/안양영어과외/index.html,하위 페이지 더 보기
/안양영어과외/,/호계동영어과외/,호계동영어과외,C:/Projects/studyhub/output/안양영어과외/index.html,하위 페이지 더 보기
/안양중등과외/,/평촌동중등과외/,평촌동중등과외,C:/Projects/studyhub/output/안양중등과외/index.html,하위 페이지 더 보기
/안양중등과외/,/호계동중등과외/,호계동중등과외,C:/Projects/studyhub/output/안양중등과외/index.html,하위 페이지 더 보기
/안양중등수학과외/,/평촌동중등수학과외/,평촌동중등수학과외,C:/Projects/studyhub/output/안양중등수학과외/index.html,하위 페이지 더 보기
/안양중등수학과외/,/호계동중등수학과외/,호계동중등수학과외,C:/Projects/studyhub/output/안양중등수학과외/index.html,하위 페이지 더 보기
/안양중등영어과외/,/평촌동중등영어과외/,평촌동중등영어과외,C:/Projects/studyhub/output/안양중등영어과외/index.html,하위 페이지 더 보기
/안양중등영어과외/,/호계동중등영어과외/,호계동중등영어과외,C:/Projects/studyhub/output/안양중등영어과외/index.html,하위 페이지 더 보기
/안양초등과외/,/평촌동초등과외/,평촌동초등과외,C:/Projects/studyhub/output/안양초등과외/index.html,하위 페이지 더 보기
/안양초등과외/,/호계동초등과외/,호계동초등과외,C:/Projects/studyhub/output/안양초등과외/index.html,하위 페이지 더 보기
/안양초등수학과외/,/평촌동초등수학과외/,평촌동초등수학과외,C:/Projects/studyhub/output/안양초등수학과외/index.html,하위 페이지 더 보기
/안양초등수학과외/,/호계동초등수학과외/,호계동초등수학과외,C:/Projects/studyhub/output/안양초등수학과외/index.html,하위 페이지 더 보기
/안양초등영어과외/,/평촌동초등영어과외/,평촌동초등영어과외,C:/Projects/studyhub/output/안양초등영어과외/index.html,하위 페이지 더 보기
/안양초등영어과외/,/호계동초등영어과외/,호계동초등영어과외,C:/Projects/studyhub/output/안양초등영어과외/index.html,하위 페이지 더 보기
/양주고등과외/,/만송동고등과외/,만송동고등과외,C:/Projects/studyhub/output/양주고등과외/index.html,하위 페이지 더 보기
/양주고등과외/,/삼숭동고등과외/,삼숭동고등과외,C:/Projects/studyhub/output/양주고등과외/index.html,하위 페이지 더 보기
/양주고등과외/,/옥정동고등과외/,옥정동고등과외,C:/Projects/studyhub/output/양주고등과외/index.html,하위 페이지 더 보기
/양주고등수학과외/,/만송동고등수학과외/,만송동고등수학과외,C:/Projects/studyhub/output/양주고등수학과외/index.html,하위 페이지 더 보기
/양주고등수학과외/,/삼숭동고등수학과외/,삼숭동고등수학과외,C:/Projects/studyhub/output/양주고등수학과외/index.html,하위 페이지 더 보기
/양주고등수학과외/,/옥정동고등수학과외/,옥정동고등수학과외,C:/Projects/studyhub/output/양주고등수학과외/index.html,하위 페이지 더 보기
/양주고등영어과외/,/만송동고등영어과외/,만송동고등영어과외,C:/Projects/studyhub/output/양주고등영어과외/index.html,하위 페이지 더 보기
/양주고등영어과외/,/삼숭동고등영어과외/,삼숭동고등영어과외,C:/Projects/studyhub/output/양주고등영어과외/index.html,하위 페이지 더 보기
/양주고등영어과외/,/옥정동고등영어과외/,옥정동고등영어과외,C:/Projects/studyhub/output/양주고등영어과외/index.html,하위 페이지 더 보기
/양주과외/,/만송동과외/,만송동과외,C:/Projects/studyhub/output/양주과외/index.html,하위 페이지 더 보기
/양주과외/,/삼숭동과외/,삼숭동과외,C:/Projects/studyhub/output/양주과외/index.html,하위 페이지 더 보기
/양주과외/,/옥정동과외/,옥정동과외,C:/Projects/studyhub/output/양주과외/index.html,하위 페이지 더 보기
/양주수학과외/,/만송동수학과외/,만송동수학과외,C:/Projects/studyhub/output/양주수학과외/index.html,하위 페이지 더 보기
/양주수학과외/,/삼숭동수학과외/,삼숭동수학과외,C:/Projects/studyhub/output/양주수학과외/index.html,하위 페이지 더 보기
/양주수학과외/,/옥정동수학과외/,옥정동수학과외,C:/Projects/studyhub/output/양주수학과외/index.html,하위 페이지 더 보기
/양주영어과외/,/만송동영어과외/,만송동영어과외,C:/Projects/studyhub/output/양주영어과외/index.html,하위 페이지 더 보기
/양주영어과외/,/삼숭동영어과외/,삼숭동영어과외,C:/Projects/studyhub/output/양주영어과외/index.html,하위 페이지 더 보기
/양주영어과외/,/옥정동영어과외/,옥정동영어과외,C:/Projects/studyhub/output/양주영어과외/index.html,하위 페이지 더 보기
/양주중등과외/,/만송동중등과외/,만송동중등과외,C:/Projects/studyhub/output/양주중등과외/index.html,하위 페이지 더 보기
/양주중등과외/,/삼숭동중등과외/,삼숭동중등과외,C:/Projects/studyhub/output/양주중등과외/index.html,하위 페이지 더 보기
/양주중등과외/,/옥정동중등과외/,옥정동중등과외,C:/Projects/studyhub/output/양주중등과외/index.html,하위 페이지 더 보기
/양주중등수학과외/,/만송동중등수학과외/,만송동중등수학과외,C:/Projects/studyhub/output/양주중등수학과외/index.html,하위 페이지 더 보기
/양주중등수학과외/,/삼숭동중등수학과외/,삼숭동중등수학과외,C:/Projects/studyhub/output/양주중등수학과외/index.html,하위 페이지 더 보기
/양주중등수학과외/,/옥정동중등수학과외/,옥정동중등수학과외,C:/Projects/studyhub/output/양주중등수학과외/index.html,하위 페이지 더 보기
/양주중등영어과외/,/만송동중등영어과외/,만송동중등영어과외,C:/Projects/studyhub/output/양주중등영어과외/index.html,하위 페이지 더 보기
/양주중등영어과외/,/삼숭동중등영어과외/,삼숭동중등영어과외,C:/Projects/studyhub/output/양주중등영어과외/index.html,하위 페이지 더 보기
/양주중등영어과외/,/옥정동중등영어과외/,옥정동중등영어과외,C:/Projects/studyhub/output/양주중등영어과외/index.html,하위 페이지 더 보기
/양주초등과외/,/만송동초등과외/,만송동초등과외,C:/Projects/studyhub/output/양주초등과외/index.html,하위 페이지 더 보기
/양주초등과외/,/삼숭동초등과외/,삼숭동초등과외,C:/Projects/studyhub/output/양주초등과외/index.html,하위 페이지 더 보기
/양주초등과외/,/옥정동초등과외/,옥정동초등과외,C:/Projects/studyhub/output/양주초등과외/index.html,하위 페이지 더 보기
/양주초등수학과외/,/만송동초등수학과외/,만송동초등수학과외,C:/Projects/studyhub/output/양주초등수학과외/index.html,하위 페이지 더 보기
/양주초등수학과외/,/삼숭동초등수학과외/,삼숭동초등수학과외,C:/Projects/studyhub/output/양주초등수학과외/index.html,하위 페이지 더 보기
/양주초등수학과외/,/옥정동초등수학과외/,옥정동초등수학과외,C:/Projects/studyhub/output/양주초등수학과외/index.html,하위 페이지 더 보기
/양주초등영어과외/,/만송동초등영어과외/,만송동초등영어과외,C:/Projects/studyhub/output/양주초등영어과외/index.html,하위 페이지 더 보기
/양주초등영어과외/,/삼숭동초등영어과외/,삼숭동초등영어과외,C:/Projects/studyhub/output/양주초등영어과외/index.html,하위 페이지 더 보기
/양주초등영어과외/,/옥정동초등영어과외/,옥정동초등영어과외,C:/Projects/studyhub/output/양주초등영어과외/index.html,하위 페이지 더 보기
/영어과외/,/강원영어과외/,강원영어과외,C:/Projects/studyhub/output/영어과외/index.html,하위 페이지 더 보기
/영어과외/,/경북영어과외/,경북영어과외,C:/Projects/studyhub/output/영어과외/index.html,하위 페이지 더 보기
/영어과외/,/광주영어과외/,광주영어과외,C:/Projects/studyhub/output/영어과외/index.html,하위 페이지 더 보기
/영어과외/,/대구영어과외/,대구영어과외,C:/Projects/studyhub/output/영어과외/index.html,하위 페이지 더 보기
/영어과외/,/대전영어과외/,대전영어과외,C:/Projects/studyhub/output/영어과외/index.html,하위 페이지 더 보기
/영어과외/,/세종영어과외/,세종영어과외,C:/Projects/studyhub/output/영어과외/index.html,하위 페이지 더 보기
/영어과외/,/울산영어과외/,울산영어과외,C:/Projects/studyhub/output/영어과외/index.html,하위 페이지 더 보기
/영어과외/,/전북영어과외/,전북영어과외,C:/Projects/studyhub/output/영어과외/index.html,하위 페이지 더 보기
/영어과외/,/충남영어과외/,충남영어과외,C:/Projects/studyhub/output/영어과외/index.html,하위 페이지 더 보기
/영어과외/,/충북영어과외/,충북영어과외,C:/Projects/studyhub/output/영어과외/index.html,하위 페이지 더 보기
/영통구고등과외/,/영통동고등과외/,영통동고등과외,C:/Projects/studyhub/output/영통구고등과외/index.html,하위 페이지 더 보기
/영통구고등수학과외/,/이의동고등수학과외/,이의동고등수학과외,C:/Projects/studyhub/output/영통구고등수학과외/index.html,하위 페이지 더 보기
/영통구고등영어과외/,/이의동고등영어과외/,이의동고등영어과외,C:/Projects/studyhub/output/영통구고등영어과외/index.html,하위 페이지 더 보기
/영통구과외/,/이의동과외/,이의동과외,C:/Projects/studyhub/output/영통구과외/index.html,하위 페이지 더 보기
/영통구수학과외/,/영통동수학과외/,영통동수학과외,C:/Projects/studyhub/output/영통구수학과외/index.html,하위 페이지 더 보기
/영통구영어과외/,/영통동영어과외/,영통동영어과외,C:/Projects/studyhub/output/영통구영어과외/index.html,하위 페이지 더 보기
/영통구중등과외/,/영통동중등과외/,영통동중등과외,C:/Projects/studyhub/output/영통구중등과외/index.html,하위 페이지 더 보기
/영통구중등수학과외/,/이의동중등수학과외/,이의동중등수학과외,C:/Projects/studyhub/output/영통구중등수학과외/index.html,하위 페이지 더 보기
/영통구중등영어과외/,/이의동중등영어과외/,이의동중등영어과외,C:/Projects/studyhub/output/영통구중등영어과외/index.html,하위 페이지 더 보기
/영통구초등과외/,/영통동초등과외/,영통동초등과외,C:/Projects/studyhub/output/영통구초등과외/index.html,하위 페이지 더 보기
/영통구초등수학과외/,/이의동초등수학과외/,이의동초등수학과외,C:/Projects/studyhub/output/영통구초등수학과외/index.html,하위 페이지 더 보기
/영통구초등영어과외/,/이의동초등영어과외/,이의동초등영어과외,C:/Projects/studyhub/output/영통구초등영어과외/index.html,하위 페이지 더 보기
/울산고등과외/,/남구고등과외/,남구고등과외,C:/Projects/studyhub/output/울산고등과외/index.html,하위 페이지 더 보기
/울산고등수학과외/,/울주군고등수학과외/,울주군고등수학과외,C:/Projects/studyhub/output/울산고등수학과외/index.html,하위 페이지 더 보기
/울산고등영어과외/,/울주군고등영어과외/,울주군고등영어과외,C:/Projects/studyhub/output/울산고등영어과외/index.html,하위 페이지 더 보기
/울산과외/,/울주군과외/,울주군과외,C:/Projects/studyhub/output/울산과외/index.html,하위 페이지 더 보기
/울산북구고등과외/,/양정동고등과외/,양정동고등과외,C:/Projects/studyhub/output/울산북구고등과외/index.html,하위 페이지 더 보기
/울산북구고등과외/,/연암동고등과외/,연암동고등과외,C:/Projects/studyhub/output/울산북구고등과외/index.html,하위 페이지 더 보기
/울산북구고등과외/,/화봉동고등과외/,화봉동고등과외,C:/Projects/studyhub/output/울산북구고등과외/index.html,하위 페이지 더 보기
/울산북구고등수학과외/,/양정동고등수학과외/,양정동고등수학과외,C:/Projects/studyhub/output/울산북구고등수학과외/index.html,하위 페이지 더 보기
/울산북구고등수학과외/,/연암동고등수학과외/,연암동고등수학과외,C:/Projects/studyhub/output/울산북구고등수학과외/index.html,하위 페이지 더 보기
/울산북구고등수학과외/,/화봉동고등수학과외/,화봉동고등수학과외,C:/Projects/studyhub/output/울산북구고등수학과외/index.html,하위 페이지 더 보기
/울산북구고등영어과외/,/양정동고등영어과외/,양정동고등영어과외,C:/Projects/studyhub/output/울산북구고등영어과외/index.html,하위 페이지 더 보기
/울산북구고등영어과외/,/연암동고등영어과외/,연암동고등영어과외,C:/Projects/studyhub/output/울산북구고등영어과외/index.html,하위 페이지 더 보기
/울산북구고등영어과외/,/화봉동고등영어과외/,화봉동고등영어과외,C:/Projects/studyhub/output/울산북구고등영어과외/index.html,하위 페이지 더 보기
/울산북구과외/,/양정동과외/,양정동과외,C:/Projects/studyhub/output/울산북구과외/index.html,하위 페이지 더 보기
/울산북구과외/,/연암동과외/,연암동과외,C:/Projects/studyhub/output/울산북구과외/index.html,하위 페이지 더 보기
/울산북구과외/,/화봉동과외/,화봉동과외,C:/Projects/studyhub/output/울산북구과외/index.html,하위 페이지 더 보기
/울산북구수학과외/,/양정동수학과외/,양정동수학과외,C:/Projects/studyhub/output/울산북구수학과외/index.html,하위 페이지 더 보기
/울산북구수학과외/,/연암동수학과외/,연암동수학과외,C:/Projects/studyhub/output/울산북구수학과외/index.html,하위 페이지 더 보기
/울산북구수학과외/,/화봉동수학과외/,화봉동수학과외,C:/Projects/studyhub/output/울산북구수학과외/index.html,하위 페이지 더 보기
/울산북구영어과외/,/양정동영어과외/,양정동영어과외,C:/Projects/studyhub/output/울산북구영어과외/index.html,하위 페이지 더 보기
/울산북구영어과외/,/연암동영어과외/,연암동영어과외,C:/Projects/studyhub/output/울산북구영어과외/index.html,하위 페이지 더 보기
/울산북구영어과외/,/화봉동영어과외/,화봉동영어과외,C:/Projects/studyhub/output/울산북구영어과외/index.html,하위 페이지 더 보기
/울산북구중등과외/,/양정동중등과외/,양정동중등과외,C:/Projects/studyhub/output/울산북구중등과외/index.html,하위 페이지 더 보기
/울산북구중등과외/,/연암동중등과외/,연암동중등과외,C:/Projects/studyhub/output/울산북구중등과외/index.html,하위 페이지 더 보기
/울산북구중등과외/,/화봉동중등과외/,화봉동중등과외,C:/Projects/studyhub/output/울산북구중등과외/index.html,하위 페이지 더 보기
/울산북구중등수학과외/,/양정동중등수학과외/,양정동중등수학과외,C:/Projects/studyhub/output/울산북구중등수학과외/index.html,하위 페이지 더 보기
/울산북구중등수학과외/,/연암동중등수학과외/,연암동중등수학과외,C:/Projects/studyhub/output/울산북구중등수학과외/index.html,하위 페이지 더 보기
/울산북구중등수학과외/,/화봉동중등수학과외/,화봉동중등수학과외,C:/Projects/studyhub/output/울산북구중등수학과외/index.html,하위 페이지 더 보기
/울산북구중등영어과외/,/양정동중등영어과외/,양정동중등영어과외,C:/Projects/studyhub/output/울산북구중등영어과외/index.html,하위 페이지 더 보기
/울산북구중등영어과외/,/연암동중등영어과외/,연암동중등영어과외,C:/Projects/studyhub/output/울산북구중등영어과외/index.html,하위 페이지 더 보기
/울산북구중등영어과외/,/화봉동중등영어과외/,화봉동중등영어과외,C:/Projects/studyhub/output/울산북구중등영어과외/index.html,하위 페이지 더 보기
/울산북구초등과외/,/양정동초등과외/,양정동초등과외,C:/Projects/studyhub/output/울산북구초등과외/index.html,하위 페이지 더 보기
/울산북구초등과외/,/연암동초등과외/,연암동초등과외,C:/Projects/studyhub/output/울산북구초등과외/index.html,하위 페이지 더 보기
/울산북구초등과외/,/화봉동초등과외/,화봉동초등과외,C:/Projects/studyhub/output/울산북구초등과외/index.html,하위 페이지 더 보기
/울산북구초등수학과외/,/양정동초등수학과외/,양정동초등수학과외,C:/Projects/studyhub/output/울산북구초등수학과외/index.html,하위 페이지 더 보기
/울산북구초등수학과외/,/연암동초등수학과외/,연암동초등수학과외,C:/Projects/studyhub/output/울산북구초등수학과외/index.html,하위 페이지 더 보기
/울산북구초등수학과외/,/화봉동초등수학과외/,화봉동초등수학과외,C:/Projects/studyhub/output/울산북구초등수학과외/index.html,하위 페이지 더 보기
/울산북구초등영어과외/,/양정동초등영어과외/,양정동초등영어과외,C:/Projects/studyhub/output/울산북구초등영어과외/index.html,하위 페이지 더 보기
/울산북구초등영어과외/,/연암동초등영어과외/,연암동초등영어과외,C:/Projects/studyhub/output/울산북구초등영어과외/index.html,하위 페이지 더 보기
/울산북구초등영어과외/,/화봉동초등영어과외/,화봉동초등영어과외,C:/Projects/studyhub/output/울산북구초등영어과외/index.html,하위 페이지 더 보기
/울산수학과외/,/남구수학과외/,남구수학과외,C:/Projects/studyhub/output/울산수학과외/index.html,하위 페이지 더 보기
/울산영어과외/,/남구영어과외/,남구영어과외,C:/Projects/studyhub/output/울산영어과외/index.html,하위 페이지 더 보기
/울산중구고등과외/,/약사동고등과외/,약사동고등과외,C:/Projects/studyhub/output/울산중구고등과외/index.html,하위 페이지 더 보기
/울산중구고등과외/,/우정동고등과외/,우정동고등과외,C:/Projects/studyhub/output/울산중구고등과외/index.html,하위 페이지 더 보기
/울산중구고등과외/,/유곡동고등과외/,유곡동고등과외,C:/Projects/studyhub/output/울산중구고등과외/index.html,하위 페이지 더 보기
/울산중구고등과외/,/태화동고등과외/,태화동고등과외,C:/Projects/studyhub/output/울산중구고등과외/index.html,하위 페이지 더 보기
/울산중구고등과외/,/학산동고등과외/,학산동고등과외,C:/Projects/studyhub/output/울산중구고등과외/index.html,하위 페이지 더 보기
/울산중구고등과외/,/학성동고등과외/,학성동고등과외,C:/Projects/studyhub/output/울산중구고등과외/index.html,하위 페이지 더 보기
/울산중구고등수학과외/,/약사동고등수학과외/,약사동고등수학과외,C:/Projects/studyhub/output/울산중구고등수학과외/index.html,하위 페이지 더 보기
/울산중구고등수학과외/,/우정동고등수학과외/,우정동고등수학과외,C:/Projects/studyhub/output/울산중구고등수학과외/index.html,하위 페이지 더 보기
/울산중구고등수학과외/,/유곡동고등수학과외/,유곡동고등수학과외,C:/Projects/studyhub/output/울산중구고등수학과외/index.html,하위 페이지 더 보기
/울산중구고등수학과외/,/태화동고등수학과외/,태화동고등수학과외,C:/Projects/studyhub/output/울산중구고등수학과외/index.html,하위 페이지 더 보기
/울산중구고등수학과외/,/학산동고등수학과외/,학산동고등수학과외,C:/Projects/studyhub/output/울산중구고등수학과외/index.html,하위 페이지 더 보기
/울산중구고등수학과외/,/학성동고등수학과외/,학성동고등수학과외,C:/Projects/studyhub/output/울산중구고등수학과외/index.html,하위 페이지 더 보기
/울산중구고등영어과외/,/약사동고등영어과외/,약사동고등영어과외,C:/Projects/studyhub/output/울산중구고등영어과외/index.html,하위 페이지 더 보기
/울산중구고등영어과외/,/우정동고등영어과외/,우정동고등영어과외,C:/Projects/studyhub/output/울산중구고등영어과외/index.html,하위 페이지 더 보기
/울산중구고등영어과외/,/유곡동고등영어과외/,유곡동고등영어과외,C:/Projects/studyhub/output/울산중구고등영어과외/index.html,하위 페이지 더 보기
/울산중구고등영어과외/,/태화동고등영어과외/,태화동고등영어과외,C:/Projects/studyhub/output/울산중구고등영어과외/index.html,하위 페이지 더 보기
/울산중구고등영어과외/,/학산동고등영어과외/,학산동고등영어과외,C:/Projects/studyhub/output/울산중구고등영어과외/index.html,하위 페이지 더 보기
/울산중구고등영어과외/,/학성동고등영어과외/,학성동고등영어과외,C:/Projects/studyhub/output/울산중구고등영어과외/index.html,하위 페이지 더 보기
/울산중구과외/,/약사동과외/,약사동과외,C:/Projects/studyhub/output/울산중구과외/index.html,하위 페이지 더 보기
/울산중구과외/,/우정동과외/,우정동과외,C:/Projects/studyhub/output/울산중구과외/index.html,하위 페이지 더 보기
/울산중구과외/,/유곡동과외/,유곡동과외,C:/Projects/studyhub/output/울산중구과외/index.html,하위 페이지 더 보기
/울산중구과외/,/태화동과외/,태화동과외,C:/Projects/studyhub/output/울산중구과외/index.html,하위 페이지 더 보기
/울산중구과외/,/학산동과외/,학산동과외,C:/Projects/studyhub/output/울산중구과외/index.html,하위 페이지 더 보기
/울산중구과외/,/학성동과외/,학성동과외,C:/Projects/studyhub/output/울산중구과외/index.html,하위 페이지 더 보기
/울산중구수학과외/,/약사동수학과외/,약사동수학과외,C:/Projects/studyhub/output/울산중구수학과외/index.html,하위 페이지 더 보기
/울산중구수학과외/,/우정동수학과외/,우정동수학과외,C:/Projects/studyhub/output/울산중구수학과외/index.html,하위 페이지 더 보기
/울산중구수학과외/,/유곡동수학과외/,유곡동수학과외,C:/Projects/studyhub/output/울산중구수학과외/index.html,하위 페이지 더 보기
/울산중구수학과외/,/태화동수학과외/,태화동수학과외,C:/Projects/studyhub/output/울산중구수학과외/index.html,하위 페이지 더 보기
/울산중구수학과외/,/학산동수학과외/,학산동수학과외,C:/Projects/studyhub/output/울산중구수학과외/index.html,하위 페이지 더 보기
/울산중구수학과외/,/학성동수학과외/,학성동수학과외,C:/Projects/studyhub/output/울산중구수학과외/index.html,하위 페이지 더 보기
/울산중구영어과외/,/약사동영어과외/,약사동영어과외,C:/Projects/studyhub/output/울산중구영어과외/index.html,하위 페이지 더 보기
/울산중구영어과외/,/우정동영어과외/,우정동영어과외,C:/Projects/studyhub/output/울산중구영어과외/index.html,하위 페이지 더 보기
/울산중구영어과외/,/유곡동영어과외/,유곡동영어과외,C:/Projects/studyhub/output/울산중구영어과외/index.html,하위 페이지 더 보기
/울산중구영어과외/,/태화동영어과외/,태화동영어과외,C:/Projects/studyhub/output/울산중구영어과외/index.html,하위 페이지 더 보기
/울산중구영어과외/,/학산동영어과외/,학산동영어과외,C:/Projects/studyhub/output/울산중구영어과외/index.html,하위 페이지 더 보기
/울산중구영어과외/,/학성동영어과외/,학성동영어과외,C:/Projects/studyhub/output/울산중구영어과외/index.html,하위 페이지 더 보기
/울산중구중등과외/,/약사동중등과외/,약사동중등과외,C:/Projects/studyhub/output/울산중구중등과외/index.html,하위 페이지 더 보기
/울산중구중등과외/,/우정동중등과외/,우정동중등과외,C:/Projects/studyhub/output/울산중구중등과외/index.html,하위 페이지 더 보기
/울산중구중등과외/,/유곡동중등과외/,유곡동중등과외,C:/Projects/studyhub/output/울산중구중등과외/index.html,하위 페이지 더 보기
/울산중구중등과외/,/태화동중등과외/,태화동중등과외,C:/Projects/studyhub/output/울산중구중등과외/index.html,하위 페이지 더 보기
/울산중구중등과외/,/학산동중등과외/,학산동중등과외,C:/Projects/studyhub/output/울산중구중등과외/index.html,하위 페이지 더 보기
/울산중구중등과외/,/학성동중등과외/,학성동중등과외,C:/Projects/studyhub/output/울산중구중등과외/index.html,하위 페이지 더 보기
/울산중구중등수학과외/,/약사동중등수학과외/,약사동중등수학과외,C:/Projects/studyhub/output/울산중구중등수학과외/index.html,하위 페이지 더 보기
/울산중구중등수학과외/,/우정동중등수학과외/,우정동중등수학과외,C:/Projects/studyhub/output/울산중구중등수학과외/index.html,하위 페이지 더 보기
/울산중구중등수학과외/,/유곡동중등수학과외/,유곡동중등수학과외,C:/Projects/studyhub/output/울산중구중등수학과외/index.html,하위 페이지 더 보기
/울산중구중등수학과외/,/태화동중등수학과외/,태화동중등수학과외,C:/Projects/studyhub/output/울산중구중등수학과외/index.html,하위 페이지 더 보기
/울산중구중등수학과외/,/학산동중등수학과외/,학산동중등수학과외,C:/Projects/studyhub/output/울산중구중등수학과외/index.html,하위 페이지 더 보기
/울산중구중등수학과외/,/학성동중등수학과외/,학성동중등수학과외,C:/Projects/studyhub/output/울산중구중등수학과외/index.html,하위 페이지 더 보기
/울산중구중등영어과외/,/약사동중등영어과외/,약사동중등영어과외,C:/Projects/studyhub/output/울산중구중등영어과외/index.html,하위 페이지 더 보기
/울산중구중등영어과외/,/우정동중등영어과외/,우정동중등영어과외,C:/Projects/studyhub/output/울산중구중등영어과외/index.html,하위 페이지 더 보기
/울산중구중등영어과외/,/유곡동중등영어과외/,유곡동중등영어과외,C:/Projects/studyhub/output/울산중구중등영어과외/index.html,하위 페이지 더 보기
/울산중구중등영어과외/,/태화동중등영어과외/,태화동중등영어과외,C:/Projects/studyhub/output/울산중구중등영어과외/index.html,하위 페이지 더 보기
/울산중구중등영어과외/,/학산동중등영어과외/,학산동중등영어과외,C:/Projects/studyhub/output/울산중구중등영어과외/index.html,하위 페이지 더 보기
/울산중구중등영어과외/,/학성동중등영어과외/,학성동중등영어과외,C:/Projects/studyhub/output/울산중구중등영어과외/index.html,하위 페이지 더 보기
/울산중구초등과외/,/약사동초등과외/,약사동초등과외,C:/Projects/studyhub/output/울산중구초등과외/index.html,하위 페이지 더 보기
/울산중구초등과외/,/우정동초등과외/,우정동초등과외,C:/Projects/studyhub/output/울산중구초등과외/index.html,하위 페이지 더 보기
/울산중구초등과외/,/유곡동초등과외/,유곡동초등과외,C:/Projects/studyhub/output/울산중구초등과외/index.html,하위 페이지 더 보기
/울산중구초등과외/,/태화동초등과외/,태화동초등과외,C:/Projects/studyhub/output/울산중구초등과외/index.html,하위 페이지 더 보기
/울산중구초등과외/,/학산동초등과외/,학산동초등과외,C:/Projects/studyhub/output/울산중구초등과외/index.html,하위 페이지 더 보기
/울산중구초등과외/,/학성동초등과외/,학성동초등과외,C:/Projects/studyhub/output/울산중구초등과외/index.html,하위 페이지 더 보기
/울산중구초등수학과외/,/약사동초등수학과외/,약사동초등수학과외,C:/Projects/studyhub/output/울산중구초등수학과외/index.html,하위 페이지 더 보기
/울산중구초등수학과외/,/우정동초등수학과외/,우정동초등수학과외,C:/Projects/studyhub/output/울산중구초등수학과외/index.html,하위 페이지 더 보기
/울산중구초등수학과외/,/유곡동초등수학과외/,유곡동초등수학과외,C:/Projects/studyhub/output/울산중구초등수학과외/index.html,하위 페이지 더 보기
/울산중구초등수학과외/,/태화동초등수학과외/,태화동초등수학과외,C:/Projects/studyhub/output/울산중구초등수학과외/index.html,하위 페이지 더 보기
/울산중구초등수학과외/,/학산동초등수학과외/,학산동초등수학과외,C:/Projects/studyhub/output/울산중구초등수학과외/index.html,하위 페이지 더 보기
/울산중구초등수학과외/,/학성동초등수학과외/,학성동초등수학과외,C:/Projects/studyhub/output/울산중구초등수학과외/index.html,하위 페이지 더 보기
/울산중구초등영어과외/,/약사동초등영어과외/,약사동초등영어과외,C:/Projects/studyhub/output/울산중구초등영어과외/index.html,하위 페이지 더 보기
/울산중구초등영어과외/,/우정동초등영어과외/,우정동초등영어과외,C:/Projects/studyhub/output/울산중구초등영어과외/index.html,하위 페이지 더 보기
/울산중구초등영어과외/,/유곡동초등영어과외/,유곡동초등영어과외,C:/Projects/studyhub/output/울산중구초등영어과외/index.html,하위 페이지 더 보기
/울산중구초등영어과외/,/태화동초등영어과외/,태화동초등영어과외,C:/Projects/studyhub/output/울산중구초등영어과외/index.html,하위 페이지 더 보기
/울산중구초등영어과외/,/학산동초등영어과외/,학산동초등영어과외,C:/Projects/studyhub/output/울산중구초등영어과외/index.html,하위 페이지 더 보기
/울산중구초등영어과외/,/학성동초등영어과외/,학성동초등영어과외,C:/Projects/studyhub/output/울산중구초등영어과외/index.html,하위 페이지 더 보기
/울산중등과외/,/남구중등과외/,남구중등과외,C:/Projects/studyhub/output/울산중등과외/index.html,하위 페이지 더 보기
/울산중등수학과외/,/울주군중등수학과외/,울주군중등수학과외,C:/Projects/studyhub/output/울산중등수학과외/index.html,하위 페이지 더 보기
/울산중등영어과외/,/울주군중등영어과외/,울주군중등영어과외,C:/Projects/studyhub/output/울산중등영어과외/index.html,하위 페이지 더 보기
/울산초등과외/,/남구초등과외/,남구초등과외,C:/Projects/studyhub/output/울산초등과외/index.html,하위 페이지 더 보기
/울산초등수학과외/,/울주군초등수학과외/,울주군초등수학과외,C:/Projects/studyhub/output/울산초등수학과외/index.html,하위 페이지 더 보기
/울산초등영어과외/,/울주군초등영어과외/,울주군초등영어과외,C:/Projects/studyhub/output/울산초등영어과외/index.html,하위 페이지 더 보기
/원미구고등과외/,/원미동고등과외/,원미동고등과외,C:/Projects/studyhub/output/원미구고등과외/index.html,하위 페이지 더 보기
/원미구고등과외/,/춘의동고등과외/,춘의동고등과외,C:/Projects/studyhub/output/원미구고등과외/index.html,하위 페이지 더 보기
/원미구고등수학과외/,/원미동고등수학과외/,원미동고등수학과외,C:/Projects/studyhub/output/원미구고등수학과외/index.html,하위 페이지 더 보기
/원미구고등수학과외/,/춘의동고등수학과외/,춘의동고등수학과외,C:/Projects/studyhub/output/원미구고등수학과외/index.html,하위 페이지 더 보기
/원미구고등영어과외/,/원미동고등영어과외/,원미동고등영어과외,C:/Projects/studyhub/output/원미구고등영어과외/index.html,하위 페이지 더 보기
/원미구고등영어과외/,/춘의동고등영어과외/,춘의동고등영어과외,C:/Projects/studyhub/output/원미구고등영어과외/index.html,하위 페이지 더 보기
/원미구과외/,/원미동과외/,원미동과외,C:/Projects/studyhub/output/원미구과외/index.html,하위 페이지 더 보기
/원미구과외/,/춘의동과외/,춘의동과외,C:/Projects/studyhub/output/원미구과외/index.html,하위 페이지 더 보기
/원미구수학과외/,/원미동수학과외/,원미동수학과외,C:/Projects/studyhub/output/원미구수학과외/index.html,하위 페이지 더 보기
/원미구수학과외/,/춘의동수학과외/,춘의동수학과외,C:/Projects/studyhub/output/원미구수학과외/index.html,하위 페이지 더 보기
/원미구영어과외/,/원미동영어과외/,원미동영어과외,C:/Projects/studyhub/output/원미구영어과외/index.html,하위 페이지 더 보기
/원미구영어과외/,/춘의동영어과외/,춘의동영어과외,C:/Projects/studyhub/output/원미구영어과외/index.html,하위 페이지 더 보기
/원미구중등과외/,/원미동중등과외/,원미동중등과외,C:/Projects/studyhub/output/원미구중등과외/index.html,하위 페이지 더 보기
/원미구중등과외/,/춘의동중등과외/,춘의동중등과외,C:/Projects/studyhub/output/원미구중등과외/index.html,하위 페이지 더 보기
/원미구중등수학과외/,/원미동중등수학과외/,원미동중등수학과외,C:/Projects/studyhub/output/원미구중등수학과외/index.html,하위 페이지 더 보기
/원미구중등수학과외/,/춘의동중등수학과외/,춘의동중등수학과외,C:/Projects/studyhub/output/원미구중등수학과외/index.html,하위 페이지 더 보기
/원미구중등영어과외/,/원미동중등영어과외/,원미동중등영어과외,C:/Projects/studyhub/output/원미구중등영어과외/index.html,하위 페이지 더 보기
/원미구중등영어과외/,/춘의동중등영어과외/,춘의동중등영어과외,C:/Projects/studyhub/output/원미구중등영어과외/index.html,하위 페이지 더 보기
/원미구초등과외/,/원미동초등과외/,원미동초등과외,C:/Projects/studyhub/output/원미구초등과외/index.html,하위 페이지 더 보기
/원미구초등과외/,/춘의동초등과외/,춘의동초등과외,C:/Projects/studyhub/output/원미구초등과외/index.html,하위 페이지 더 보기
/원미구초등수학과외/,/춘의동초등수학과외/,춘의동초등수학과외,C:/Projects/studyhub/output/원미구초등수학과외/index.html,하위 페이지 더 보기
/원미구초등영어과외/,/원미동초등영어과외/,원미동초등영어과외,C:/Projects/studyhub/output/원미구초등영어과외/index.html,하위 페이지 더 보기
/원미구초등영어과외/,/춘의동초등영어과외/,춘의동초등영어과외,C:/Projects/studyhub/output/원미구초등영어과외/index.html,하위 페이지 더 보기
/유성구고등과외/,/복용동고등과외/,복용동고등과외,C:/Projects/studyhub/output/유성구고등과외/index.html,하위 페이지 더 보기
/유성구고등과외/,/상대동고등과외/,상대동고등과외,C:/Projects/studyhub/output/유성구고등과외/index.html,하위 페이지 더 보기
/유성구고등과외/,/원신흥동고등과외/,원신흥동고등과외,C:/Projects/studyhub/output/유성구고등과외/index.html,하위 페이지 더 보기
/유성구고등과외/,/장대동고등과외/,장대동고등과외,C:/Projects/studyhub/output/유성구고등과외/index.html,하위 페이지 더 보기
/유성구고등과외/,/지족동고등과외/,지족동고등과외,C:/Projects/studyhub/output/유성구고등과외/index.html,하위 페이지 더 보기
/유성구고등과외/,/학하동고등과외/,학하동고등과외,C:/Projects/studyhub/output/유성구고등과외/index.html,하위 페이지 더 보기
/유성구고등수학과외/,/복용동고등수학과외/,복용동고등수학과외,C:/Projects/studyhub/output/유성구고등수학과외/index.html,하위 페이지 더 보기
/유성구고등수학과외/,/상대동고등수학과외/,상대동고등수학과외,C:/Projects/studyhub/output/유성구고등수학과외/index.html,하위 페이지 더 보기
/유성구고등수학과외/,/원신흥동고등수학과외/,원신흥동고등수학과외,C:/Projects/studyhub/output/유성구고등수학과외/index.html,하위 페이지 더 보기
/유성구고등수학과외/,/장대동고등수학과외/,장대동고등수학과외,C:/Projects/studyhub/output/유성구고등수학과외/index.html,하위 페이지 더 보기
/유성구고등수학과외/,/지족동고등수학과외/,지족동고등수학과외,C:/Projects/studyhub/output/유성구고등수학과외/index.html,하위 페이지 더 보기
/유성구고등수학과외/,/학하동고등수학과외/,학하동고등수학과외,C:/Projects/studyhub/output/유성구고등수학과외/index.html,하위 페이지 더 보기
/유성구고등영어과외/,/복용동고등영어과외/,복용동고등영어과외,C:/Projects/studyhub/output/유성구고등영어과외/index.html,하위 페이지 더 보기
/유성구고등영어과외/,/상대동고등영어과외/,상대동고등영어과외,C:/Projects/studyhub/output/유성구고등영어과외/index.html,하위 페이지 더 보기
/유성구고등영어과외/,/원신흥동고등영어과외/,원신흥동고등영어과외,C:/Projects/studyhub/output/유성구고등영어과외/index.html,하위 페이지 더 보기
/유성구고등영어과외/,/장대동고등영어과외/,장대동고등영어과외,C:/Projects/studyhub/output/유성구고등영어과외/index.html,하위 페이지 더 보기
/유성구고등영어과외/,/지족동고등영어과외/,지족동고등영어과외,C:/Projects/studyhub/output/유성구고등영어과외/index.html,하위 페이지 더 보기
/유성구고등영어과외/,/학하동고등영어과외/,학하동고등영어과외,C:/Projects/studyhub/output/유성구고등영어과외/index.html,하위 페이지 더 보기
/유성구과외/,/복용동과외/,복용동과외,C:/Projects/studyhub/output/유성구과외/index.html,하위 페이지 더 보기
/유성구과외/,/상대동과외/,상대동과외,C:/Projects/studyhub/output/유성구과외/index.html,하위 페이지 더 보기
/유성구과외/,/원신흥동과외/,원신흥동과외,C:/Projects/studyhub/output/유성구과외/index.html,하위 페이지 더 보기
/유성구과외/,/장대동과외/,장대동과외,C:/Projects/studyhub/output/유성구과외/index.html,하위 페이지 더 보기
/유성구과외/,/지족동과외/,지족동과외,C:/Projects/studyhub/output/유성구과외/index.html,하위 페이지 더 보기
/유성구과외/,/학하동과외/,학하동과외,C:/Projects/studyhub/output/유성구과외/index.html,하위 페이지 더 보기
/유성구수학과외/,/복용동수학과외/,복용동수학과외,C:/Projects/studyhub/output/유성구수학과외/index.html,하위 페이지 더 보기
/유성구수학과외/,/상대동수학과외/,상대동수학과외,C:/Projects/studyhub/output/유성구수학과외/index.html,하위 페이지 더 보기
/유성구수학과외/,/원신흥동수학과외/,원신흥동수학과외,C:/Projects/studyhub/output/유성구수학과외/index.html,하위 페이지 더 보기
/유성구수학과외/,/장대동수학과외/,장대동수학과외,C:/Projects/studyhub/output/유성구수학과외/index.html,하위 페이지 더 보기
/유성구수학과외/,/지족동수학과외/,지족동수학과외,C:/Projects/studyhub/output/유성구수학과외/index.html,하위 페이지 더 보기
/유성구수학과외/,/학하동수학과외/,학하동수학과외,C:/Projects/studyhub/output/유성구수학과외/index.html,하위 페이지 더 보기
/유성구영어과외/,/복용동영어과외/,복용동영어과외,C:/Projects/studyhub/output/유성구영어과외/index.html,하위 페이지 더 보기
/유성구영어과외/,/상대동영어과외/,상대동영어과외,C:/Projects/studyhub/output/유성구영어과외/index.html,하위 페이지 더 보기
/유성구영어과외/,/원신흥동영어과외/,원신흥동영어과외,C:/Projects/studyhub/output/유성구영어과외/index.html,하위 페이지 더 보기
/유성구영어과외/,/장대동영어과외/,장대동영어과외,C:/Projects/studyhub/output/유성구영어과외/index.html,하위 페이지 더 보기
/유성구영어과외/,/지족동영어과외/,지족동영어과외,C:/Projects/studyhub/output/유성구영어과외/index.html,하위 페이지 더 보기
/유성구영어과외/,/학하동영어과외/,학하동영어과외,C:/Projects/studyhub/output/유성구영어과외/index.html,하위 페이지 더 보기
/유성구중등과외/,/복용동중등과외/,복용동중등과외,C:/Projects/studyhub/output/유성구중등과외/index.html,하위 페이지 더 보기
/유성구중등과외/,/상대동중등과외/,상대동중등과외,C:/Projects/studyhub/output/유성구중등과외/index.html,하위 페이지 더 보기
/유성구중등과외/,/원신흥동중등과외/,원신흥동중등과외,C:/Projects/studyhub/output/유성구중등과외/index.html,하위 페이지 더 보기
/유성구중등과외/,/장대동중등과외/,장대동중등과외,C:/Projects/studyhub/output/유성구중등과외/index.html,하위 페이지 더 보기
/유성구중등과외/,/지족동중등과외/,지족동중등과외,C:/Projects/studyhub/output/유성구중등과외/index.html,하위 페이지 더 보기
/유성구중등과외/,/학하동중등과외/,학하동중등과외,C:/Projects/studyhub/output/유성구중등과외/index.html,하위 페이지 더 보기
/유성구중등수학과외/,/복용동중등수학과외/,복용동중등수학과외,C:/Projects/studyhub/output/유성구중등수학과외/index.html,하위 페이지 더 보기
/유성구중등수학과외/,/상대동중등수학과외/,상대동중등수학과외,C:/Projects/studyhub/output/유성구중등수학과외/index.html,하위 페이지 더 보기
/유성구중등수학과외/,/원신흥동중등수학과외/,원신흥동중등수학과외,C:/Projects/studyhub/output/유성구중등수학과외/index.html,하위 페이지 더 보기
/유성구중등수학과외/,/장대동중등수학과외/,장대동중등수학과외,C:/Projects/studyhub/output/유성구중등수학과외/index.html,하위 페이지 더 보기
/유성구중등수학과외/,/지족동중등수학과외/,지족동중등수학과외,C:/Projects/studyhub/output/유성구중등수학과외/index.html,하위 페이지 더 보기
/유성구중등수학과외/,/학하동중등수학과외/,학하동중등수학과외,C:/Projects/studyhub/output/유성구중등수학과외/index.html,하위 페이지 더 보기
/유성구중등영어과외/,/복용동중등영어과외/,복용동중등영어과외,C:/Projects/studyhub/output/유성구중등영어과외/index.html,하위 페이지 더 보기
/유성구중등영어과외/,/상대동중등영어과외/,상대동중등영어과외,C:/Projects/studyhub/output/유성구중등영어과외/index.html,하위 페이지 더 보기
/유성구중등영어과외/,/원신흥동중등영어과외/,원신흥동중등영어과외,C:/Projects/studyhub/output/유성구중등영어과외/index.html,하위 페이지 더 보기
/유성구중등영어과외/,/장대동중등영어과외/,장대동중등영어과외,C:/Projects/studyhub/output/유성구중등영어과외/index.html,하위 페이지 더 보기
/유성구중등영어과외/,/지족동중등영어과외/,지족동중등영어과외,C:/Projects/studyhub/output/유성구중등영어과외/index.html,하위 페이지 더 보기
/유성구중등영어과외/,/학하동중등영어과외/,학하동중등영어과외,C:/Projects/studyhub/output/유성구중등영어과외/index.html,하위 페이지 더 보기
/유성구초등과외/,/복용동초등과외/,복용동초등과외,C:/Projects/studyhub/output/유성구초등과외/index.html,하위 페이지 더 보기
/유성구초등과외/,/상대동초등과외/,상대동초등과외,C:/Projects/studyhub/output/유성구초등과외/index.html,하위 페이지 더 보기
/유성구초등과외/,/원신흥동초등과외/,원신흥동초등과외,C:/Projects/studyhub/output/유성구초등과외/index.html,하위 페이지 더 보기
/유성구초등과외/,/장대동초등과외/,장대동초등과외,C:/Projects/studyhub/output/유성구초등과외/index.html,하위 페이지 더 보기
/유성구초등과외/,/지족동초등과외/,지족동초등과외,C:/Projects/studyhub/output/유성구초등과외/index.html,하위 페이지 더 보기
/유성구초등과외/,/학하동초등과외/,학하동초등과외,C:/Projects/studyhub/output/유성구초등과외/index.html,하위 페이지 더 보기
/유성구초등수학과외/,/복용동초등수학과외/,복용동초등수학과외,C:/Projects/studyhub/output/유성구초등수학과외/index.html,하위 페이지 더 보기
/유성구초등수학과외/,/상대동초등수학과외/,상대동초등수학과외,C:/Projects/studyhub/output/유성구초등수학과외/index.html,하위 페이지 더 보기
/유성구초등수학과외/,/원신흥동초등수학과외/,원신흥동초등수학과외,C:/Projects/studyhub/output/유성구초등수학과외/index.html,하위 페이지 더 보기
/유성구초등수학과외/,/장대동초등수학과외/,장대동초등수학과외,C:/Projects/studyhub/output/유성구초등수학과외/index.html,하위 페이지 더 보기
/유성구초등수학과외/,/지족동초등수학과외/,지족동초등수학과외,C:/Projects/studyhub/output/유성구초등수학과외/index.html,하위 페이지 더 보기
/유성구초등수학과외/,/학하동초등수학과외/,학하동초등수학과외,C:/Projects/studyhub/output/유성구초등수학과외/index.html,하위 페이지 더 보기
/유성구초등영어과외/,/복용동초등영어과외/,복용동초등영어과외,C:/Projects/studyhub/output/유성구초등영어과외/index.html,하위 페이지 더 보기
/유성구초등영어과외/,/상대동초등영어과외/,상대동초등영어과외,C:/Projects/studyhub/output/유성구초등영어과외/index.html,하위 페이지 더 보기
/유성구초등영어과외/,/원신흥동초등영어과외/,원신흥동초등영어과외,C:/Projects/studyhub/output/유성구초등영어과외/index.html,하위 페이지 더 보기
/유성구초등영어과외/,/장대동초등영어과외/,장대동초등영어과외,C:/Projects/studyhub/output/유성구초등영어과외/index.html,하위 페이지 더 보기
/유성구초등영어과외/,/지족동초등영어과외/,지족동초등영어과외,C:/Projects/studyhub/output/유성구초등영어과외/index.html,하위 페이지 더 보기
/유성구초등영어과외/,/학하동초등영어과외/,학하동초등영어과외,C:/Projects/studyhub/output/유성구초등영어과외/index.html,하위 페이지 더 보기
/은평구고등과외/,/역촌동고등과외/,역촌동고등과외,C:/Projects/studyhub/output/은평구고등과외/index.html,하위 페이지 더 보기
/은평구고등과외/,/응암동고등과외/,응암동고등과외,C:/Projects/studyhub/output/은평구고등과외/index.html,하위 페이지 더 보기
/은평구고등과외/,/진관동고등과외/,진관동고등과외,C:/Projects/studyhub/output/은평구고등과외/index.html,하위 페이지 더 보기
/은평구고등수학과외/,/역촌동고등수학과외/,역촌동고등수학과외,C:/Projects/studyhub/output/은평구고등수학과외/index.html,하위 페이지 더 보기
/은평구고등수학과외/,/응암동고등수학과외/,응암동고등수학과외,C:/Projects/studyhub/output/은평구고등수학과외/index.html,하위 페이지 더 보기
/은평구고등수학과외/,/진관동고등수학과외/,진관동고등수학과외,C:/Projects/studyhub/output/은평구고등수학과외/index.html,하위 페이지 더 보기
/은평구고등영어과외/,/역촌동고등영어과외/,역촌동고등영어과외,C:/Projects/studyhub/output/은평구고등영어과외/index.html,하위 페이지 더 보기
/은평구고등영어과외/,/응암동고등영어과외/,응암동고등영어과외,C:/Projects/studyhub/output/은평구고등영어과외/index.html,하위 페이지 더 보기
/은평구고등영어과외/,/진관동고등영어과외/,진관동고등영어과외,C:/Projects/studyhub/output/은평구고등영어과외/index.html,하위 페이지 더 보기
/은평구과외/,/역촌동과외/,역촌동과외,C:/Projects/studyhub/output/은평구과외/index.html,하위 페이지 더 보기
/은평구과외/,/응암동과외/,응암동과외,C:/Projects/studyhub/output/은평구과외/index.html,하위 페이지 더 보기
/은평구과외/,/진관동과외/,진관동과외,C:/Projects/studyhub/output/은평구과외/index.html,하위 페이지 더 보기
/은평구수학과외/,/역촌동수학과외/,역촌동수학과외,C:/Projects/studyhub/output/은평구수학과외/index.html,하위 페이지 더 보기
/은평구수학과외/,/응암동수학과외/,응암동수학과외,C:/Projects/studyhub/output/은평구수학과외/index.html,하위 페이지 더 보기
/은평구수학과외/,/진관동수학과외/,진관동수학과외,C:/Projects/studyhub/output/은평구수학과외/index.html,하위 페이지 더 보기
/은평구영어과외/,/역촌동영어과외/,역촌동영어과외,C:/Projects/studyhub/output/은평구영어과외/index.html,하위 페이지 더 보기
/은평구영어과외/,/응암동영어과외/,응암동영어과외,C:/Projects/studyhub/output/은평구영어과외/index.html,하위 페이지 더 보기
/은평구영어과외/,/진관동영어과외/,진관동영어과외,C:/Projects/studyhub/output/은평구영어과외/index.html,하위 페이지 더 보기
/은평구중등과외/,/역촌동중등과외/,역촌동중등과외,C:/Projects/studyhub/output/은평구중등과외/index.html,하위 페이지 더 보기
/은평구중등과외/,/응암동중등과외/,응암동중등과외,C:/Projects/studyhub/output/은평구중등과외/index.html,하위 페이지 더 보기
/은평구중등과외/,/진관동중등과외/,진관동중등과외,C:/Projects/studyhub/output/은평구중등과외/index.html,하위 페이지 더 보기
/은평구중등수학과외/,/역촌동중등수학과외/,역촌동중등수학과외,C:/Projects/studyhub/output/은평구중등수학과외/index.html,하위 페이지 더 보기
/은평구중등수학과외/,/응암동중등수학과외/,응암동중등수학과외,C:/Projects/studyhub/output/은평구중등수학과외/index.html,하위 페이지 더 보기
/은평구중등수학과외/,/진관동중등수학과외/,진관동중등수학과외,C:/Projects/studyhub/output/은평구중등수학과외/index.html,하위 페이지 더 보기
/은평구중등영어과외/,/역촌동중등영어과외/,역촌동중등영어과외,C:/Projects/studyhub/output/은평구중등영어과외/index.html,하위 페이지 더 보기
/은평구중등영어과외/,/응암동중등영어과외/,응암동중등영어과외,C:/Projects/studyhub/output/은평구중등영어과외/index.html,하위 페이지 더 보기
/은평구중등영어과외/,/진관동중등영어과외/,진관동중등영어과외,C:/Projects/studyhub/output/은평구중등영어과외/index.html,하위 페이지 더 보기
/은평구초등과외/,/역촌동초등과외/,역촌동초등과외,C:/Projects/studyhub/output/은평구초등과외/index.html,하위 페이지 더 보기
/은평구초등과외/,/응암동초등과외/,응암동초등과외,C:/Projects/studyhub/output/은평구초등과외/index.html,하위 페이지 더 보기
/은평구초등과외/,/진관동초등과외/,진관동초등과외,C:/Projects/studyhub/output/은평구초등과외/index.html,하위 페이지 더 보기
/은평구초등수학과외/,/역촌동초등수학과외/,역촌동초등수학과외,C:/Projects/studyhub/output/은평구초등수학과외/index.html,하위 페이지 더 보기
/은평구초등수학과외/,/응암동초등수학과외/,응암동초등수학과외,C:/Projects/studyhub/output/은평구초등수학과외/index.html,하위 페이지 더 보기
/은평구초등수학과외/,/진관동초등수학과외/,진관동초등수학과외,C:/Projects/studyhub/output/은평구초등수학과외/index.html,하위 페이지 더 보기
/은평구초등영어과외/,/역촌동초등영어과외/,역촌동초등영어과외,C:/Projects/studyhub/output/은평구초등영어과외/index.html,하위 페이지 더 보기
/은평구초등영어과외/,/응암동초등영어과외/,응암동초등영어과외,C:/Projects/studyhub/output/은평구초등영어과외/index.html,하위 페이지 더 보기
/은평구초등영어과외/,/진관동초등영어과외/,진관동초등영어과외,C:/Projects/studyhub/output/은평구초등영어과외/index.html,하위 페이지 더 보기
/의정부고등과외/,/용현동고등과외/,용현동고등과외,C:/Projects/studyhub/output/의정부고등과외/index.html,하위 페이지 더 보기
/의정부고등과외/,/의정부동고등과외/,의정부동고등과외,C:/Projects/studyhub/output/의정부고등과외/index.html,하위 페이지 더 보기
/의정부고등과외/,/장암동고등과외/,장암동고등과외,C:/Projects/studyhub/output/의정부고등과외/index.html,하위 페이지 더 보기
/의정부고등과외/,/호원동고등과외/,호원동고등과외,C:/Projects/studyhub/output/의정부고등과외/index.html,하위 페이지 더 보기
/의정부고등수학과외/,/용현동고등수학과외/,용현동고등수학과외,C:/Projects/studyhub/output/의정부고등수학과외/index.html,하위 페이지 더 보기
/의정부고등수학과외/,/의정부동고등수학과외/,의정부동고등수학과외,C:/Projects/studyhub/output/의정부고등수학과외/index.html,하위 페이지 더 보기
/의정부고등수학과외/,/장암동고등수학과외/,장암동고등수학과외,C:/Projects/studyhub/output/의정부고등수학과외/index.html,하위 페이지 더 보기
/의정부고등수학과외/,/호원동고등수학과외/,호원동고등수학과외,C:/Projects/studyhub/output/의정부고등수학과외/index.html,하위 페이지 더 보기
/의정부고등영어과외/,/용현동고등영어과외/,용현동고등영어과외,C:/Projects/studyhub/output/의정부고등영어과외/index.html,하위 페이지 더 보기
/의정부고등영어과외/,/의정부동고등영어과외/,의정부동고등영어과외,C:/Projects/studyhub/output/의정부고등영어과외/index.html,하위 페이지 더 보기
/의정부고등영어과외/,/장암동고등영어과외/,장암동고등영어과외,C:/Projects/studyhub/output/의정부고등영어과외/index.html,하위 페이지 더 보기
/의정부고등영어과외/,/호원동고등영어과외/,호원동고등영어과외,C:/Projects/studyhub/output/의정부고등영어과외/index.html,하위 페이지 더 보기
/의정부과외/,/용현동과외/,용현동과외,C:/Projects/studyhub/output/의정부과외/index.html,하위 페이지 더 보기
/의정부과외/,/의정부동과외/,의정부동과외,C:/Projects/studyhub/output/의정부과외/index.html,하위 페이지 더 보기
/의정부과외/,/장암동과외/,장암동과외,C:/Projects/studyhub/output/의정부과외/index.html,하위 페이지 더 보기
/의정부과외/,/호원동과외/,호원동과외,C:/Projects/studyhub/output/의정부과외/index.html,하위 페이지 더 보기
/의정부수학과외/,/용현동수학과외/,용현동수학과외,C:/Projects/studyhub/output/의정부수학과외/index.html,하위 페이지 더 보기
/의정부수학과외/,/의정부동수학과외/,의정부동수학과외,C:/Projects/studyhub/output/의정부수학과외/index.html,하위 페이지 더 보기
/의정부수학과외/,/장암동수학과외/,장암동수학과외,C:/Projects/studyhub/output/의정부수학과외/index.html,하위 페이지 더 보기
/의정부수학과외/,/호원동수학과외/,호원동수학과외,C:/Projects/studyhub/output/의정부수학과외/index.html,하위 페이지 더 보기
/의정부영어과외/,/용현동영어과외/,용현동영어과외,C:/Projects/studyhub/output/의정부영어과외/index.html,하위 페이지 더 보기
/의정부영어과외/,/의정부동영어과외/,의정부동영어과외,C:/Projects/studyhub/output/의정부영어과외/index.html,하위 페이지 더 보기
/의정부영어과외/,/장암동영어과외/,장암동영어과외,C:/Projects/studyhub/output/의정부영어과외/index.html,하위 페이지 더 보기
/의정부영어과외/,/호원동영어과외/,호원동영어과외,C:/Projects/studyhub/output/의정부영어과외/index.html,하위 페이지 더 보기
/의정부중등과외/,/용현동중등과외/,용현동중등과외,C:/Projects/studyhub/output/의정부중등과외/index.html,하위 페이지 더 보기
/의정부중등과외/,/의정부동중등과외/,의정부동중등과외,C:/Projects/studyhub/output/의정부중등과외/index.html,하위 페이지 더 보기
/의정부중등과외/,/장암동중등과외/,장암동중등과외,C:/Projects/studyhub/output/의정부중등과외/index.html,하위 페이지 더 보기
/의정부중등과외/,/호원동중등과외/,호원동중등과외,C:/Projects/studyhub/output/의정부중등과외/index.html,하위 페이지 더 보기
/의정부중등수학과외/,/용현동중등수학과외/,용현동중등수학과외,C:/Projects/studyhub/output/의정부중등수학과외/index.html,하위 페이지 더 보기
/의정부중등수학과외/,/의정부동중등수학과외/,의정부동중등수학과외,C:/Projects/studyhub/output/의정부중등수학과외/index.html,하위 페이지 더 보기
/의정부중등수학과외/,/장암동중등수학과외/,장암동중등수학과외,C:/Projects/studyhub/output/의정부중등수학과외/index.html,하위 페이지 더 보기
/의정부중등수학과외/,/호원동중등수학과외/,호원동중등수학과외,C:/Projects/studyhub/output/의정부중등수학과외/index.html,하위 페이지 더 보기
/의정부중등영어과외/,/용현동중등영어과외/,용현동중등영어과외,C:/Projects/studyhub/output/의정부중등영어과외/index.html,하위 페이지 더 보기
/의정부중등영어과외/,/의정부동중등영어과외/,의정부동중등영어과외,C:/Projects/studyhub/output/의정부중등영어과외/index.html,하위 페이지 더 보기
/의정부중등영어과외/,/장암동중등영어과외/,장암동중등영어과외,C:/Projects/studyhub/output/의정부중등영어과외/index.html,하위 페이지 더 보기
/의정부중등영어과외/,/호원동중등영어과외/,호원동중등영어과외,C:/Projects/studyhub/output/의정부중등영어과외/index.html,하위 페이지 더 보기
/의정부초등과외/,/용현동초등과외/,용현동초등과외,C:/Projects/studyhub/output/의정부초등과외/index.html,하위 페이지 더 보기
/의정부초등과외/,/의정부동초등과외/,의정부동초등과외,C:/Projects/studyhub/output/의정부초등과외/index.html,하위 페이지 더 보기
/의정부초등과외/,/장암동초등과외/,장암동초등과외,C:/Projects/studyhub/output/의정부초등과외/index.html,하위 페이지 더 보기
/의정부초등과외/,/호원동초등과외/,호원동초등과외,C:/Projects/studyhub/output/의정부초등과외/index.html,하위 페이지 더 보기
/의정부초등수학과외/,/용현동초등수학과외/,용현동초등수학과외,C:/Projects/studyhub/output/의정부초등수학과외/index.html,하위 페이지 더 보기
/의정부초등수학과외/,/의정부동초등수학과외/,의정부동초등수학과외,C:/Projects/studyhub/output/의정부초등수학과외/index.html,하위 페이지 더 보기
/의정부초등수학과외/,/장암동초등수학과외/,장암동초등수학과외,C:/Projects/studyhub/output/의정부초등수학과외/index.html,하위 페이지 더 보기
/의정부초등수학과외/,/호원동초등수학과외/,호원동초등수학과외,C:/Projects/studyhub/output/의정부초등수학과외/index.html,하위 페이지 더 보기
/의정부초등영어과외/,/용현동초등영어과외/,용현동초등영어과외,C:/Projects/studyhub/output/의정부초등영어과외/index.html,하위 페이지 더 보기
/의정부초등영어과외/,/의정부동초등영어과외/,의정부동초등영어과외,C:/Projects/studyhub/output/의정부초등영어과외/index.html,하위 페이지 더 보기
/의정부초등영어과외/,/장암동초등영어과외/,장암동초등영어과외,C:/Projects/studyhub/output/의정부초등영어과외/index.html,하위 페이지 더 보기
/의정부초등영어과외/,/호원동초등영어과외/,호원동초등영어과외,C:/Projects/studyhub/output/의정부초등영어과외/index.html,하위 페이지 더 보기
/인천고등과외/,/서구고등과외/,서구고등과외,C:/Projects/studyhub/output/인천고등과외/index.html,하위 페이지 더 보기
/인천고등과외/,/연수구고등과외/,연수구고등과외,C:/Projects/studyhub/output/인천고등과외/index.html,하위 페이지 더 보기
/인천고등수학과외/,/서구고등수학과외/,서구고등수학과외,C:/Projects/studyhub/output/인천고등수학과외/index.html,하위 페이지 더 보기
/인천고등수학과외/,/연수구고등수학과외/,연수구고등수학과외,C:/Projects/studyhub/output/인천고등수학과외/index.html,하위 페이지 더 보기
/인천고등영어과외/,/서구고등영어과외/,서구고등영어과외,C:/Projects/studyhub/output/인천고등영어과외/index.html,하위 페이지 더 보기
/인천고등영어과외/,/연수구고등영어과외/,연수구고등영어과외,C:/Projects/studyhub/output/인천고등영어과외/index.html,하위 페이지 더 보기
/인천과외/,/대전과외/서구과외/,서구과외,C:/Projects/studyhub/output/인천과외/index.html,하위 페이지 더 보기
/인천과외/,/인천과외/연수구과외/,연수구과외,C:/Projects/studyhub/output/인천과외/index.html,하위 페이지 더 보기
/인천수학과외/,/서구수학과외/,서구수학과외,C:/Projects/studyhub/output/인천수학과외/index.html,하위 페이지 더 보기
/인천수학과외/,/연수구수학과외/,연수구수학과외,C:/Projects/studyhub/output/인천수학과외/index.html,하위 페이지 더 보기
/인천영어과외/,/서구영어과외/,서구영어과외,C:/Projects/studyhub/output/인천영어과외/index.html,하위 페이지 더 보기
/인천영어과외/,/연수구영어과외/,연수구영어과외,C:/Projects/studyhub/output/인천영어과외/index.html,하위 페이지 더 보기
/인천중등과외/,/서구중등과외/,서구중등과외,C:/Projects/studyhub/output/인천중등과외/index.html,하위 페이지 더 보기
/인천중등과외/,/연수구중등과외/,연수구중등과외,C:/Projects/studyhub/output/인천중등과외/index.html,하위 페이지 더 보기
/인천중등수학과외/,/서구중등수학과외/,서구중등수학과외,C:/Projects/studyhub/output/인천중등수학과외/index.html,하위 페이지 더 보기
/인천중등수학과외/,/연수구중등수학과외/,연수구중등수학과외,C:/Projects/studyhub/output/인천중등수학과외/index.html,하위 페이지 더 보기
/인천중등영어과외/,/서구중등영어과외/,서구중등영어과외,C:/Projects/studyhub/output/인천중등영어과외/index.html,하위 페이지 더 보기
/인천중등영어과외/,/연수구중등영어과외/,연수구중등영어과외,C:/Projects/studyhub/output/인천중등영어과외/index.html,하위 페이지 더 보기
/인천초등과외/,/서구초등과외/,서구초등과외,C:/Projects/studyhub/output/인천초등과외/index.html,하위 페이지 더 보기
/인천초등과외/,/연수구초등과외/,연수구초등과외,C:/Projects/studyhub/output/인천초등과외/index.html,하위 페이지 더 보기
/인천초등수학과외/,/서구초등수학과외/,서구초등수학과외,C:/Projects/studyhub/output/인천초등수학과외/index.html,하위 페이지 더 보기
/인천초등수학과외/,/연수구초등수학과외/,연수구초등수학과외,C:/Projects/studyhub/output/인천초등수학과외/index.html,하위 페이지 더 보기
/인천초등영어과외/,/서구초등영어과외/,서구초등영어과외,C:/Projects/studyhub/output/인천초등영어과외/index.html,하위 페이지 더 보기
/인천초등영어과외/,/연수구초등영어과외/,연수구초등영어과외,C:/Projects/studyhub/output/인천초등영어과외/index.html,하위 페이지 더 보기
/일산동구고등과외/,/정발산동고등과외/,정발산동고등과외,C:/Projects/studyhub/output/일산동구고등과외/index.html,하위 페이지 더 보기
/일산동구고등수학과외/,/정발산동고등수학과외/,정발산동고등수학과외,C:/Projects/studyhub/output/일산동구고등수학과외/index.html,하위 페이지 더 보기
/일산동구고등영어과외/,/정발산동고등영어과외/,정발산동고등영어과외,C:/Projects/studyhub/output/일산동구고등영어과외/index.html,하위 페이지 더 보기
/일산동구과외/,/정발산동과외/,정발산동과외,C:/Projects/studyhub/output/일산동구과외/index.html,하위 페이지 더 보기
/일산동구수학과외/,/정발산동수학과외/,정발산동수학과외,C:/Projects/studyhub/output/일산동구수학과외/index.html,하위 페이지 더 보기
/일산동구영어과외/,/정발산동영어과외/,정발산동영어과외,C:/Projects/studyhub/output/일산동구영어과외/index.html,하위 페이지 더 보기
/일산동구중등과외/,/정발산동중등과외/,정발산동중등과외,C:/Projects/studyhub/output/일산동구중등과외/index.html,하위 페이지 더 보기
/일산동구중등수학과외/,/정발산동중등수학과외/,정발산동중등수학과외,C:/Projects/studyhub/output/일산동구중등수학과외/index.html,하위 페이지 더 보기
/일산동구중등영어과외/,/정발산동중등영어과외/,정발산동중등영어과외,C:/Projects/studyhub/output/일산동구중등영어과외/index.html,하위 페이지 더 보기
/일산동구초등과외/,/정발산동초등과외/,정발산동초등과외,C:/Projects/studyhub/output/일산동구초등과외/index.html,하위 페이지 더 보기
/일산동구초등수학과외/,/정발산동초등수학과외/,정발산동초등수학과외,C:/Projects/studyhub/output/일산동구초등수학과외/index.html,하위 페이지 더 보기
/일산동구초등영어과외/,/정발산동초등영어과외/,정발산동초등영어과외,C:/Projects/studyhub/output/일산동구초등영어과외/index.html,하위 페이지 더 보기
/전국과외/,/강원과외/,강원과외,C:/Projects/studyhub/output/전국과외/index.html,하위 페이지 더 보기
/전국과외/,/경기도과외/,경기도과외,C:/Projects/studyhub/output/전국과외/index.html,하위 페이지 더 보기
/전국과외/,/경남과외/,경남과외,C:/Projects/studyhub/output/전국과외/index.html,하위 페이지 더 보기
/전국과외/,/경북과외/,경북과외,C:/Projects/studyhub/output/전국과외/index.html,하위 페이지 더 보기
/전국과외/,/고등수학과외/,고등수학과외,C:/Projects/studyhub/output/전국과외/index.html,하위 페이지 더 보기
/전국과외/,/고등영어과외/,고등영어과외,C:/Projects/studyhub/output/전국과외/index.html,하위 페이지 더 보기
/전국과외/,/광주과외/,광주과외,C:/Projects/studyhub/output/전국과외/index.html,하위 페이지 더 보기
/전국과외/,/대전과외/,대전과외,C:/Projects/studyhub/output/전국과외/index.html,하위 페이지 더 보기
/전국과외/,/세종과외/,세종과외,C:/Projects/studyhub/output/전국과외/index.html,하위 페이지 더 보기
/전국과외/,/울산과외/,울산과외,C:/Projects/studyhub/output/전국과외/index.html,하위 페이지 더 보기
/전국과외/,/전남과외/,전남과외,C:/Projects/studyhub/output/전국과외/index.html,하위 페이지 더 보기
/전국과외/,/전북과외/,전북과외,C:/Projects/studyhub/output/전국과외/index.html,하위 페이지 더 보기
/전국과외/,/제주과외/,제주과외,C:/Projects/studyhub/output/전국과외/index.html,하위 페이지 더 보기
/전국과외/,/중등수학과외/,중등수학과외,C:/Projects/studyhub/output/전국과외/index.html,하위 페이지 더 보기
/전국과외/,/중등영어과외/,중등영어과외,C:/Projects/studyhub/output/전국과외/index.html,하위 페이지 더 보기
/전국과외/,/초등수학과외/,초등수학과외,C:/Projects/studyhub/output/전국과외/index.html,하위 페이지 더 보기
/전국과외/,/초등영어과외/,초등영어과외,C:/Projects/studyhub/output/전국과외/index.html,하위 페이지 더 보기
/전국과외/,/충남과외/,충남과외,C:/Projects/studyhub/output/전국과외/index.html,하위 페이지 더 보기
/전국과외/,/충북과외/,충북과외,C:/Projects/studyhub/output/전국과외/index.html,하위 페이지 더 보기
/전주고등과외/,/우아동고등과외/,우아동고등과외,C:/Projects/studyhub/output/전주고등과외/index.html,하위 페이지 더 보기
/전주고등과외/,/인후동고등과외/,인후동고등과외,C:/Projects/studyhub/output/전주고등과외/index.html,하위 페이지 더 보기
/전주고등과외/,/중화산동고등과외/,중화산동고등과외,C:/Projects/studyhub/output/전주고등과외/index.html,하위 페이지 더 보기
/전주고등과외/,/평화동고등과외/,평화동고등과외,C:/Projects/studyhub/output/전주고등과외/index.html,하위 페이지 더 보기
/전주고등과외/,/효천지구고등과외/,효천지구고등과외,C:/Projects/studyhub/output/전주고등과외/index.html,하위 페이지 더 보기
/전주고등수학과외/,/우아동고등수학과외/,우아동고등수학과외,C:/Projects/studyhub/output/전주고등수학과외/index.html,하위 페이지 더 보기
/전주고등수학과외/,/인후동고등수학과외/,인후동고등수학과외,C:/Projects/studyhub/output/전주고등수학과외/index.html,하위 페이지 더 보기
/전주고등수학과외/,/중화산동고등수학과외/,중화산동고등수학과외,C:/Projects/studyhub/output/전주고등수학과외/index.html,하위 페이지 더 보기
/전주고등수학과외/,/평화동고등수학과외/,평화동고등수학과외,C:/Projects/studyhub/output/전주고등수학과외/index.html,하위 페이지 더 보기
/전주고등수학과외/,/효천지구고등수학과외/,효천지구고등수학과외,C:/Projects/studyhub/output/전주고등수학과외/index.html,하위 페이지 더 보기
/전주고등영어과외/,/우아동고등영어과외/,우아동고등영어과외,C:/Projects/studyhub/output/전주고등영어과외/index.html,하위 페이지 더 보기
/전주고등영어과외/,/인후동고등영어과외/,인후동고등영어과외,C:/Projects/studyhub/output/전주고등영어과외/index.html,하위 페이지 더 보기
/전주고등영어과외/,/중화산동고등영어과외/,중화산동고등영어과외,C:/Projects/studyhub/output/전주고등영어과외/index.html,하위 페이지 더 보기
/전주고등영어과외/,/평화동고등영어과외/,평화동고등영어과외,C:/Projects/studyhub/output/전주고등영어과외/index.html,하위 페이지 더 보기
/전주고등영어과외/,/효천지구고등영어과외/,효천지구고등영어과외,C:/Projects/studyhub/output/전주고등영어과외/index.html,하위 페이지 더 보기
/전주과외/,/우아동과외/,우아동과외,C:/Projects/studyhub/output/전주과외/index.html,하위 페이지 더 보기
/전주과외/,/인후동과외/,인후동과외,C:/Projects/studyhub/output/전주과외/index.html,하위 페이지 더 보기
/전주과외/,/중화산동과외/,중화산동과외,C:/Projects/studyhub/output/전주과외/index.html,하위 페이지 더 보기
/전주과외/,/평화동과외/,평화동과외,C:/Projects/studyhub/output/전주과외/index.html,하위 페이지 더 보기
/전주과외/,/효천지구과외/,효천지구과외,C:/Projects/studyhub/output/전주과외/index.html,하위 페이지 더 보기
/전주수학과외/,/우아동수학과외/,우아동수학과외,C:/Projects/studyhub/output/전주수학과외/index.html,하위 페이지 더 보기
/전주수학과외/,/인후동수학과외/,인후동수학과외,C:/Projects/studyhub/output/전주수학과외/index.html,하위 페이지 더 보기
/전주수학과외/,/중화산동수학과외/,중화산동수학과외,C:/Projects/studyhub/output/전주수학과외/index.html,하위 페이지 더 보기
/전주수학과외/,/평화동수학과외/,평화동수학과외,C:/Projects/studyhub/output/전주수학과외/index.html,하위 페이지 더 보기
/전주수학과외/,/효천지구수학과외/,효천지구수학과외,C:/Projects/studyhub/output/전주수학과외/index.html,하위 페이지 더 보기
/전주영어과외/,/우아동영어과외/,우아동영어과외,C:/Projects/studyhub/output/전주영어과외/index.html,하위 페이지 더 보기
/전주영어과외/,/인후동영어과외/,인후동영어과외,C:/Projects/studyhub/output/전주영어과외/index.html,하위 페이지 더 보기
/전주영어과외/,/중화산동영어과외/,중화산동영어과외,C:/Projects/studyhub/output/전주영어과외/index.html,하위 페이지 더 보기
/전주영어과외/,/평화동영어과외/,평화동영어과외,C:/Projects/studyhub/output/전주영어과외/index.html,하위 페이지 더 보기
/전주영어과외/,/효천지구영어과외/,효천지구영어과외,C:/Projects/studyhub/output/전주영어과외/index.html,하위 페이지 더 보기
/전주중등과외/,/우아동중등과외/,우아동중등과외,C:/Projects/studyhub/output/전주중등과외/index.html,하위 페이지 더 보기
/전주중등과외/,/인후동중등과외/,인후동중등과외,C:/Projects/studyhub/output/전주중등과외/index.html,하위 페이지 더 보기
/전주중등과외/,/중화산동중등과외/,중화산동중등과외,C:/Projects/studyhub/output/전주중등과외/index.html,하위 페이지 더 보기
/전주중등과외/,/평화동중등과외/,평화동중등과외,C:/Projects/studyhub/output/전주중등과외/index.html,하위 페이지 더 보기
/전주중등과외/,/효천지구중등과외/,효천지구중등과외,C:/Projects/studyhub/output/전주중등과외/index.html,하위 페이지 더 보기
/전주중등수학과외/,/우아동중등수학과외/,우아동중등수학과외,C:/Projects/studyhub/output/전주중등수학과외/index.html,하위 페이지 더 보기
/전주중등수학과외/,/인후동중등수학과외/,인후동중등수학과외,C:/Projects/studyhub/output/전주중등수학과외/index.html,하위 페이지 더 보기
/전주중등수학과외/,/중화산동중등수학과외/,중화산동중등수학과외,C:/Projects/studyhub/output/전주중등수학과외/index.html,하위 페이지 더 보기
/전주중등수학과외/,/평화동중등수학과외/,평화동중등수학과외,C:/Projects/studyhub/output/전주중등수학과외/index.html,하위 페이지 더 보기
/전주중등수학과외/,/효천지구중등수학과외/,효천지구중등수학과외,C:/Projects/studyhub/output/전주중등수학과외/index.html,하위 페이지 더 보기
/전주중등영어과외/,/우아동중등영어과외/,우아동중등영어과외,C:/Projects/studyhub/output/전주중등영어과외/index.html,하위 페이지 더 보기
/전주중등영어과외/,/인후동중등영어과외/,인후동중등영어과외,C:/Projects/studyhub/output/전주중등영어과외/index.html,하위 페이지 더 보기
/전주중등영어과외/,/중화산동중등영어과외/,중화산동중등영어과외,C:/Projects/studyhub/output/전주중등영어과외/index.html,하위 페이지 더 보기
/전주중등영어과외/,/평화동중등영어과외/,평화동중등영어과외,C:/Projects/studyhub/output/전주중등영어과외/index.html,하위 페이지 더 보기
/전주중등영어과외/,/효천지구중등영어과외/,효천지구중등영어과외,C:/Projects/studyhub/output/전주중등영어과외/index.html,하위 페이지 더 보기
/전주초등과외/,/우아동초등과외/,우아동초등과외,C:/Projects/studyhub/output/전주초등과외/index.html,하위 페이지 더 보기
/전주초등과외/,/인후동초등과외/,인후동초등과외,C:/Projects/studyhub/output/전주초등과외/index.html,하위 페이지 더 보기
/전주초등과외/,/중화산동초등과외/,중화산동초등과외,C:/Projects/studyhub/output/전주초등과외/index.html,하위 페이지 더 보기
/전주초등과외/,/평화동초등과외/,평화동초등과외,C:/Projects/studyhub/output/전주초등과외/index.html,하위 페이지 더 보기
/전주초등과외/,/효천지구초등과외/,효천지구초등과외,C:/Projects/studyhub/output/전주초등과외/index.html,하위 페이지 더 보기
/전주초등수학과외/,/우아동초등수학과외/,우아동초등수학과외,C:/Projects/studyhub/output/전주초등수학과외/index.html,하위 페이지 더 보기
/전주초등수학과외/,/인후동초등수학과외/,인후동초등수학과외,C:/Projects/studyhub/output/전주초등수학과외/index.html,하위 페이지 더 보기
/전주초등수학과외/,/중화산동초등수학과외/,중화산동초등수학과외,C:/Projects/studyhub/output/전주초등수학과외/index.html,하위 페이지 더 보기
/전주초등수학과외/,/평화동초등수학과외/,평화동초등수학과외,C:/Projects/studyhub/output/전주초등수학과외/index.html,하위 페이지 더 보기
/전주초등수학과외/,/효천지구초등수학과외/,효천지구초등수학과외,C:/Projects/studyhub/output/전주초등수학과외/index.html,하위 페이지 더 보기
/전주초등영어과외/,/우아동초등영어과외/,우아동초등영어과외,C:/Projects/studyhub/output/전주초등영어과외/index.html,하위 페이지 더 보기
/전주초등영어과외/,/인후동초등영어과외/,인후동초등영어과외,C:/Projects/studyhub/output/전주초등영어과외/index.html,하위 페이지 더 보기
/전주초등영어과외/,/중화산동초등영어과외/,중화산동초등영어과외,C:/Projects/studyhub/output/전주초등영어과외/index.html,하위 페이지 더 보기
/전주초등영어과외/,/평화동초등영어과외/,평화동초등영어과외,C:/Projects/studyhub/output/전주초등영어과외/index.html,하위 페이지 더 보기
/전주초등영어과외/,/효천지구초등영어과외/,효천지구초등영어과외,C:/Projects/studyhub/output/전주초등영어과외/index.html,하위 페이지 더 보기
/중등과외/,/강원중등과외/,강원중등과외,C:/Projects/studyhub/output/중등과외/index.html,하위 페이지 더 보기
/중등과외/,/경북중등과외/,경북중등과외,C:/Projects/studyhub/output/중등과외/index.html,하위 페이지 더 보기
/중등과외/,/광주중등과외/,광주중등과외,C:/Projects/studyhub/output/중등과외/index.html,하위 페이지 더 보기
/중등과외/,/대구중등과외/,대구중등과외,C:/Projects/studyhub/output/중등과외/index.html,하위 페이지 더 보기
/중등과외/,/대전중등과외/,대전중등과외,C:/Projects/studyhub/output/중등과외/index.html,하위 페이지 더 보기
/중등과외/,/세종중등과외/,세종중등과외,C:/Projects/studyhub/output/중등과외/index.html,하위 페이지 더 보기
/중등과외/,/울산중등과외/,울산중등과외,C:/Projects/studyhub/output/중등과외/index.html,하위 페이지 더 보기
/중등과외/,/전북중등과외/,전북중등과외,C:/Projects/studyhub/output/중등과외/index.html,하위 페이지 더 보기
/중등과외/,/충남중등과외/,충남중등과외,C:/Projects/studyhub/output/중등과외/index.html,하위 페이지 더 보기
/중등과외/,/충북중등과외/,충북중등과외,C:/Projects/studyhub/output/중등과외/index.html,하위 페이지 더 보기
/중등수학과외/,/강원중등수학과외/,강원중등수학과외,C:/Projects/studyhub/output/중등수학과외/index.html,하위 페이지 더 보기
/중등수학과외/,/경기도중등수학과외/,경기도중등수학과외,C:/Projects/studyhub/output/중등수학과외/index.html,하위 페이지 더 보기
/중등수학과외/,/경북중등수학과외/,경북중등수학과외,C:/Projects/studyhub/output/중등수학과외/index.html,하위 페이지 더 보기
/중등수학과외/,/광주중등수학과외/,광주중등수학과외,C:/Projects/studyhub/output/중등수학과외/index.html,하위 페이지 더 보기
/중등수학과외/,/대전중등수학과외/,대전중등수학과외,C:/Projects/studyhub/output/중등수학과외/index.html,하위 페이지 더 보기
/중등수학과외/,/세종중등수학과외/,세종중등수학과외,C:/Projects/studyhub/output/중등수학과외/index.html,하위 페이지 더 보기
/중등수학과외/,/울산중등수학과외/,울산중등수학과외,C:/Projects/studyhub/output/중등수학과외/index.html,하위 페이지 더 보기
/중등수학과외/,/전북중등수학과외/,전북중등수학과외,C:/Projects/studyhub/output/중등수학과외/index.html,하위 페이지 더 보기
/중등수학과외/,/충남중등수학과외/,충남중등수학과외,C:/Projects/studyhub/output/중등수학과외/index.html,하위 페이지 더 보기
/중등수학과외/,/충북중등수학과외/,충북중등수학과외,C:/Projects/studyhub/output/중등수학과외/index.html,하위 페이지 더 보기
/중등영어과외/,/강원중등영어과외/,강원중등영어과외,C:/Projects/studyhub/output/중등영어과외/index.html,하위 페이지 더 보기
/중등영어과외/,/경기도중등영어과외/,경기도중등영어과외,C:/Projects/studyhub/output/중등영어과외/index.html,하위 페이지 더 보기
/중등영어과외/,/경북중등영어과외/,경북중등영어과외,C:/Projects/studyhub/output/중등영어과외/index.html,하위 페이지 더 보기
/중등영어과외/,/광주중등영어과외/,광주중등영어과외,C:/Projects/studyhub/output/중등영어과외/index.html,하위 페이지 더 보기
/중등영어과외/,/대전중등영어과외/,대전중등영어과외,C:/Projects/studyhub/output/중등영어과외/index.html,하위 페이지 더 보기
/중등영어과외/,/세종중등영어과외/,세종중등영어과외,C:/Projects/studyhub/output/중등영어과외/index.html,하위 페이지 더 보기
/중등영어과외/,/울산중등영어과외/,울산중등영어과외,C:/Projects/studyhub/output/중등영어과외/index.html,하위 페이지 더 보기
/중등영어과외/,/전북중등영어과외/,전북중등영어과외,C:/Projects/studyhub/output/중등영어과외/index.html,하위 페이지 더 보기
/중등영어과외/,/충남중등영어과외/,충남중등영어과외,C:/Projects/studyhub/output/중등영어과외/index.html,하위 페이지 더 보기
/중등영어과외/,/충북중등영어과외/,충북중등영어과외,C:/Projects/studyhub/output/중등영어과외/index.html,하위 페이지 더 보기
/중랑구고등과외/,/중화동고등과외/,중화동고등과외,C:/Projects/studyhub/output/중랑구고등과외/index.html,하위 페이지 더 보기
/중랑구고등과외/,/황학동고등과외/,황학동고등과외,C:/Projects/studyhub/output/중랑구고등과외/index.html,하위 페이지 더 보기
/중랑구고등수학과외/,/중화동고등수학과외/,중화동고등수학과외,C:/Projects/studyhub/output/중랑구고등수학과외/index.html,하위 페이지 더 보기
/중랑구고등수학과외/,/황학동고등수학과외/,황학동고등수학과외,C:/Projects/studyhub/output/중랑구고등수학과외/index.html,하위 페이지 더 보기
/중랑구고등영어과외/,/중화동고등영어과외/,중화동고등영어과외,C:/Projects/studyhub/output/중랑구고등영어과외/index.html,하위 페이지 더 보기
/중랑구고등영어과외/,/황학동고등영어과외/,황학동고등영어과외,C:/Projects/studyhub/output/중랑구고등영어과외/index.html,하위 페이지 더 보기
/중랑구과외/,/중화동과외/,중화동과외,C:/Projects/studyhub/output/중랑구과외/index.html,하위 페이지 더 보기
/중랑구과외/,/황학동과외/,황학동과외,C:/Projects/studyhub/output/중랑구과외/index.html,하위 페이지 더 보기
/중랑구수학과외/,/중화동수학과외/,중화동수학과외,C:/Projects/studyhub/output/중랑구수학과외/index.html,하위 페이지 더 보기
/중랑구수학과외/,/황학동수학과외/,황학동수학과외,C:/Projects/studyhub/output/중랑구수학과외/index.html,하위 페이지 더 보기
/중랑구영어과외/,/중화동영어과외/,중화동영어과외,C:/Projects/studyhub/output/중랑구영어과외/index.html,하위 페이지 더 보기
/중랑구영어과외/,/황학동영어과외/,황학동영어과외,C:/Projects/studyhub/output/중랑구영어과외/index.html,하위 페이지 더 보기
/중랑구중등과외/,/중화동중등과외/,중화동중등과외,C:/Projects/studyhub/output/중랑구중등과외/index.html,하위 페이지 더 보기
/중랑구중등과외/,/황학동중등과외/,황학동중등과외,C:/Projects/studyhub/output/중랑구중등과외/index.html,하위 페이지 더 보기
/중랑구중등수학과외/,/중화동중등수학과외/,중화동중등수학과외,C:/Projects/studyhub/output/중랑구중등수학과외/index.html,하위 페이지 더 보기
/중랑구중등수학과외/,/황학동중등수학과외/,황학동중등수학과외,C:/Projects/studyhub/output/중랑구중등수학과외/index.html,하위 페이지 더 보기
/중랑구중등영어과외/,/중화동중등영어과외/,중화동중등영어과외,C:/Projects/studyhub/output/중랑구중등영어과외/index.html,하위 페이지 더 보기
/중랑구중등영어과외/,/황학동중등영어과외/,황학동중등영어과외,C:/Projects/studyhub/output/중랑구중등영어과외/index.html,하위 페이지 더 보기
/중랑구초등과외/,/중화동초등과외/,중화동초등과외,C:/Projects/studyhub/output/중랑구초등과외/index.html,하위 페이지 더 보기
/중랑구초등과외/,/황학동초등과외/,황학동초등과외,C:/Projects/studyhub/output/중랑구초등과외/index.html,하위 페이지 더 보기
/중랑구초등수학과외/,/중화동초등수학과외/,중화동초등수학과외,C:/Projects/studyhub/output/중랑구초등수학과외/index.html,하위 페이지 더 보기
/중랑구초등수학과외/,/황학동초등수학과외/,황학동초등수학과외,C:/Projects/studyhub/output/중랑구초등수학과외/index.html,하위 페이지 더 보기
/중랑구초등영어과외/,/중화동초등영어과외/,중화동초등영어과외,C:/Projects/studyhub/output/중랑구초등영어과외/index.html,하위 페이지 더 보기
/중랑구초등영어과외/,/황학동초등영어과외/,황학동초등영어과외,C:/Projects/studyhub/output/중랑구초등영어과외/index.html,하위 페이지 더 보기
/천안고등과외/,/불당동고등과외/,불당동고등과외,C:/Projects/studyhub/output/천안고등과외/index.html,하위 페이지 더 보기
/천안고등과외/,/쌍용동고등과외/,쌍용동고등과외,C:/Projects/studyhub/output/천안고등과외/index.html,하위 페이지 더 보기
/천안고등과외/,/용곡동고등과외/,용곡동고등과외,C:/Projects/studyhub/output/천안고등과외/index.html,하위 페이지 더 보기
/천안고등과외/,/청당동고등과외/,청당동고등과외,C:/Projects/studyhub/output/천안고등과외/index.html,하위 페이지 더 보기
/천안고등과외/,/청수동고등과외/,청수동고등과외,C:/Projects/studyhub/output/천안고등과외/index.html,하위 페이지 더 보기
/천안고등수학과외/,/신부동고등수학과외/,신부동고등수학과외,C:/Projects/studyhub/output/천안고등수학과외/index.html,하위 페이지 더 보기
/천안고등수학과외/,/쌍용동고등수학과외/,쌍용동고등수학과외,C:/Projects/studyhub/output/천안고등수학과외/index.html,하위 페이지 더 보기
/천안고등수학과외/,/용곡동고등수학과외/,용곡동고등수학과외,C:/Projects/studyhub/output/천안고등수학과외/index.html,하위 페이지 더 보기
/천안고등수학과외/,/청당동고등수학과외/,청당동고등수학과외,C:/Projects/studyhub/output/천안고등수학과외/index.html,하위 페이지 더 보기
/천안고등수학과외/,/청수동고등수학과외/,청수동고등수학과외,C:/Projects/studyhub/output/천안고등수학과외/index.html,하위 페이지 더 보기
/천안고등영어과외/,/신부동고등영어과외/,신부동고등영어과외,C:/Projects/studyhub/output/천안고등영어과외/index.html,하위 페이지 더 보기
/천안고등영어과외/,/쌍용동고등영어과외/,쌍용동고등영어과외,C:/Projects/studyhub/output/천안고등영어과외/index.html,하위 페이지 더 보기
/천안고등영어과외/,/용곡동고등영어과외/,용곡동고등영어과외,C:/Projects/studyhub/output/천안고등영어과외/index.html,하위 페이지 더 보기
/천안고등영어과외/,/청당동고등영어과외/,청당동고등영어과외,C:/Projects/studyhub/output/천안고등영어과외/index.html,하위 페이지 더 보기
/천안고등영어과외/,/청수동고등영어과외/,청수동고등영어과외,C:/Projects/studyhub/output/천안고등영어과외/index.html,하위 페이지 더 보기
/천안과외/,/신부동과외/,신부동과외,C:/Projects/studyhub/output/천안과외/index.html,하위 페이지 더 보기
/천안과외/,/쌍용동과외/,쌍용동과외,C:/Projects/studyhub/output/천안과외/index.html,하위 페이지 더 보기
/천안과외/,/용곡동과외/,용곡동과외,C:/Projects/studyhub/output/천안과외/index.html,하위 페이지 더 보기
/천안과외/,/청당동과외/,청당동과외,C:/Projects/studyhub/output/천안과외/index.html,하위 페이지 더 보기
/천안과외/,/청수동과외/,청수동과외,C:/Projects/studyhub/output/천안과외/index.html,하위 페이지 더 보기
/천안수학과외/,/불당동수학과외/,불당동수학과외,C:/Projects/studyhub/output/천안수학과외/index.html,하위 페이지 더 보기
/천안수학과외/,/쌍용동수학과외/,쌍용동수학과외,C:/Projects/studyhub/output/천안수학과외/index.html,하위 페이지 더 보기
/천안수학과외/,/용곡동수학과외/,용곡동수학과외,C:/Projects/studyhub/output/천안수학과외/index.html,하위 페이지 더 보기
/천안수학과외/,/청당동수학과외/,청당동수학과외,C:/Projects/studyhub/output/천안수학과외/index.html,하위 페이지 더 보기
/천안수학과외/,/청수동수학과외/,청수동수학과외,C:/Projects/studyhub/output/천안수학과외/index.html,하위 페이지 더 보기
/천안영어과외/,/불당동영어과외/,불당동영어과외,C:/Projects/studyhub/output/천안영어과외/index.html,하위 페이지 더 보기
/천안영어과외/,/쌍용동영어과외/,쌍용동영어과외,C:/Projects/studyhub/output/천안영어과외/index.html,하위 페이지 더 보기
/천안영어과외/,/용곡동영어과외/,용곡동영어과외,C:/Projects/studyhub/output/천안영어과외/index.html,하위 페이지 더 보기
/천안영어과외/,/청당동영어과외/,청당동영어과외,C:/Projects/studyhub/output/천안영어과외/index.html,하위 페이지 더 보기
/천안영어과외/,/청수동영어과외/,청수동영어과외,C:/Projects/studyhub/output/천안영어과외/index.html,하위 페이지 더 보기
/천안중등과외/,/불당동중등과외/,불당동중등과외,C:/Projects/studyhub/output/천안중등과외/index.html,하위 페이지 더 보기
/천안중등과외/,/쌍용동중등과외/,쌍용동중등과외,C:/Projects/studyhub/output/천안중등과외/index.html,하위 페이지 더 보기
/천안중등과외/,/용곡동중등과외/,용곡동중등과외,C:/Projects/studyhub/output/천안중등과외/index.html,하위 페이지 더 보기
/천안중등과외/,/청당동중등과외/,청당동중등과외,C:/Projects/studyhub/output/천안중등과외/index.html,하위 페이지 더 보기
/천안중등과외/,/청수동중등과외/,청수동중등과외,C:/Projects/studyhub/output/천안중등과외/index.html,하위 페이지 더 보기
/천안중등수학과외/,/신부동중등수학과외/,신부동중등수학과외,C:/Projects/studyhub/output/천안중등수학과외/index.html,하위 페이지 더 보기
/천안중등수학과외/,/쌍용동중등수학과외/,쌍용동중등수학과외,C:/Projects/studyhub/output/천안중등수학과외/index.html,하위 페이지 더 보기
/천안중등수학과외/,/용곡동중등수학과외/,용곡동중등수학과외,C:/Projects/studyhub/output/천안중등수학과외/index.html,하위 페이지 더 보기
/천안중등수학과외/,/청당동중등수학과외/,청당동중등수학과외,C:/Projects/studyhub/output/천안중등수학과외/index.html,하위 페이지 더 보기
/천안중등수학과외/,/청수동중등수학과외/,청수동중등수학과외,C:/Projects/studyhub/output/천안중등수학과외/index.html,하위 페이지 더 보기
/천안중등영어과외/,/신부동중등영어과외/,신부동중등영어과외,C:/Projects/studyhub/output/천안중등영어과외/index.html,하위 페이지 더 보기
/천안중등영어과외/,/쌍용동중등영어과외/,쌍용동중등영어과외,C:/Projects/studyhub/output/천안중등영어과외/index.html,하위 페이지 더 보기
/천안중등영어과외/,/용곡동중등영어과외/,용곡동중등영어과외,C:/Projects/studyhub/output/천안중등영어과외/index.html,하위 페이지 더 보기
/천안중등영어과외/,/청당동중등영어과외/,청당동중등영어과외,C:/Projects/studyhub/output/천안중등영어과외/index.html,하위 페이지 더 보기
/천안중등영어과외/,/청수동중등영어과외/,청수동중등영어과외,C:/Projects/studyhub/output/천안중등영어과외/index.html,하위 페이지 더 보기
/천안초등과외/,/불당동초등과외/,불당동초등과외,C:/Projects/studyhub/output/천안초등과외/index.html,하위 페이지 더 보기
/천안초등과외/,/쌍용동초등과외/,쌍용동초등과외,C:/Projects/studyhub/output/천안초등과외/index.html,하위 페이지 더 보기
/천안초등과외/,/용곡동초등과외/,용곡동초등과외,C:/Projects/studyhub/output/천안초등과외/index.html,하위 페이지 더 보기
/천안초등과외/,/청당동초등과외/,청당동초등과외,C:/Projects/studyhub/output/천안초등과외/index.html,하위 페이지 더 보기
/천안초등과외/,/청수동초등과외/,청수동초등과외,C:/Projects/studyhub/output/천안초등과외/index.html,하위 페이지 더 보기
/천안초등수학과외/,/신부동초등수학과외/,신부동초등수학과외,C:/Projects/studyhub/output/천안초등수학과외/index.html,하위 페이지 더 보기
/천안초등수학과외/,/쌍용동초등수학과외/,쌍용동초등수학과외,C:/Projects/studyhub/output/천안초등수학과외/index.html,하위 페이지 더 보기
/천안초등수학과외/,/용곡동초등수학과외/,용곡동초등수학과외,C:/Projects/studyhub/output/천안초등수학과외/index.html,하위 페이지 더 보기
/천안초등수학과외/,/청당동초등수학과외/,청당동초등수학과외,C:/Projects/studyhub/output/천안초등수학과외/index.html,하위 페이지 더 보기
/천안초등수학과외/,/청수동초등수학과외/,청수동초등수학과외,C:/Projects/studyhub/output/천안초등수학과외/index.html,하위 페이지 더 보기
/천안초등영어과외/,/신부동초등영어과외/,신부동초등영어과외,C:/Projects/studyhub/output/천안초등영어과외/index.html,하위 페이지 더 보기
/천안초등영어과외/,/쌍용동초등영어과외/,쌍용동초등영어과외,C:/Projects/studyhub/output/천안초등영어과외/index.html,하위 페이지 더 보기
/천안초등영어과외/,/용곡동초등영어과외/,용곡동초등영어과외,C:/Projects/studyhub/output/천안초등영어과외/index.html,하위 페이지 더 보기
/천안초등영어과외/,/청당동초등영어과외/,청당동초등영어과외,C:/Projects/studyhub/output/천안초등영어과외/index.html,하위 페이지 더 보기
/천안초등영어과외/,/청수동초등영어과외/,청수동초등영어과외,C:/Projects/studyhub/output/천안초등영어과외/index.html,하위 페이지 더 보기
/청주고등과외/,/내덕동고등과외/,내덕동고등과외,C:/Projects/studyhub/output/청주고등과외/index.html,하위 페이지 더 보기
/청주고등과외/,/모충동고등과외/,모충동고등과외,C:/Projects/studyhub/output/청주고등과외/index.html,하위 페이지 더 보기
/청주고등과외/,/문화동고등과외/,문화동고등과외,C:/Projects/studyhub/output/청주고등과외/index.html,하위 페이지 더 보기
/청주고등과외/,/방서동고등과외/,방서동고등과외,C:/Projects/studyhub/output/청주고등과외/index.html,하위 페이지 더 보기
/청주고등과외/,/복대동고등과외/,복대동고등과외,C:/Projects/studyhub/output/청주고등과외/index.html,하위 페이지 더 보기
/청주고등과외/,/봉명동고등과외/,봉명동고등과외,C:/Projects/studyhub/output/청주고등과외/index.html,하위 페이지 더 보기
/청주고등과외/,/분평동고등과외/,분평동고등과외,C:/Projects/studyhub/output/청주고등과외/index.html,하위 페이지 더 보기
/청주고등과외/,/비하동고등과외/,비하동고등과외,C:/Projects/studyhub/output/청주고등과외/index.html,하위 페이지 더 보기
/청주고등과외/,/사직동고등과외/,사직동고등과외,C:/Projects/studyhub/output/청주고등과외/index.html,하위 페이지 더 보기
/청주고등과외/,/사창동고등과외/,사창동고등과외,C:/Projects/studyhub/output/청주고등과외/index.html,하위 페이지 더 보기
/청주고등과외/,/사천동고등과외/,사천동고등과외,C:/Projects/studyhub/output/청주고등과외/index.html,하위 페이지 더 보기
/청주고등과외/,/산남동고등과외/,산남동고등과외,C:/Projects/studyhub/output/청주고등과외/index.html,하위 페이지 더 보기
/청주고등과외/,/상당구고등과외/,상당구고등과외,C:/Projects/studyhub/output/청주고등과외/index.html,하위 페이지 더 보기
/청주고등과외/,/성화동고등과외/,성화동고등과외,C:/Projects/studyhub/output/청주고등과외/index.html,하위 페이지 더 보기
/청주고등과외/,/수곡동고등과외/,수곡동고등과외,C:/Projects/studyhub/output/청주고등과외/index.html,하위 페이지 더 보기
/청주고등과외/,/오창읍고등과외/,오창읍고등과외,C:/Projects/studyhub/output/청주고등과외/index.html,하위 페이지 더 보기
/청주고등과외/,/용담동고등과외/,용담동고등과외,C:/Projects/studyhub/output/청주고등과외/index.html,하위 페이지 더 보기
/청주고등과외/,/용암동고등과외/,용암동고등과외,C:/Projects/studyhub/output/청주고등과외/index.html,하위 페이지 더 보기
/청주고등과외/,/용정동고등과외/,용정동고등과외,C:/Projects/studyhub/output/청주고등과외/index.html,하위 페이지 더 보기
/청주고등과외/,/율량동고등과외/,율량동고등과외,C:/Projects/studyhub/output/청주고등과외/index.html,하위 페이지 더 보기
/청주고등과외/,/주성동고등과외/,주성동고등과외,C:/Projects/studyhub/output/청주고등과외/index.html,하위 페이지 더 보기
/청주고등수학과외/,/내덕동고등수학과외/,내덕동고등수학과외,C:/Projects/studyhub/output/청주고등수학과외/index.html,하위 페이지 더 보기
/청주고등수학과외/,/모충동고등수학과외/,모충동고등수학과외,C:/Projects/studyhub/output/청주고등수학과외/index.html,하위 페이지 더 보기
/청주고등수학과외/,/문화동고등수학과외/,문화동고등수학과외,C:/Projects/studyhub/output/청주고등수학과외/index.html,하위 페이지 더 보기
/청주고등수학과외/,/방서동고등수학과외/,방서동고등수학과외,C:/Projects/studyhub/output/청주고등수학과외/index.html,하위 페이지 더 보기
/청주고등수학과외/,/복대동고등수학과외/,복대동고등수학과외,C:/Projects/studyhub/output/청주고등수학과외/index.html,하위 페이지 더 보기
/청주고등수학과외/,/봉명동고등수학과외/,봉명동고등수학과외,C:/Projects/studyhub/output/청주고등수학과외/index.html,하위 페이지 더 보기
/청주고등수학과외/,/분평동고등수학과외/,분평동고등수학과외,C:/Projects/studyhub/output/청주고등수학과외/index.html,하위 페이지 더 보기
/청주고등수학과외/,/비하동고등수학과외/,비하동고등수학과외,C:/Projects/studyhub/output/청주고등수학과외/index.html,하위 페이지 더 보기
/청주고등수학과외/,/사직동고등수학과외/,사직동고등수학과외,C:/Projects/studyhub/output/청주고등수학과외/index.html,하위 페이지 더 보기
/청주고등수학과외/,/사창동고등수학과외/,사창동고등수학과외,C:/Projects/studyhub/output/청주고등수학과외/index.html,하위 페이지 더 보기
/청주고등수학과외/,/사천동고등수학과외/,사천동고등수학과외,C:/Projects/studyhub/output/청주고등수학과외/index.html,하위 페이지 더 보기
/청주고등수학과외/,/산남동고등수학과외/,산남동고등수학과외,C:/Projects/studyhub/output/청주고등수학과외/index.html,하위 페이지 더 보기
/청주고등수학과외/,/상당구고등수학과외/,상당구고등수학과외,C:/Projects/studyhub/output/청주고등수학과외/index.html,하위 페이지 더 보기
/청주고등수학과외/,/성화동고등수학과외/,성화동고등수학과외,C:/Projects/studyhub/output/청주고등수학과외/index.html,하위 페이지 더 보기
/청주고등수학과외/,/수곡동고등수학과외/,수곡동고등수학과외,C:/Projects/studyhub/output/청주고등수학과외/index.html,하위 페이지 더 보기
/청주고등수학과외/,/오창읍고등수학과외/,오창읍고등수학과외,C:/Projects/studyhub/output/청주고등수학과외/index.html,하위 페이지 더 보기
/청주고등수학과외/,/용담동고등수학과외/,용담동고등수학과외,C:/Projects/studyhub/output/청주고등수학과외/index.html,하위 페이지 더 보기
/청주고등수학과외/,/용암동고등수학과외/,용암동고등수학과외,C:/Projects/studyhub/output/청주고등수학과외/index.html,하위 페이지 더 보기
/청주고등수학과외/,/용정동고등수학과외/,용정동고등수학과외,C:/Projects/studyhub/output/청주고등수학과외/index.html,하위 페이지 더 보기
/청주고등수학과외/,/율량동고등수학과외/,율량동고등수학과외,C:/Projects/studyhub/output/청주고등수학과외/index.html,하위 페이지 더 보기
/청주고등수학과외/,/주성동고등수학과외/,주성동고등수학과외,C:/Projects/studyhub/output/청주고등수학과외/index.html,하위 페이지 더 보기
/청주고등영어과외/,/내덕동고등영어과외/,내덕동고등영어과외,C:/Projects/studyhub/output/청주고등영어과외/index.html,하위 페이지 더 보기
/청주고등영어과외/,/모충동고등영어과외/,모충동고등영어과외,C:/Projects/studyhub/output/청주고등영어과외/index.html,하위 페이지 더 보기
/청주고등영어과외/,/문화동고등영어과외/,문화동고등영어과외,C:/Projects/studyhub/output/청주고등영어과외/index.html,하위 페이지 더 보기
/청주고등영어과외/,/방서동고등영어과외/,방서동고등영어과외,C:/Projects/studyhub/output/청주고등영어과외/index.html,하위 페이지 더 보기
/청주고등영어과외/,/복대동고등영어과외/,복대동고등영어과외,C:/Projects/studyhub/output/청주고등영어과외/index.html,하위 페이지 더 보기
/청주고등영어과외/,/봉명동고등영어과외/,봉명동고등영어과외,C:/Projects/studyhub/output/청주고등영어과외/index.html,하위 페이지 더 보기
/청주고등영어과외/,/분평동고등영어과외/,분평동고등영어과외,C:/Projects/studyhub/output/청주고등영어과외/index.html,하위 페이지 더 보기
/청주고등영어과외/,/비하동고등영어과외/,비하동고등영어과외,C:/Projects/studyhub/output/청주고등영어과외/index.html,하위 페이지 더 보기
/청주고등영어과외/,/사직동고등영어과외/,사직동고등영어과외,C:/Projects/studyhub/output/청주고등영어과외/index.html,하위 페이지 더 보기
/청주고등영어과외/,/사창동고등영어과외/,사창동고등영어과외,C:/Projects/studyhub/output/청주고등영어과외/index.html,하위 페이지 더 보기
/청주고등영어과외/,/사천동고등영어과외/,사천동고등영어과외,C:/Projects/studyhub/output/청주고등영어과외/index.html,하위 페이지 더 보기
/청주고등영어과외/,/산남동고등영어과외/,산남동고등영어과외,C:/Projects/studyhub/output/청주고등영어과외/index.html,하위 페이지 더 보기
/청주고등영어과외/,/상당구고등영어과외/,상당구고등영어과외,C:/Projects/studyhub/output/청주고등영어과외/index.html,하위 페이지 더 보기
/청주고등영어과외/,/성화동고등영어과외/,성화동고등영어과외,C:/Projects/studyhub/output/청주고등영어과외/index.html,하위 페이지 더 보기
/청주고등영어과외/,/수곡동고등영어과외/,수곡동고등영어과외,C:/Projects/studyhub/output/청주고등영어과외/index.html,하위 페이지 더 보기
/청주고등영어과외/,/오창읍고등영어과외/,오창읍고등영어과외,C:/Projects/studyhub/output/청주고등영어과외/index.html,하위 페이지 더 보기
/청주고등영어과외/,/용담동고등영어과외/,용담동고등영어과외,C:/Projects/studyhub/output/청주고등영어과외/index.html,하위 페이지 더 보기
/청주고등영어과외/,/용암동고등영어과외/,용암동고등영어과외,C:/Projects/studyhub/output/청주고등영어과외/index.html,하위 페이지 더 보기
/청주고등영어과외/,/용정동고등영어과외/,용정동고등영어과외,C:/Projects/studyhub/output/청주고등영어과외/index.html,하위 페이지 더 보기
/청주고등영어과외/,/율량동고등영어과외/,율량동고등영어과외,C:/Projects/studyhub/output/청주고등영어과외/index.html,하위 페이지 더 보기
/청주고등영어과외/,/주성동고등영어과외/,주성동고등영어과외,C:/Projects/studyhub/output/청주고등영어과외/index.html,하위 페이지 더 보기
/청주과외/,/내덕동과외/,내덕동과외,C:/Projects/studyhub/output/청주과외/index.html,하위 페이지 더 보기
/청주과외/,/모충동과외/,모충동과외,C:/Projects/studyhub/output/청주과외/index.html,하위 페이지 더 보기
/청주과외/,/문화동과외/,문화동과외,C:/Projects/studyhub/output/청주과외/index.html,하위 페이지 더 보기
/청주과외/,/방서동과외/,방서동과외,C:/Projects/studyhub/output/청주과외/index.html,하위 페이지 더 보기
/청주과외/,/충북과외/청주시-흥덕구과외/복대동과외/,복대동과외,C:/Projects/studyhub/output/청주과외/index.html,하위 페이지 더 보기
/청주과외/,/봉명동과외/,봉명동과외,C:/Projects/studyhub/output/청주과외/index.html,하위 페이지 더 보기
/청주과외/,/분평동과외/,분평동과외,C:/Projects/studyhub/output/청주과외/index.html,하위 페이지 더 보기
/청주과외/,/비하동과외/,비하동과외,C:/Projects/studyhub/output/청주과외/index.html,하위 페이지 더 보기
/청주과외/,/사직동과외/,사직동과외,C:/Projects/studyhub/output/청주과외/index.html,하위 페이지 더 보기
/청주과외/,/사창동과외/,사창동과외,C:/Projects/studyhub/output/청주과외/index.html,하위 페이지 더 보기
/청주과외/,/사천동과외/,사천동과외,C:/Projects/studyhub/output/청주과외/index.html,하위 페이지 더 보기
/청주과외/,/산남동과외/,산남동과외,C:/Projects/studyhub/output/청주과외/index.html,하위 페이지 더 보기
/청주과외/,/상당구과외/,상당구과외,C:/Projects/studyhub/output/청주과외/index.html,하위 페이지 더 보기
/청주과외/,/성화동과외/,성화동과외,C:/Projects/studyhub/output/청주과외/index.html,하위 페이지 더 보기
/청주과외/,/수곡동과외/,수곡동과외,C:/Projects/studyhub/output/청주과외/index.html,하위 페이지 더 보기
/청주과외/,/오창읍과외/,오창읍과외,C:/Projects/studyhub/output/청주과외/index.html,하위 페이지 더 보기
/청주과외/,/용담동과외/,용담동과외,C:/Projects/studyhub/output/청주과외/index.html,하위 페이지 더 보기
/청주과외/,/용암동과외/,용암동과외,C:/Projects/studyhub/output/청주과외/index.html,하위 페이지 더 보기
/청주과외/,/용정동과외/,용정동과외,C:/Projects/studyhub/output/청주과외/index.html,하위 페이지 더 보기
/청주과외/,/율량동과외/,율량동과외,C:/Projects/studyhub/output/청주과외/index.html,하위 페이지 더 보기
/청주과외/,/주성동과외/,주성동과외,C:/Projects/studyhub/output/청주과외/index.html,하위 페이지 더 보기
/청주수학과외/,/내덕동수학과외/,내덕동수학과외,C:/Projects/studyhub/output/청주수학과외/index.html,하위 페이지 더 보기
/청주수학과외/,/모충동수학과외/,모충동수학과외,C:/Projects/studyhub/output/청주수학과외/index.html,하위 페이지 더 보기
/청주수학과외/,/문화동수학과외/,문화동수학과외,C:/Projects/studyhub/output/청주수학과외/index.html,하위 페이지 더 보기
/청주수학과외/,/방서동수학과외/,방서동수학과외,C:/Projects/studyhub/output/청주수학과외/index.html,하위 페이지 더 보기
/청주수학과외/,/복대동수학과외/,복대동수학과외,C:/Projects/studyhub/output/청주수학과외/index.html,하위 페이지 더 보기
/청주수학과외/,/봉명동수학과외/,봉명동수학과외,C:/Projects/studyhub/output/청주수학과외/index.html,하위 페이지 더 보기
/청주수학과외/,/분평동수학과외/,분평동수학과외,C:/Projects/studyhub/output/청주수학과외/index.html,하위 페이지 더 보기
/청주수학과외/,/비하동수학과외/,비하동수학과외,C:/Projects/studyhub/output/청주수학과외/index.html,하위 페이지 더 보기
/청주수학과외/,/사직동수학과외/,사직동수학과외,C:/Projects/studyhub/output/청주수학과외/index.html,하위 페이지 더 보기
/청주수학과외/,/사창동수학과외/,사창동수학과외,C:/Projects/studyhub/output/청주수학과외/index.html,하위 페이지 더 보기
/청주수학과외/,/사천동수학과외/,사천동수학과외,C:/Projects/studyhub/output/청주수학과외/index.html,하위 페이지 더 보기
/청주수학과외/,/산남동수학과외/,산남동수학과외,C:/Projects/studyhub/output/청주수학과외/index.html,하위 페이지 더 보기
/청주수학과외/,/상당구수학과외/,상당구수학과외,C:/Projects/studyhub/output/청주수학과외/index.html,하위 페이지 더 보기
/청주수학과외/,/성화동수학과외/,성화동수학과외,C:/Projects/studyhub/output/청주수학과외/index.html,하위 페이지 더 보기
/청주수학과외/,/수곡동수학과외/,수곡동수학과외,C:/Projects/studyhub/output/청주수학과외/index.html,하위 페이지 더 보기
/청주수학과외/,/오창읍수학과외/,오창읍수학과외,C:/Projects/studyhub/output/청주수학과외/index.html,하위 페이지 더 보기
/청주수학과외/,/용담동수학과외/,용담동수학과외,C:/Projects/studyhub/output/청주수학과외/index.html,하위 페이지 더 보기
/청주수학과외/,/용암동수학과외/,용암동수학과외,C:/Projects/studyhub/output/청주수학과외/index.html,하위 페이지 더 보기
/청주수학과외/,/용정동수학과외/,용정동수학과외,C:/Projects/studyhub/output/청주수학과외/index.html,하위 페이지 더 보기
/청주수학과외/,/율량동수학과외/,율량동수학과외,C:/Projects/studyhub/output/청주수학과외/index.html,하위 페이지 더 보기
/청주수학과외/,/주성동수학과외/,주성동수학과외,C:/Projects/studyhub/output/청주수학과외/index.html,하위 페이지 더 보기
/청주영어과외/,/내덕동영어과외/,내덕동영어과외,C:/Projects/studyhub/output/청주영어과외/index.html,하위 페이지 더 보기
/청주영어과외/,/모충동영어과외/,모충동영어과외,C:/Projects/studyhub/output/청주영어과외/index.html,하위 페이지 더 보기
/청주영어과외/,/문화동영어과외/,문화동영어과외,C:/Projects/studyhub/output/청주영어과외/index.html,하위 페이지 더 보기
/청주영어과외/,/방서동영어과외/,방서동영어과외,C:/Projects/studyhub/output/청주영어과외/index.html,하위 페이지 더 보기
/청주영어과외/,/복대동영어과외/,복대동영어과외,C:/Projects/studyhub/output/청주영어과외/index.html,하위 페이지 더 보기
/청주영어과외/,/봉명동영어과외/,봉명동영어과외,C:/Projects/studyhub/output/청주영어과외/index.html,하위 페이지 더 보기
/청주영어과외/,/분평동영어과외/,분평동영어과외,C:/Projects/studyhub/output/청주영어과외/index.html,하위 페이지 더 보기
/청주영어과외/,/비하동영어과외/,비하동영어과외,C:/Projects/studyhub/output/청주영어과외/index.html,하위 페이지 더 보기
/청주영어과외/,/사직동영어과외/,사직동영어과외,C:/Projects/studyhub/output/청주영어과외/index.html,하위 페이지 더 보기
/청주영어과외/,/사창동영어과외/,사창동영어과외,C:/Projects/studyhub/output/청주영어과외/index.html,하위 페이지 더 보기
/청주영어과외/,/사천동영어과외/,사천동영어과외,C:/Projects/studyhub/output/청주영어과외/index.html,하위 페이지 더 보기
/청주영어과외/,/산남동영어과외/,산남동영어과외,C:/Projects/studyhub/output/청주영어과외/index.html,하위 페이지 더 보기
/청주영어과외/,/상당구영어과외/,상당구영어과외,C:/Projects/studyhub/output/청주영어과외/index.html,하위 페이지 더 보기
/청주영어과외/,/성화동영어과외/,성화동영어과외,C:/Projects/studyhub/output/청주영어과외/index.html,하위 페이지 더 보기
/청주영어과외/,/수곡동영어과외/,수곡동영어과외,C:/Projects/studyhub/output/청주영어과외/index.html,하위 페이지 더 보기
/청주영어과외/,/오창읍영어과외/,오창읍영어과외,C:/Projects/studyhub/output/청주영어과외/index.html,하위 페이지 더 보기
/청주영어과외/,/용담동영어과외/,용담동영어과외,C:/Projects/studyhub/output/청주영어과외/index.html,하위 페이지 더 보기
/청주영어과외/,/용암동영어과외/,용암동영어과외,C:/Projects/studyhub/output/청주영어과외/index.html,하위 페이지 더 보기
/청주영어과외/,/용정동영어과외/,용정동영어과외,C:/Projects/studyhub/output/청주영어과외/index.html,하위 페이지 더 보기
/청주영어과외/,/율량동영어과외/,율량동영어과외,C:/Projects/studyhub/output/청주영어과외/index.html,하위 페이지 더 보기
/청주영어과외/,/주성동영어과외/,주성동영어과외,C:/Projects/studyhub/output/청주영어과외/index.html,하위 페이지 더 보기
/청주중등과외/,/내덕동중등과외/,내덕동중등과외,C:/Projects/studyhub/output/청주중등과외/index.html,하위 페이지 더 보기
/청주중등과외/,/모충동중등과외/,모충동중등과외,C:/Projects/studyhub/output/청주중등과외/index.html,하위 페이지 더 보기
/청주중등과외/,/문화동중등과외/,문화동중등과외,C:/Projects/studyhub/output/청주중등과외/index.html,하위 페이지 더 보기
/청주중등과외/,/방서동중등과외/,방서동중등과외,C:/Projects/studyhub/output/청주중등과외/index.html,하위 페이지 더 보기
/청주중등과외/,/복대동중등과외/,복대동중등과외,C:/Projects/studyhub/output/청주중등과외/index.html,하위 페이지 더 보기
/청주중등과외/,/봉명동중등과외/,봉명동중등과외,C:/Projects/studyhub/output/청주중등과외/index.html,하위 페이지 더 보기
/청주중등과외/,/분평동중등과외/,분평동중등과외,C:/Projects/studyhub/output/청주중등과외/index.html,하위 페이지 더 보기
/청주중등과외/,/비하동중등과외/,비하동중등과외,C:/Projects/studyhub/output/청주중등과외/index.html,하위 페이지 더 보기
/청주중등과외/,/사직동중등과외/,사직동중등과외,C:/Projects/studyhub/output/청주중등과외/index.html,하위 페이지 더 보기
/청주중등과외/,/사창동중등과외/,사창동중등과외,C:/Projects/studyhub/output/청주중등과외/index.html,하위 페이지 더 보기
/청주중등과외/,/사천동중등과외/,사천동중등과외,C:/Projects/studyhub/output/청주중등과외/index.html,하위 페이지 더 보기
/청주중등과외/,/산남동중등과외/,산남동중등과외,C:/Projects/studyhub/output/청주중등과외/index.html,하위 페이지 더 보기
/청주중등과외/,/상당구중등과외/,상당구중등과외,C:/Projects/studyhub/output/청주중등과외/index.html,하위 페이지 더 보기
/청주중등과외/,/성화동중등과외/,성화동중등과외,C:/Projects/studyhub/output/청주중등과외/index.html,하위 페이지 더 보기
/청주중등과외/,/수곡동중등과외/,수곡동중등과외,C:/Projects/studyhub/output/청주중등과외/index.html,하위 페이지 더 보기
/청주중등과외/,/오창읍중등과외/,오창읍중등과외,C:/Projects/studyhub/output/청주중등과외/index.html,하위 페이지 더 보기
/청주중등과외/,/용담동중등과외/,용담동중등과외,C:/Projects/studyhub/output/청주중등과외/index.html,하위 페이지 더 보기
/청주중등과외/,/용암동중등과외/,용암동중등과외,C:/Projects/studyhub/output/청주중등과외/index.html,하위 페이지 더 보기
/청주중등과외/,/용정동중등과외/,용정동중등과외,C:/Projects/studyhub/output/청주중등과외/index.html,하위 페이지 더 보기
/청주중등과외/,/율량동중등과외/,율량동중등과외,C:/Projects/studyhub/output/청주중등과외/index.html,하위 페이지 더 보기
/청주중등과외/,/주성동중등과외/,주성동중등과외,C:/Projects/studyhub/output/청주중등과외/index.html,하위 페이지 더 보기
/청주중등수학과외/,/내덕동중등수학과외/,내덕동중등수학과외,C:/Projects/studyhub/output/청주중등수학과외/index.html,하위 페이지 더 보기
/청주중등수학과외/,/모충동중등수학과외/,모충동중등수학과외,C:/Projects/studyhub/output/청주중등수학과외/index.html,하위 페이지 더 보기
/청주중등수학과외/,/문화동중등수학과외/,문화동중등수학과외,C:/Projects/studyhub/output/청주중등수학과외/index.html,하위 페이지 더 보기
/청주중등수학과외/,/방서동중등수학과외/,방서동중등수학과외,C:/Projects/studyhub/output/청주중등수학과외/index.html,하위 페이지 더 보기
/청주중등수학과외/,/복대동중등수학과외/,복대동중등수학과외,C:/Projects/studyhub/output/청주중등수학과외/index.html,하위 페이지 더 보기
/청주중등수학과외/,/봉명동중등수학과외/,봉명동중등수학과외,C:/Projects/studyhub/output/청주중등수학과외/index.html,하위 페이지 더 보기
/청주중등수학과외/,/분평동중등수학과외/,분평동중등수학과외,C:/Projects/studyhub/output/청주중등수학과외/index.html,하위 페이지 더 보기
/청주중등수학과외/,/비하동중등수학과외/,비하동중등수학과외,C:/Projects/studyhub/output/청주중등수학과외/index.html,하위 페이지 더 보기
/청주중등수학과외/,/사직동중등수학과외/,사직동중등수학과외,C:/Projects/studyhub/output/청주중등수학과외/index.html,하위 페이지 더 보기
/청주중등수학과외/,/사창동중등수학과외/,사창동중등수학과외,C:/Projects/studyhub/output/청주중등수학과외/index.html,하위 페이지 더 보기
/청주중등수학과외/,/사천동중등수학과외/,사천동중등수학과외,C:/Projects/studyhub/output/청주중등수학과외/index.html,하위 페이지 더 보기
/청주중등수학과외/,/산남동중등수학과외/,산남동중등수학과외,C:/Projects/studyhub/output/청주중등수학과외/index.html,하위 페이지 더 보기
/청주중등수학과외/,/상당구중등수학과외/,상당구중등수학과외,C:/Projects/studyhub/output/청주중등수학과외/index.html,하위 페이지 더 보기
/청주중등수학과외/,/성화동중등수학과외/,성화동중등수학과외,C:/Projects/studyhub/output/청주중등수학과외/index.html,하위 페이지 더 보기
/청주중등수학과외/,/수곡동중등수학과외/,수곡동중등수학과외,C:/Projects/studyhub/output/청주중등수학과외/index.html,하위 페이지 더 보기
/청주중등수학과외/,/오창읍중등수학과외/,오창읍중등수학과외,C:/Projects/studyhub/output/청주중등수학과외/index.html,하위 페이지 더 보기
/청주중등수학과외/,/용담동중등수학과외/,용담동중등수학과외,C:/Projects/studyhub/output/청주중등수학과외/index.html,하위 페이지 더 보기
/청주중등수학과외/,/용암동중등수학과외/,용암동중등수학과외,C:/Projects/studyhub/output/청주중등수학과외/index.html,하위 페이지 더 보기
/청주중등수학과외/,/용정동중등수학과외/,용정동중등수학과외,C:/Projects/studyhub/output/청주중등수학과외/index.html,하위 페이지 더 보기
/청주중등수학과외/,/율량동중등수학과외/,율량동중등수학과외,C:/Projects/studyhub/output/청주중등수학과외/index.html,하위 페이지 더 보기
/청주중등수학과외/,/주성동중등수학과외/,주성동중등수학과외,C:/Projects/studyhub/output/청주중등수학과외/index.html,하위 페이지 더 보기
/청주중등영어과외/,/내덕동중등영어과외/,내덕동중등영어과외,C:/Projects/studyhub/output/청주중등영어과외/index.html,하위 페이지 더 보기
/청주중등영어과외/,/모충동중등영어과외/,모충동중등영어과외,C:/Projects/studyhub/output/청주중등영어과외/index.html,하위 페이지 더 보기
/청주중등영어과외/,/문화동중등영어과외/,문화동중등영어과외,C:/Projects/studyhub/output/청주중등영어과외/index.html,하위 페이지 더 보기
/청주중등영어과외/,/방서동중등영어과외/,방서동중등영어과외,C:/Projects/studyhub/output/청주중등영어과외/index.html,하위 페이지 더 보기
/청주중등영어과외/,/복대동중등영어과외/,복대동중등영어과외,C:/Projects/studyhub/output/청주중등영어과외/index.html,하위 페이지 더 보기
/청주중등영어과외/,/봉명동중등영어과외/,봉명동중등영어과외,C:/Projects/studyhub/output/청주중등영어과외/index.html,하위 페이지 더 보기
/청주중등영어과외/,/분평동중등영어과외/,분평동중등영어과외,C:/Projects/studyhub/output/청주중등영어과외/index.html,하위 페이지 더 보기
/청주중등영어과외/,/비하동중등영어과외/,비하동중등영어과외,C:/Projects/studyhub/output/청주중등영어과외/index.html,하위 페이지 더 보기
/청주중등영어과외/,/사직동중등영어과외/,사직동중등영어과외,C:/Projects/studyhub/output/청주중등영어과외/index.html,하위 페이지 더 보기
/청주중등영어과외/,/사창동중등영어과외/,사창동중등영어과외,C:/Projects/studyhub/output/청주중등영어과외/index.html,하위 페이지 더 보기
/청주중등영어과외/,/사천동중등영어과외/,사천동중등영어과외,C:/Projects/studyhub/output/청주중등영어과외/index.html,하위 페이지 더 보기
/청주중등영어과외/,/산남동중등영어과외/,산남동중등영어과외,C:/Projects/studyhub/output/청주중등영어과외/index.html,하위 페이지 더 보기
/청주중등영어과외/,/상당구중등영어과외/,상당구중등영어과외,C:/Projects/studyhub/output/청주중등영어과외/index.html,하위 페이지 더 보기
/청주중등영어과외/,/성화동중등영어과외/,성화동중등영어과외,C:/Projects/studyhub/output/청주중등영어과외/index.html,하위 페이지 더 보기
/청주중등영어과외/,/수곡동중등영어과외/,수곡동중등영어과외,C:/Projects/studyhub/output/청주중등영어과외/index.html,하위 페이지 더 보기
/청주중등영어과외/,/오창읍중등영어과외/,오창읍중등영어과외,C:/Projects/studyhub/output/청주중등영어과외/index.html,하위 페이지 더 보기
/청주중등영어과외/,/용담동중등영어과외/,용담동중등영어과외,C:/Projects/studyhub/output/청주중등영어과외/index.html,하위 페이지 더 보기
/청주중등영어과외/,/용암동중등영어과외/,용암동중등영어과외,C:/Projects/studyhub/output/청주중등영어과외/index.html,하위 페이지 더 보기
/청주중등영어과외/,/용정동중등영어과외/,용정동중등영어과외,C:/Projects/studyhub/output/청주중등영어과외/index.html,하위 페이지 더 보기
/청주중등영어과외/,/율량동중등영어과외/,율량동중등영어과외,C:/Projects/studyhub/output/청주중등영어과외/index.html,하위 페이지 더 보기
/청주중등영어과외/,/주성동중등영어과외/,주성동중등영어과외,C:/Projects/studyhub/output/청주중등영어과외/index.html,하위 페이지 더 보기
/청주초등과외/,/내덕동초등과외/,내덕동초등과외,C:/Projects/studyhub/output/청주초등과외/index.html,하위 페이지 더 보기
/청주초등과외/,/모충동초등과외/,모충동초등과외,C:/Projects/studyhub/output/청주초등과외/index.html,하위 페이지 더 보기
/청주초등과외/,/문화동초등과외/,문화동초등과외,C:/Projects/studyhub/output/청주초등과외/index.html,하위 페이지 더 보기
/청주초등과외/,/방서동초등과외/,방서동초등과외,C:/Projects/studyhub/output/청주초등과외/index.html,하위 페이지 더 보기
/청주초등과외/,/복대동초등과외/,복대동초등과외,C:/Projects/studyhub/output/청주초등과외/index.html,하위 페이지 더 보기
/청주초등과외/,/봉명동초등과외/,봉명동초등과외,C:/Projects/studyhub/output/청주초등과외/index.html,하위 페이지 더 보기
/청주초등과외/,/분평동초등과외/,분평동초등과외,C:/Projects/studyhub/output/청주초등과외/index.html,하위 페이지 더 보기
/청주초등과외/,/비하동초등과외/,비하동초등과외,C:/Projects/studyhub/output/청주초등과외/index.html,하위 페이지 더 보기
/청주초등과외/,/사직동초등과외/,사직동초등과외,C:/Projects/studyhub/output/청주초등과외/index.html,하위 페이지 더 보기
/청주초등과외/,/사창동초등과외/,사창동초등과외,C:/Projects/studyhub/output/청주초등과외/index.html,하위 페이지 더 보기
/청주초등과외/,/사천동초등과외/,사천동초등과외,C:/Projects/studyhub/output/청주초등과외/index.html,하위 페이지 더 보기
/청주초등과외/,/산남동초등과외/,산남동초등과외,C:/Projects/studyhub/output/청주초등과외/index.html,하위 페이지 더 보기
/청주초등과외/,/상당구초등과외/,상당구초등과외,C:/Projects/studyhub/output/청주초등과외/index.html,하위 페이지 더 보기
/청주초등과외/,/성화동초등과외/,성화동초등과외,C:/Projects/studyhub/output/청주초등과외/index.html,하위 페이지 더 보기
/청주초등과외/,/수곡동초등과외/,수곡동초등과외,C:/Projects/studyhub/output/청주초등과외/index.html,하위 페이지 더 보기
/청주초등과외/,/오창읍초등과외/,오창읍초등과외,C:/Projects/studyhub/output/청주초등과외/index.html,하위 페이지 더 보기
/청주초등과외/,/용담동초등과외/,용담동초등과외,C:/Projects/studyhub/output/청주초등과외/index.html,하위 페이지 더 보기
/청주초등과외/,/용암동초등과외/,용암동초등과외,C:/Projects/studyhub/output/청주초등과외/index.html,하위 페이지 더 보기
/청주초등과외/,/용정동초등과외/,용정동초등과외,C:/Projects/studyhub/output/청주초등과외/index.html,하위 페이지 더 보기
/청주초등과외/,/율량동초등과외/,율량동초등과외,C:/Projects/studyhub/output/청주초등과외/index.html,하위 페이지 더 보기
/청주초등과외/,/주성동초등과외/,주성동초등과외,C:/Projects/studyhub/output/청주초등과외/index.html,하위 페이지 더 보기
/청주초등수학과외/,/내덕동초등수학과외/,내덕동초등수학과외,C:/Projects/studyhub/output/청주초등수학과외/index.html,하위 페이지 더 보기
/청주초등수학과외/,/모충동초등수학과외/,모충동초등수학과외,C:/Projects/studyhub/output/청주초등수학과외/index.html,하위 페이지 더 보기
/청주초등수학과외/,/문화동초등수학과외/,문화동초등수학과외,C:/Projects/studyhub/output/청주초등수학과외/index.html,하위 페이지 더 보기
/청주초등수학과외/,/방서동초등수학과외/,방서동초등수학과외,C:/Projects/studyhub/output/청주초등수학과외/index.html,하위 페이지 더 보기
/청주초등수학과외/,/복대동초등수학과외/,복대동초등수학과외,C:/Projects/studyhub/output/청주초등수학과외/index.html,하위 페이지 더 보기
/청주초등수학과외/,/봉명동초등수학과외/,봉명동초등수학과외,C:/Projects/studyhub/output/청주초등수학과외/index.html,하위 페이지 더 보기
/청주초등수학과외/,/분평동초등수학과외/,분평동초등수학과외,C:/Projects/studyhub/output/청주초등수학과외/index.html,하위 페이지 더 보기
/청주초등수학과외/,/비하동초등수학과외/,비하동초등수학과외,C:/Projects/studyhub/output/청주초등수학과외/index.html,하위 페이지 더 보기
/청주초등수학과외/,/사직동초등수학과외/,사직동초등수학과외,C:/Projects/studyhub/output/청주초등수학과외/index.html,하위 페이지 더 보기
/청주초등수학과외/,/사창동초등수학과외/,사창동초등수학과외,C:/Projects/studyhub/output/청주초등수학과외/index.html,하위 페이지 더 보기
/청주초등수학과외/,/사천동초등수학과외/,사천동초등수학과외,C:/Projects/studyhub/output/청주초등수학과외/index.html,하위 페이지 더 보기
/청주초등수학과외/,/산남동초등수학과외/,산남동초등수학과외,C:/Projects/studyhub/output/청주초등수학과외/index.html,하위 페이지 더 보기
/청주초등수학과외/,/상당구초등수학과외/,상당구초등수학과외,C:/Projects/studyhub/output/청주초등수학과외/index.html,하위 페이지 더 보기
/청주초등수학과외/,/성화동초등수학과외/,성화동초등수학과외,C:/Projects/studyhub/output/청주초등수학과외/index.html,하위 페이지 더 보기
/청주초등수학과외/,/수곡동초등수학과외/,수곡동초등수학과외,C:/Projects/studyhub/output/청주초등수학과외/index.html,하위 페이지 더 보기
/청주초등수학과외/,/오창읍초등수학과외/,오창읍초등수학과외,C:/Projects/studyhub/output/청주초등수학과외/index.html,하위 페이지 더 보기
/청주초등수학과외/,/용담동초등수학과외/,용담동초등수학과외,C:/Projects/studyhub/output/청주초등수학과외/index.html,하위 페이지 더 보기
/청주초등수학과외/,/용암동초등수학과외/,용암동초등수학과외,C:/Projects/studyhub/output/청주초등수학과외/index.html,하위 페이지 더 보기
/청주초등수학과외/,/용정동초등수학과외/,용정동초등수학과외,C:/Projects/studyhub/output/청주초등수학과외/index.html,하위 페이지 더 보기
/청주초등수학과외/,/율량동초등수학과외/,율량동초등수학과외,C:/Projects/studyhub/output/청주초등수학과외/index.html,하위 페이지 더 보기
/청주초등수학과외/,/주성동초등수학과외/,주성동초등수학과외,C:/Projects/studyhub/output/청주초등수학과외/index.html,하위 페이지 더 보기
/청주초등영어과외/,/내덕동초등영어과외/,내덕동초등영어과외,C:/Projects/studyhub/output/청주초등영어과외/index.html,하위 페이지 더 보기
/청주초등영어과외/,/모충동초등영어과외/,모충동초등영어과외,C:/Projects/studyhub/output/청주초등영어과외/index.html,하위 페이지 더 보기
/청주초등영어과외/,/문화동초등영어과외/,문화동초등영어과외,C:/Projects/studyhub/output/청주초등영어과외/index.html,하위 페이지 더 보기
/청주초등영어과외/,/방서동초등영어과외/,방서동초등영어과외,C:/Projects/studyhub/output/청주초등영어과외/index.html,하위 페이지 더 보기
/청주초등영어과외/,/복대동초등영어과외/,복대동초등영어과외,C:/Projects/studyhub/output/청주초등영어과외/index.html,하위 페이지 더 보기
/청주초등영어과외/,/봉명동초등영어과외/,봉명동초등영어과외,C:/Projects/studyhub/output/청주초등영어과외/index.html,하위 페이지 더 보기
/청주초등영어과외/,/분평동초등영어과외/,분평동초등영어과외,C:/Projects/studyhub/output/청주초등영어과외/index.html,하위 페이지 더 보기
/청주초등영어과외/,/비하동초등영어과외/,비하동초등영어과외,C:/Projects/studyhub/output/청주초등영어과외/index.html,하위 페이지 더 보기
/청주초등영어과외/,/사직동초등영어과외/,사직동초등영어과외,C:/Projects/studyhub/output/청주초등영어과외/index.html,하위 페이지 더 보기
/청주초등영어과외/,/사창동초등영어과외/,사창동초등영어과외,C:/Projects/studyhub/output/청주초등영어과외/index.html,하위 페이지 더 보기
/청주초등영어과외/,/사천동초등영어과외/,사천동초등영어과외,C:/Projects/studyhub/output/청주초등영어과외/index.html,하위 페이지 더 보기
/청주초등영어과외/,/산남동초등영어과외/,산남동초등영어과외,C:/Projects/studyhub/output/청주초등영어과외/index.html,하위 페이지 더 보기
/청주초등영어과외/,/상당구초등영어과외/,상당구초등영어과외,C:/Projects/studyhub/output/청주초등영어과외/index.html,하위 페이지 더 보기
/청주초등영어과외/,/성화동초등영어과외/,성화동초등영어과외,C:/Projects/studyhub/output/청주초등영어과외/index.html,하위 페이지 더 보기
/청주초등영어과외/,/수곡동초등영어과외/,수곡동초등영어과외,C:/Projects/studyhub/output/청주초등영어과외/index.html,하위 페이지 더 보기
/청주초등영어과외/,/오창읍초등영어과외/,오창읍초등영어과외,C:/Projects/studyhub/output/청주초등영어과외/index.html,하위 페이지 더 보기
/청주초등영어과외/,/용담동초등영어과외/,용담동초등영어과외,C:/Projects/studyhub/output/청주초등영어과외/index.html,하위 페이지 더 보기
/청주초등영어과외/,/용암동초등영어과외/,용암동초등영어과외,C:/Projects/studyhub/output/청주초등영어과외/index.html,하위 페이지 더 보기
/청주초등영어과외/,/용정동초등영어과외/,용정동초등영어과외,C:/Projects/studyhub/output/청주초등영어과외/index.html,하위 페이지 더 보기
/청주초등영어과외/,/율량동초등영어과외/,율량동초등영어과외,C:/Projects/studyhub/output/청주초등영어과외/index.html,하위 페이지 더 보기
/청주초등영어과외/,/주성동초등영어과외/,주성동초등영어과외,C:/Projects/studyhub/output/청주초등영어과외/index.html,하위 페이지 더 보기
/초등과외/,/강원초등과외/,강원초등과외,C:/Projects/studyhub/output/초등과외/index.html,하위 페이지 더 보기
/초등과외/,/경북초등과외/,경북초등과외,C:/Projects/studyhub/output/초등과외/index.html,하위 페이지 더 보기
/초등과외/,/광주초등과외/,광주초등과외,C:/Projects/studyhub/output/초등과외/index.html,하위 페이지 더 보기
/초등과외/,/대구초등과외/,대구초등과외,C:/Projects/studyhub/output/초등과외/index.html,하위 페이지 더 보기
/초등과외/,/대전초등과외/,대전초등과외,C:/Projects/studyhub/output/초등과외/index.html,하위 페이지 더 보기
/초등과외/,/세종초등과외/,세종초등과외,C:/Projects/studyhub/output/초등과외/index.html,하위 페이지 더 보기
/초등과외/,/울산초등과외/,울산초등과외,C:/Projects/studyhub/output/초등과외/index.html,하위 페이지 더 보기
/초등과외/,/전북초등과외/,전북초등과외,C:/Projects/studyhub/output/초등과외/index.html,하위 페이지 더 보기
/초등과외/,/충남초등과외/,충남초등과외,C:/Projects/studyhub/output/초등과외/index.html,하위 페이지 더 보기
/초등과외/,/충북초등과외/,충북초등과외,C:/Projects/studyhub/output/초등과외/index.html,하위 페이지 더 보기
/초등수학과외/,/강원초등수학과외/,강원초등수학과외,C:/Projects/studyhub/output/초등수학과외/index.html,하위 페이지 더 보기
/초등수학과외/,/경기도초등수학과외/,경기도초등수학과외,C:/Projects/studyhub/output/초등수학과외/index.html,하위 페이지 더 보기
/초등수학과외/,/경북초등수학과외/,경북초등수학과외,C:/Projects/studyhub/output/초등수학과외/index.html,하위 페이지 더 보기
/초등수학과외/,/광주초등수학과외/,광주초등수학과외,C:/Projects/studyhub/output/초등수학과외/index.html,하위 페이지 더 보기
/초등수학과외/,/대전초등수학과외/,대전초등수학과외,C:/Projects/studyhub/output/초등수학과외/index.html,하위 페이지 더 보기
/초등수학과외/,/세종초등수학과외/,세종초등수학과외,C:/Projects/studyhub/output/초등수학과외/index.html,하위 페이지 더 보기
/초등수학과외/,/울산초등수학과외/,울산초등수학과외,C:/Projects/studyhub/output/초등수학과외/index.html,하위 페이지 더 보기
/초등수학과외/,/전북초등수학과외/,전북초등수학과외,C:/Projects/studyhub/output/초등수학과외/index.html,하위 페이지 더 보기
/초등수학과외/,/충남초등수학과외/,충남초등수학과외,C:/Projects/studyhub/output/초등수학과외/index.html,하위 페이지 더 보기
/초등수학과외/,/충북초등수학과외/,충북초등수학과외,C:/Projects/studyhub/output/초등수학과외/index.html,하위 페이지 더 보기
/초등영어과외/,/강원초등영어과외/,강원초등영어과외,C:/Projects/studyhub/output/초등영어과외/index.html,하위 페이지 더 보기
/초등영어과외/,/경기도초등영어과외/,경기도초등영어과외,C:/Projects/studyhub/output/초등영어과외/index.html,하위 페이지 더 보기
/초등영어과외/,/경북초등영어과외/,경북초등영어과외,C:/Projects/studyhub/output/초등영어과외/index.html,하위 페이지 더 보기
/초등영어과외/,/광주초등영어과외/,광주초등영어과외,C:/Projects/studyhub/output/초등영어과외/index.html,하위 페이지 더 보기
/초등영어과외/,/대전초등영어과외/,대전초등영어과외,C:/Projects/studyhub/output/초등영어과외/index.html,하위 페이지 더 보기
/초등영어과외/,/세종초등영어과외/,세종초등영어과외,C:/Projects/studyhub/output/초등영어과외/index.html,하위 페이지 더 보기
/초등영어과외/,/울산초등영어과외/,울산초등영어과외,C:/Projects/studyhub/output/초등영어과외/index.html,하위 페이지 더 보기
/초등영어과외/,/전북초등영어과외/,전북초등영어과외,C:/Projects/studyhub/output/초등영어과외/index.html,하위 페이지 더 보기
/초등영어과외/,/충남초등영어과외/,충남초등영어과외,C:/Projects/studyhub/output/초등영어과외/index.html,하위 페이지 더 보기
/초등영어과외/,/충북초등영어과외/,충북초등영어과외,C:/Projects/studyhub/output/초등영어과외/index.html,하위 페이지 더 보기
/춘천고등과외/,/효자동고등과외/,효자동고등과외,C:/Projects/studyhub/output/춘천고등과외/index.html,하위 페이지 더 보기
/춘천고등수학과외/,/후평동고등수학과외/,후평동고등수학과외,C:/Projects/studyhub/output/춘천고등수학과외/index.html,하위 페이지 더 보기
/춘천고등영어과외/,/후평동고등영어과외/,후평동고등영어과외,C:/Projects/studyhub/output/춘천고등영어과외/index.html,하위 페이지 더 보기
/춘천과외/,/후평동과외/,후평동과외,C:/Projects/studyhub/output/춘천과외/index.html,하위 페이지 더 보기
/춘천수학과외/,/효자동수학과외/,효자동수학과외,C:/Projects/studyhub/output/춘천수학과외/index.html,하위 페이지 더 보기
/춘천영어과외/,/효자동영어과외/,효자동영어과외,C:/Projects/studyhub/output/춘천영어과외/index.html,하위 페이지 더 보기
/춘천중등과외/,/효자동중등과외/,효자동중등과외,C:/Projects/studyhub/output/춘천중등과외/index.html,하위 페이지 더 보기
/춘천중등수학과외/,/후평동중등수학과외/,후평동중등수학과외,C:/Projects/studyhub/output/춘천중등수학과외/index.html,하위 페이지 더 보기
/춘천중등영어과외/,/후평동중등영어과외/,후평동중등영어과외,C:/Projects/studyhub/output/춘천중등영어과외/index.html,하위 페이지 더 보기
/춘천초등과외/,/효자동초등과외/,효자동초등과외,C:/Projects/studyhub/output/춘천초등과외/index.html,하위 페이지 더 보기
/춘천초등수학과외/,/후평동초등수학과외/,후평동초등수학과외,C:/Projects/studyhub/output/춘천초등수학과외/index.html,하위 페이지 더 보기
/춘천초등영어과외/,/후평동초등영어과외/,후평동초등영어과외,C:/Projects/studyhub/output/춘천초등영어과외/index.html,하위 페이지 더 보기
/파주고등과외/,/야당동고등과외/,야당동고등과외,C:/Projects/studyhub/output/파주고등과외/index.html,하위 페이지 더 보기
/파주고등과외/,/와동동고등과외/,와동동고등과외,C:/Projects/studyhub/output/파주고등과외/index.html,하위 페이지 더 보기
/파주고등수학과외/,/야당동고등수학과외/,야당동고등수학과외,C:/Projects/studyhub/output/파주고등수학과외/index.html,하위 페이지 더 보기
/파주고등수학과외/,/와동동고등수학과외/,와동동고등수학과외,C:/Projects/studyhub/output/파주고등수학과외/index.html,하위 페이지 더 보기
/파주고등영어과외/,/야당동고등영어과외/,야당동고등영어과외,C:/Projects/studyhub/output/파주고등영어과외/index.html,하위 페이지 더 보기
/파주고등영어과외/,/와동동고등영어과외/,와동동고등영어과외,C:/Projects/studyhub/output/파주고등영어과외/index.html,하위 페이지 더 보기
/파주과외/,/야당동과외/,야당동과외,C:/Projects/studyhub/output/파주과외/index.html,하위 페이지 더 보기
/파주과외/,/와동동과외/,와동동과외,C:/Projects/studyhub/output/파주과외/index.html,하위 페이지 더 보기
/파주수학과외/,/야당동수학과외/,야당동수학과외,C:/Projects/studyhub/output/파주수학과외/index.html,하위 페이지 더 보기
/파주수학과외/,/와동동수학과외/,와동동수학과외,C:/Projects/studyhub/output/파주수학과외/index.html,하위 페이지 더 보기
/파주영어과외/,/야당동영어과외/,야당동영어과외,C:/Projects/studyhub/output/파주영어과외/index.html,하위 페이지 더 보기
/파주영어과외/,/와동동영어과외/,와동동영어과외,C:/Projects/studyhub/output/파주영어과외/index.html,하위 페이지 더 보기
/파주중등과외/,/야당동중등과외/,야당동중등과외,C:/Projects/studyhub/output/파주중등과외/index.html,하위 페이지 더 보기
/파주중등과외/,/와동동중등과외/,와동동중등과외,C:/Projects/studyhub/output/파주중등과외/index.html,하위 페이지 더 보기
/파주중등수학과외/,/야당동중등수학과외/,야당동중등수학과외,C:/Projects/studyhub/output/파주중등수학과외/index.html,하위 페이지 더 보기
/파주중등수학과외/,/와동동중등수학과외/,와동동중등수학과외,C:/Projects/studyhub/output/파주중등수학과외/index.html,하위 페이지 더 보기
/파주중등영어과외/,/야당동중등영어과외/,야당동중등영어과외,C:/Projects/studyhub/output/파주중등영어과외/index.html,하위 페이지 더 보기
/파주중등영어과외/,/와동동중등영어과외/,와동동중등영어과외,C:/Projects/studyhub/output/파주중등영어과외/index.html,하위 페이지 더 보기
/파주초등과외/,/야당동초등과외/,야당동초등과외,C:/Projects/studyhub/output/파주초등과외/index.html,하위 페이지 더 보기
/파주초등과외/,/와동동초등과외/,와동동초등과외,C:/Projects/studyhub/output/파주초등과외/index.html,하위 페이지 더 보기
/파주초등수학과외/,/야당동초등수학과외/,야당동초등수학과외,C:/Projects/studyhub/output/파주초등수학과외/index.html,하위 페이지 더 보기
/파주초등수학과외/,/와동동초등수학과외/,와동동초등수학과외,C:/Projects/studyhub/output/파주초등수학과외/index.html,하위 페이지 더 보기
/파주초등영어과외/,/야당동초등영어과외/,야당동초등영어과외,C:/Projects/studyhub/output/파주초등영어과외/index.html,하위 페이지 더 보기
/파주초등영어과외/,/와동동초등영어과외/,와동동초등영어과외,C:/Projects/studyhub/output/파주초등영어과외/index.html,하위 페이지 더 보기
/포항고등과외/,/장성동고등과외/,장성동고등과외,C:/Projects/studyhub/output/포항고등과외/index.html,하위 페이지 더 보기
/포항고등과외/,/창포동고등과외/,창포동고등과외,C:/Projects/studyhub/output/포항고등과외/index.html,하위 페이지 더 보기
/포항고등과외/,/학잠동고등과외/,학잠동고등과외,C:/Projects/studyhub/output/포항고등과외/index.html,하위 페이지 더 보기
/포항고등수학과외/,/장성동고등수학과외/,장성동고등수학과외,C:/Projects/studyhub/output/포항고등수학과외/index.html,하위 페이지 더 보기
/포항고등수학과외/,/창포동고등수학과외/,창포동고등수학과외,C:/Projects/studyhub/output/포항고등수학과외/index.html,하위 페이지 더 보기
/포항고등수학과외/,/학잠동고등수학과외/,학잠동고등수학과외,C:/Projects/studyhub/output/포항고등수학과외/index.html,하위 페이지 더 보기
/포항고등영어과외/,/장성동고등영어과외/,장성동고등영어과외,C:/Projects/studyhub/output/포항고등영어과외/index.html,하위 페이지 더 보기
/포항고등영어과외/,/창포동고등영어과외/,창포동고등영어과외,C:/Projects/studyhub/output/포항고등영어과외/index.html,하위 페이지 더 보기
/포항고등영어과외/,/학잠동고등영어과외/,학잠동고등영어과외,C:/Projects/studyhub/output/포항고등영어과외/index.html,하위 페이지 더 보기
/포항과외/,/장성동과외/,장성동과외,C:/Projects/studyhub/output/포항과외/index.html,하위 페이지 더 보기
/포항과외/,/창포동과외/,창포동과외,C:/Projects/studyhub/output/포항과외/index.html,하위 페이지 더 보기
/포항과외/,/학잠동과외/,학잠동과외,C:/Projects/studyhub/output/포항과외/index.html,하위 페이지 더 보기
/포항수학과외/,/장성동수학과외/,장성동수학과외,C:/Projects/studyhub/output/포항수학과외/index.html,하위 페이지 더 보기
/포항수학과외/,/창포동수학과외/,창포동수학과외,C:/Projects/studyhub/output/포항수학과외/index.html,하위 페이지 더 보기
/포항수학과외/,/학잠동수학과외/,학잠동수학과외,C:/Projects/studyhub/output/포항수학과외/index.html,하위 페이지 더 보기
/포항영어과외/,/장성동영어과외/,장성동영어과외,C:/Projects/studyhub/output/포항영어과외/index.html,하위 페이지 더 보기
/포항영어과외/,/창포동영어과외/,창포동영어과외,C:/Projects/studyhub/output/포항영어과외/index.html,하위 페이지 더 보기
/포항영어과외/,/학잠동영어과외/,학잠동영어과외,C:/Projects/studyhub/output/포항영어과외/index.html,하위 페이지 더 보기
/포항중등과외/,/장성동중등과외/,장성동중등과외,C:/Projects/studyhub/output/포항중등과외/index.html,하위 페이지 더 보기
/포항중등과외/,/창포동중등과외/,창포동중등과외,C:/Projects/studyhub/output/포항중등과외/index.html,하위 페이지 더 보기
/포항중등과외/,/학잠동중등과외/,학잠동중등과외,C:/Projects/studyhub/output/포항중등과외/index.html,하위 페이지 더 보기
/포항중등수학과외/,/장성동중등수학과외/,장성동중등수학과외,C:/Projects/studyhub/output/포항중등수학과외/index.html,하위 페이지 더 보기
/포항중등수학과외/,/창포동중등수학과외/,창포동중등수학과외,C:/Projects/studyhub/output/포항중등수학과외/index.html,하위 페이지 더 보기
/포항중등수학과외/,/학잠동중등수학과외/,학잠동중등수학과외,C:/Projects/studyhub/output/포항중등수학과외/index.html,하위 페이지 더 보기
/포항중등영어과외/,/장성동중등영어과외/,장성동중등영어과외,C:/Projects/studyhub/output/포항중등영어과외/index.html,하위 페이지 더 보기
/포항중등영어과외/,/창포동중등영어과외/,창포동중등영어과외,C:/Projects/studyhub/output/포항중등영어과외/index.html,하위 페이지 더 보기
/포항중등영어과외/,/학잠동중등영어과외/,학잠동중등영어과외,C:/Projects/studyhub/output/포항중등영어과외/index.html,하위 페이지 더 보기
/포항초등과외/,/장성동초등과외/,장성동초등과외,C:/Projects/studyhub/output/포항초등과외/index.html,하위 페이지 더 보기
/포항초등과외/,/창포동초등과외/,창포동초등과외,C:/Projects/studyhub/output/포항초등과외/index.html,하위 페이지 더 보기
/포항초등과외/,/학잠동초등과외/,학잠동초등과외,C:/Projects/studyhub/output/포항초등과외/index.html,하위 페이지 더 보기
/포항초등수학과외/,/장성동초등수학과외/,장성동초등수학과외,C:/Projects/studyhub/output/포항초등수학과외/index.html,하위 페이지 더 보기
/포항초등수학과외/,/창포동초등수학과외/,창포동초등수학과외,C:/Projects/studyhub/output/포항초등수학과외/index.html,하위 페이지 더 보기
/포항초등수학과외/,/학잠동초등수학과외/,학잠동초등수학과외,C:/Projects/studyhub/output/포항초등수학과외/index.html,하위 페이지 더 보기
/포항초등영어과외/,/장성동초등영어과외/,장성동초등영어과외,C:/Projects/studyhub/output/포항초등영어과외/index.html,하위 페이지 더 보기
/포항초등영어과외/,/창포동초등영어과외/,창포동초등영어과외,C:/Projects/studyhub/output/포항초등영어과외/index.html,하위 페이지 더 보기
/포항초등영어과외/,/학잠동초등영어과외/,학잠동초등영어과외,C:/Projects/studyhub/output/포항초등영어과외/index.html,하위 페이지 더 보기
/하남고등과외/,/미사동고등과외/,미사동고등과외,C:/Projects/studyhub/output/하남고등과외/index.html,하위 페이지 더 보기
/하남고등과외/,/반송동고등과외/,반송동고등과외,C:/Projects/studyhub/output/하남고등과외/index.html,하위 페이지 더 보기
/하남고등과외/,/신장동고등과외/,신장동고등과외,C:/Projects/studyhub/output/하남고등과외/index.html,하위 페이지 더 보기
/하남고등과외/,/위례동고등과외/,위례동고등과외,C:/Projects/studyhub/output/하남고등과외/index.html,하위 페이지 더 보기
/하남고등과외/,/창우동고등과외/,창우동고등과외,C:/Projects/studyhub/output/하남고등과외/index.html,하위 페이지 더 보기
/하남고등과외/,/풍산동고등과외/,풍산동고등과외,C:/Projects/studyhub/output/하남고등과외/index.html,하위 페이지 더 보기
/하남고등과외/,/향남읍고등과외/,향남읍고등과외,C:/Projects/studyhub/output/하남고등과외/index.html,하위 페이지 더 보기
/하남고등수학과외/,/미사동고등수학과외/,미사동고등수학과외,C:/Projects/studyhub/output/하남고등수학과외/index.html,하위 페이지 더 보기
/하남고등수학과외/,/반송동고등수학과외/,반송동고등수학과외,C:/Projects/studyhub/output/하남고등수학과외/index.html,하위 페이지 더 보기
/하남고등수학과외/,/신장동고등수학과외/,신장동고등수학과외,C:/Projects/studyhub/output/하남고등수학과외/index.html,하위 페이지 더 보기
/하남고등수학과외/,/위례동고등수학과외/,위례동고등수학과외,C:/Projects/studyhub/output/하남고등수학과외/index.html,하위 페이지 더 보기
/하남고등수학과외/,/창우동고등수학과외/,창우동고등수학과외,C:/Projects/studyhub/output/하남고등수학과외/index.html,하위 페이지 더 보기
/하남고등수학과외/,/풍산동고등수학과외/,풍산동고등수학과외,C:/Projects/studyhub/output/하남고등수학과외/index.html,하위 페이지 더 보기
/하남고등수학과외/,/향남읍고등수학과외/,향남읍고등수학과외,C:/Projects/studyhub/output/하남고등수학과외/index.html,하위 페이지 더 보기
/하남고등영어과외/,/미사동고등영어과외/,미사동고등영어과외,C:/Projects/studyhub/output/하남고등영어과외/index.html,하위 페이지 더 보기
/하남고등영어과외/,/반송동고등영어과외/,반송동고등영어과외,C:/Projects/studyhub/output/하남고등영어과외/index.html,하위 페이지 더 보기
/하남고등영어과외/,/신장동고등영어과외/,신장동고등영어과외,C:/Projects/studyhub/output/하남고등영어과외/index.html,하위 페이지 더 보기
/하남고등영어과외/,/위례동고등영어과외/,위례동고등영어과외,C:/Projects/studyhub/output/하남고등영어과외/index.html,하위 페이지 더 보기
/하남고등영어과외/,/창우동고등영어과외/,창우동고등영어과외,C:/Projects/studyhub/output/하남고등영어과외/index.html,하위 페이지 더 보기
/하남고등영어과외/,/풍산동고등영어과외/,풍산동고등영어과외,C:/Projects/studyhub/output/하남고등영어과외/index.html,하위 페이지 더 보기
/하남고등영어과외/,/향남읍고등영어과외/,향남읍고등영어과외,C:/Projects/studyhub/output/하남고등영어과외/index.html,하위 페이지 더 보기
/하남과외/,/미사동과외/,미사동과외,C:/Projects/studyhub/output/하남과외/index.html,하위 페이지 더 보기
/하남과외/,/반송동과외/,반송동과외,C:/Projects/studyhub/output/하남과외/index.html,하위 페이지 더 보기
/하남과외/,/신장동과외/,신장동과외,C:/Projects/studyhub/output/하남과외/index.html,하위 페이지 더 보기
/하남과외/,/위례동과외/,위례동과외,C:/Projects/studyhub/output/하남과외/index.html,하위 페이지 더 보기
/하남과외/,/창우동과외/,창우동과외,C:/Projects/studyhub/output/하남과외/index.html,하위 페이지 더 보기
/하남과외/,/풍산동과외/,풍산동과외,C:/Projects/studyhub/output/하남과외/index.html,하위 페이지 더 보기
/하남과외/,/향남읍과외/,향남읍과외,C:/Projects/studyhub/output/하남과외/index.html,하위 페이지 더 보기
/하남수학과외/,/미사동수학과외/,미사동수학과외,C:/Projects/studyhub/output/하남수학과외/index.html,하위 페이지 더 보기
/하남수학과외/,/반송동수학과외/,반송동수학과외,C:/Projects/studyhub/output/하남수학과외/index.html,하위 페이지 더 보기
/하남수학과외/,/신장동수학과외/,신장동수학과외,C:/Projects/studyhub/output/하남수학과외/index.html,하위 페이지 더 보기
/하남수학과외/,/위례동수학과외/,위례동수학과외,C:/Projects/studyhub/output/하남수학과외/index.html,하위 페이지 더 보기
/하남수학과외/,/창우동수학과외/,창우동수학과외,C:/Projects/studyhub/output/하남수학과외/index.html,하위 페이지 더 보기
/하남수학과외/,/풍산동수학과외/,풍산동수학과외,C:/Projects/studyhub/output/하남수학과외/index.html,하위 페이지 더 보기
/하남수학과외/,/향남읍수학과외/,향남읍수학과외,C:/Projects/studyhub/output/하남수학과외/index.html,하위 페이지 더 보기
/하남영어과외/,/미사동영어과외/,미사동영어과외,C:/Projects/studyhub/output/하남영어과외/index.html,하위 페이지 더 보기
/하남영어과외/,/반송동영어과외/,반송동영어과외,C:/Projects/studyhub/output/하남영어과외/index.html,하위 페이지 더 보기
/하남영어과외/,/신장동영어과외/,신장동영어과외,C:/Projects/studyhub/output/하남영어과외/index.html,하위 페이지 더 보기
/하남영어과외/,/위례동영어과외/,위례동영어과외,C:/Projects/studyhub/output/하남영어과외/index.html,하위 페이지 더 보기
/하남영어과외/,/창우동영어과외/,창우동영어과외,C:/Projects/studyhub/output/하남영어과외/index.html,하위 페이지 더 보기
/하남영어과외/,/풍산동영어과외/,풍산동영어과외,C:/Projects/studyhub/output/하남영어과외/index.html,하위 페이지 더 보기
/하남영어과외/,/향남읍영어과외/,향남읍영어과외,C:/Projects/studyhub/output/하남영어과외/index.html,하위 페이지 더 보기
/하남중등과외/,/미사동중등과외/,미사동중등과외,C:/Projects/studyhub/output/하남중등과외/index.html,하위 페이지 더 보기
/하남중등과외/,/반송동중등과외/,반송동중등과외,C:/Projects/studyhub/output/하남중등과외/index.html,하위 페이지 더 보기
/하남중등과외/,/신장동중등과외/,신장동중등과외,C:/Projects/studyhub/output/하남중등과외/index.html,하위 페이지 더 보기
/하남중등과외/,/위례동중등과외/,위례동중등과외,C:/Projects/studyhub/output/하남중등과외/index.html,하위 페이지 더 보기
/하남중등과외/,/창우동중등과외/,창우동중등과외,C:/Projects/studyhub/output/하남중등과외/index.html,하위 페이지 더 보기
/하남중등과외/,/풍산동중등과외/,풍산동중등과외,C:/Projects/studyhub/output/하남중등과외/index.html,하위 페이지 더 보기
/하남중등과외/,/향남읍중등과외/,향남읍중등과외,C:/Projects/studyhub/output/하남중등과외/index.html,하위 페이지 더 보기
/하남중등수학과외/,/미사동중등수학과외/,미사동중등수학과외,C:/Projects/studyhub/output/하남중등수학과외/index.html,하위 페이지 더 보기
/하남중등수학과외/,/반송동중등수학과외/,반송동중등수학과외,C:/Projects/studyhub/output/하남중등수학과외/index.html,하위 페이지 더 보기
/하남중등수학과외/,/신장동중등수학과외/,신장동중등수학과외,C:/Projects/studyhub/output/하남중등수학과외/index.html,하위 페이지 더 보기
/하남중등수학과외/,/위례동중등수학과외/,위례동중등수학과외,C:/Projects/studyhub/output/하남중등수학과외/index.html,하위 페이지 더 보기
/하남중등수학과외/,/창우동중등수학과외/,창우동중등수학과외,C:/Projects/studyhub/output/하남중등수학과외/index.html,하위 페이지 더 보기
/하남중등수학과외/,/풍산동중등수학과외/,풍산동중등수학과외,C:/Projects/studyhub/output/하남중등수학과외/index.html,하위 페이지 더 보기
/하남중등수학과외/,/향남읍중등수학과외/,향남읍중등수학과외,C:/Projects/studyhub/output/하남중등수학과외/index.html,하위 페이지 더 보기
/하남중등영어과외/,/미사동중등영어과외/,미사동중등영어과외,C:/Projects/studyhub/output/하남중등영어과외/index.html,하위 페이지 더 보기
/하남중등영어과외/,/반송동중등영어과외/,반송동중등영어과외,C:/Projects/studyhub/output/하남중등영어과외/index.html,하위 페이지 더 보기
/하남중등영어과외/,/신장동중등영어과외/,신장동중등영어과외,C:/Projects/studyhub/output/하남중등영어과외/index.html,하위 페이지 더 보기
/하남중등영어과외/,/위례동중등영어과외/,위례동중등영어과외,C:/Projects/studyhub/output/하남중등영어과외/index.html,하위 페이지 더 보기
/하남중등영어과외/,/창우동중등영어과외/,창우동중등영어과외,C:/Projects/studyhub/output/하남중등영어과외/index.html,하위 페이지 더 보기
/하남중등영어과외/,/풍산동중등영어과외/,풍산동중등영어과외,C:/Projects/studyhub/output/하남중등영어과외/index.html,하위 페이지 더 보기
/하남중등영어과외/,/향남읍중등영어과외/,향남읍중등영어과외,C:/Projects/studyhub/output/하남중등영어과외/index.html,하위 페이지 더 보기
/하남초등과외/,/미사동초등과외/,미사동초등과외,C:/Projects/studyhub/output/하남초등과외/index.html,하위 페이지 더 보기
/하남초등과외/,/반송동초등과외/,반송동초등과외,C:/Projects/studyhub/output/하남초등과외/index.html,하위 페이지 더 보기
/하남초등과외/,/신장동초등과외/,신장동초등과외,C:/Projects/studyhub/output/하남초등과외/index.html,하위 페이지 더 보기
/하남초등과외/,/위례동초등과외/,위례동초등과외,C:/Projects/studyhub/output/하남초등과외/index.html,하위 페이지 더 보기
/하남초등과외/,/창우동초등과외/,창우동초등과외,C:/Projects/studyhub/output/하남초등과외/index.html,하위 페이지 더 보기
/하남초등과외/,/풍산동초등과외/,풍산동초등과외,C:/Projects/studyhub/output/하남초등과외/index.html,하위 페이지 더 보기
/하남초등과외/,/향남읍초등과외/,향남읍초등과외,C:/Projects/studyhub/output/하남초등과외/index.html,하위 페이지 더 보기
/하남초등수학과외/,/미사동초등수학과외/,미사동초등수학과외,C:/Projects/studyhub/output/하남초등수학과외/index.html,하위 페이지 더 보기
/하남초등수학과외/,/반송동초등수학과외/,반송동초등수학과외,C:/Projects/studyhub/output/하남초등수학과외/index.html,하위 페이지 더 보기
/하남초등수학과외/,/신장동초등수학과외/,신장동초등수학과외,C:/Projects/studyhub/output/하남초등수학과외/index.html,하위 페이지 더 보기
/하남초등수학과외/,/위례동초등수학과외/,위례동초등수학과외,C:/Projects/studyhub/output/하남초등수학과외/index.html,하위 페이지 더 보기
/하남초등수학과외/,/창우동초등수학과외/,창우동초등수학과외,C:/Projects/studyhub/output/하남초등수학과외/index.html,하위 페이지 더 보기
/하남초등수학과외/,/풍산동초등수학과외/,풍산동초등수학과외,C:/Projects/studyhub/output/하남초등수학과외/index.html,하위 페이지 더 보기
/하남초등수학과외/,/향남읍초등수학과외/,향남읍초등수학과외,C:/Projects/studyhub/output/하남초등수학과외/index.html,하위 페이지 더 보기
/하남초등영어과외/,/미사동초등영어과외/,미사동초등영어과외,C:/Projects/studyhub/output/하남초등영어과외/index.html,하위 페이지 더 보기
/하남초등영어과외/,/반송동초등영어과외/,반송동초등영어과외,C:/Projects/studyhub/output/하남초등영어과외/index.html,하위 페이지 더 보기
/하남초등영어과외/,/신장동초등영어과외/,신장동초등영어과외,C:/Projects/studyhub/output/하남초등영어과외/index.html,하위 페이지 더 보기
/하남초등영어과외/,/위례동초등영어과외/,위례동초등영어과외,C:/Projects/studyhub/output/하남초등영어과외/index.html,하위 페이지 더 보기
/하남초등영어과외/,/창우동초등영어과외/,창우동초등영어과외,C:/Projects/studyhub/output/하남초등영어과외/index.html,하위 페이지 더 보기
/하남초등영어과외/,/풍산동초등영어과외/,풍산동초등영어과외,C:/Projects/studyhub/output/하남초등영어과외/index.html,하위 페이지 더 보기
/하남초등영어과외/,/향남읍초등영어과외/,향남읍초등영어과외,C:/Projects/studyhub/output/하남초등영어과외/index.html,하위 페이지 더 보기
/화성고등과외/,/청계동고등과외/,청계동고등과외,C:/Projects/studyhub/output/화성고등과외/index.html,하위 페이지 더 보기
/화성고등과외/,/화성능동고등과외/,화성능동고등과외,C:/Projects/studyhub/output/화성고등과외/index.html,하위 페이지 더 보기
/화성고등수학과외/,/청계동고등수학과외/,청계동고등수학과외,C:/Projects/studyhub/output/화성고등수학과외/index.html,하위 페이지 더 보기
/화성고등수학과외/,/화성능동고등수학과외/,화성능동고등수학과외,C:/Projects/studyhub/output/화성고등수학과외/index.html,하위 페이지 더 보기
/화성고등영어과외/,/청계동고등영어과외/,청계동고등영어과외,C:/Projects/studyhub/output/화성고등영어과외/index.html,하위 페이지 더 보기
/화성고등영어과외/,/화성능동고등영어과외/,화성능동고등영어과외,C:/Projects/studyhub/output/화성고등영어과외/index.html,하위 페이지 더 보기
/화성과외/,/청계동과외/,청계동과외,C:/Projects/studyhub/output/화성과외/index.html,하위 페이지 더 보기
/화성과외/,/화성능동과외/,화성능동과외,C:/Projects/studyhub/output/화성과외/index.html,하위 페이지 더 보기
/화성수학과외/,/청계동수학과외/,청계동수학과외,C:/Projects/studyhub/output/화성수학과외/index.html,하위 페이지 더 보기
/화성수학과외/,/화성능동수학과외/,화성능동수학과외,C:/Projects/studyhub/output/화성수학과외/index.html,하위 페이지 더 보기
/화성영어과외/,/청계동영어과외/,청계동영어과외,C:/Projects/studyhub/output/화성영어과외/index.html,하위 페이지 더 보기
/화성영어과외/,/화성능동영어과외/,화성능동영어과외,C:/Projects/studyhub/output/화성영어과외/index.html,하위 페이지 더 보기
/화성중등과외/,/청계동중등과외/,청계동중등과외,C:/Projects/studyhub/output/화성중등과외/index.html,하위 페이지 더 보기
/화성중등과외/,/화성능동중등과외/,화성능동중등과외,C:/Projects/studyhub/output/화성중등과외/index.html,하위 페이지 더 보기
/화성중등수학과외/,/청계동중등수학과외/,청계동중등수학과외,C:/Projects/studyhub/output/화성중등수학과외/index.html,하위 페이지 더 보기
/화성중등수학과외/,/화성능동중등수학과외/,화성능동중등수학과외,C:/Projects/studyhub/output/화성중등수학과외/index.html,하위 페이지 더 보기
/화성중등영어과외/,/청계동중등영어과외/,청계동중등영어과외,C:/Projects/studyhub/output/화성중등영어과외/index.html,하위 페이지 더 보기
/화성중등영어과외/,/화성능동중등영어과외/,화성능동중등영어과외,C:/Projects/studyhub/output/화성중등영어과외/index.html,하위 페이지 더 보기
/화성초등과외/,/청계동초등과외/,청계동초등과외,C:/Projects/studyhub/output/화성초등과외/index.html,하위 페이지 더 보기
/화성초등과외/,/화성능동초등과외/,화성능동초등과외,C:/Projects/studyhub/output/화성초등과외/index.html,하위 페이지 더 보기
/화성초등수학과외/,/청계동초등수학과외/,청계동초등수학과외,C:/Projects/studyhub/output/화성초등수학과외/index.html,하위 페이지 더 보기
/화성초등수학과외/,/화성능동초등수학과외/,화성능동초등수학과외,C:/Projects/studyhub/output/화성초등수학과외/index.html,하위 페이지 더 보기
/화성초등영어과외/,/청계동초등영어과외/,청계동초등영어과외,C:/Projects/studyhub/output/화성초등영어과외/index.html,하위 페이지 더 보기
/화성초등영어과외/,/화성능동초등영어과외/,화성능동초등영어과외,C:/Projects/studyhub/output/화성초등영어과외/index.html,하위 페이지 더 보기
