file,url,removed_self_links
C:/Projects/studyhub/output/가경동과외/index.html,/가경동과외/,1
C:/Projects/studyhub/output/가경동수학과외/index.html,/가경동수학과외/,1
C:/Projects/studyhub/output/가경동영어과외/index.html,/가경동영어과외/,1
C:/Projects/studyhub/output/가경동중등과외/index.html,/가경동중등과외/,1
C:/Projects/studyhub/output/가경동초등과외/index.html,/가경동초등과외/,1
C:/Projects/studyhub/output/가락동과외/index.html,/가락동과외/,1
C:/Projects/studyhub/output/가락동수학과외/index.html,/가락동수학과외/,1
C:/Projects/studyhub/output/가락동영어과외/index.html,/가락동영어과외/,1
C:/Projects/studyhub/output/가락동중등과외/index.html,/가락동중등과외/,1
C:/Projects/studyhub/output/가락동초등과외/index.html,/가락동초등과외/,1
C:/Projects/studyhub/output/가산동과외/index.html,/가산동과외/,1
C:/Projects/studyhub/output/가산동수학과외/index.html,/가산동수학과외/,1
C:/Projects/studyhub/output/가산동영어과외/index.html,/가산동영어과외/,1
C:/Projects/studyhub/output/가산동중등과외/index.html,/가산동중등과외/,1
C:/Projects/studyhub/output/가산동초등과외/index.html,/가산동초등과외/,1
C:/Projects/studyhub/output/가야동과외/index.html,/가야동과외/,1
C:/Projects/studyhub/output/가야동수학과외/index.html,/가야동수학과외/,1
C:/Projects/studyhub/output/가야동영어과외/index.html,/가야동영어과외/,1
C:/Projects/studyhub/output/가야동중등과외/index.html,/가야동중등과외/,1
C:/Projects/studyhub/output/가야동초등과외/index.html,/가야동초등과외/,1
C:/Projects/studyhub/output/가양동과외/index.html,/가양동과외/,1
C:/Projects/studyhub/output/가양동수학과외/index.html,/가양동수학과외/,1
C:/Projects/studyhub/output/가양동영어과외/index.html,/가양동영어과외/,1
C:/Projects/studyhub/output/가양동중등과외/index.html,/가양동중등과외/,1
C:/Projects/studyhub/output/가양동초등과외/index.html,/가양동초등과외/,1
C:/Projects/studyhub/output/가정동과외/index.html,/가정동과외/,1
C:/Projects/studyhub/output/가정동수학과외/index.html,/가정동수학과외/,1
C:/Projects/studyhub/output/가정동영어과외/index.html,/가정동영어과외/,1
C:/Projects/studyhub/output/가정동중등과외/index.html,/가정동중등과외/,1
C:/Projects/studyhub/output/가정동초등과외/index.html,/가정동초등과외/,1
C:/Projects/studyhub/output/가좌동과외/index.html,/가좌동과외/,1
C:/Projects/studyhub/output/가좌동수학과외/index.html,/가좌동수학과외/,1
C:/Projects/studyhub/output/가좌동영어과외/index.html,/가좌동영어과외/,1
C:/Projects/studyhub/output/가좌동중등과외/index.html,/가좌동중등과외/,1
C:/Projects/studyhub/output/가좌동초등과외/index.html,/가좌동초등과외/,1
C:/Projects/studyhub/output/각하동과외/index.html,/각하동과외/,1
C:/Projects/studyhub/output/각하동수학과외/index.html,/각하동수학과외/,1
C:/Projects/studyhub/output/각하동영어과외/index.html,/각하동영어과외/,1
C:/Projects/studyhub/output/각하동중등과외/index.html,/각하동중등과외/,1
C:/Projects/studyhub/output/각하동초등과외/index.html,/각하동초등과외/,1
C:/Projects/studyhub/output/간석동과외/index.html,/간석동과외/,1
C:/Projects/studyhub/output/간석동수학과외/index.html,/간석동수학과외/,1
C:/Projects/studyhub/output/간석동영어과외/index.html,/간석동영어과외/,1
C:/Projects/studyhub/output/간석동중등과외/index.html,/간석동중등과외/,1
C:/Projects/studyhub/output/간석동초등과외/index.html,/간석동초등과외/,1
C:/Projects/studyhub/output/갈마동과외/index.html,/갈마동과외/,1
C:/Projects/studyhub/output/갈마동수학과외/index.html,/갈마동수학과외/,1
C:/Projects/studyhub/output/갈마동영어과외/index.html,/갈마동영어과외/,1
C:/Projects/studyhub/output/갈마동중등과외/index.html,/갈마동중등과외/,1
C:/Projects/studyhub/output/갈마동초등과외/index.html,/갈마동초등과외/,1
C:/Projects/studyhub/output/갈매동과외/index.html,/갈매동과외/,1
C:/Projects/studyhub/output/갈매동수학과외/index.html,/갈매동수학과외/,1
C:/Projects/studyhub/output/갈매동영어과외/index.html,/갈매동영어과외/,1
C:/Projects/studyhub/output/갈매동중등과외/index.html,/갈매동중등과외/,1
C:/Projects/studyhub/output/갈매동초등과외/index.html,/갈매동초등과외/,1
C:/Projects/studyhub/output/갈산동과외/index.html,/갈산동과외/,1
C:/Projects/studyhub/output/갈산동수학과외/index.html,/갈산동수학과외/,1
C:/Projects/studyhub/output/갈산동영어과외/index.html,/갈산동영어과외/,1
C:/Projects/studyhub/output/갈산동중등과외/index.html,/갈산동중등과외/,1
C:/Projects/studyhub/output/갈산동초등과외/index.html,/갈산동초등과외/,1
C:/Projects/studyhub/output/갈현동과외/index.html,/갈현동과외/,1
C:/Projects/studyhub/output/갈현동수학과외/index.html,/갈현동수학과외/,1
C:/Projects/studyhub/output/갈현동영어과외/index.html,/갈현동영어과외/,1
C:/Projects/studyhub/output/갈현동중등과외/index.html,/갈현동중등과외/,1
C:/Projects/studyhub/output/갈현동초등과외/index.html,/갈현동초등과외/,1
C:/Projects/studyhub/output/감북동과외/index.html,/감북동과외/,1
C:/Projects/studyhub/output/감북동수학과외/index.html,/감북동수학과외/,1
C:/Projects/studyhub/output/감북동영어과외/index.html,/감북동영어과외/,1
C:/Projects/studyhub/output/감북동중등과외/index.html,/감북동중등과외/,1
C:/Projects/studyhub/output/감북동초등과외/index.html,/감북동초등과외/,1
C:/Projects/studyhub/output/감삼동과외/index.html,/감삼동과외/,1
C:/Projects/studyhub/output/감삼동수학과외/index.html,/감삼동수학과외/,1
C:/Projects/studyhub/output/감삼동영어과외/index.html,/감삼동영어과외/,1
C:/Projects/studyhub/output/감삼동중등과외/index.html,/감삼동중등과외/,1
C:/Projects/studyhub/output/감삼동초등과외/index.html,/감삼동초등과외/,1
C:/Projects/studyhub/output/감이동과외/index.html,/감이동과외/,1
C:/Projects/studyhub/output/감이동수학과외/index.html,/감이동수학과외/,1
C:/Projects/studyhub/output/감이동영어과외/index.html,/감이동영어과외/,1
C:/Projects/studyhub/output/감이동중등과외/index.html,/감이동중등과외/,1
C:/Projects/studyhub/output/감이동초등과외/index.html,/감이동초등과외/,1
C:/Projects/studyhub/output/감일동과외/index.html,/감일동과외/,1
C:/Projects/studyhub/output/감일동수학과외/index.html,/감일동수학과외/,1
C:/Projects/studyhub/output/감일동영어과외/index.html,/감일동영어과외/,1
C:/Projects/studyhub/output/감일동중등과외/index.html,/감일동중등과외/,1
C:/Projects/studyhub/output/감일동초등과외/index.html,/감일동초등과외/,1
C:/Projects/studyhub/output/감전동과외/index.html,/감전동과외/,1
C:/Projects/studyhub/output/감전동수학과외/index.html,/감전동수학과외/,1
C:/Projects/studyhub/output/감전동영어과외/index.html,/감전동영어과외/,1
C:/Projects/studyhub/output/감전동중등과외/index.html,/감전동중등과외/,1
C:/Projects/studyhub/output/감전동초등과외/index.html,/감전동초등과외/,1
C:/Projects/studyhub/output/감정동과외/index.html,/감정동과외/,1
C:/Projects/studyhub/output/감정동수학과외/index.html,/감정동수학과외/,1
C:/Projects/studyhub/output/감정동영어과외/index.html,/감정동영어과외/,1
C:/Projects/studyhub/output/감정동중등과외/index.html,/감정동중등과외/,1
C:/Projects/studyhub/output/감정동초등과외/index.html,/감정동초등과외/,1
C:/Projects/studyhub/output/강남구수학과외/index.html,/강남구수학과외/,1
C:/Projects/studyhub/output/강남구영어과외/index.html,/강남구영어과외/,1
C:/Projects/studyhub/output/강남구중등과외/index.html,/강남구중등과외/,1
C:/Projects/studyhub/output/강남구초등과외/index.html,/강남구초등과외/,1
C:/Projects/studyhub/output/강동구과외/index.html,/강동구과외/,1
C:/Projects/studyhub/output/강동구수학과외/index.html,/강동구수학과외/,1
C:/Projects/studyhub/output/강동구영어과외/index.html,/강동구영어과외/,1
C:/Projects/studyhub/output/강동구중등과외/index.html,/강동구중등과외/,1
C:/Projects/studyhub/output/강동구초등과외/index.html,/강동구초등과외/,1
C:/Projects/studyhub/output/강북구과외/index.html,/강북구과외/,1
C:/Projects/studyhub/output/강북구수학과외/index.html,/강북구수학과외/,1
C:/Projects/studyhub/output/강북구영어과외/index.html,/강북구영어과외/,1
C:/Projects/studyhub/output/강북구중등과외/index.html,/강북구중등과외/,1
C:/Projects/studyhub/output/강북구초등과외/index.html,/강북구초등과외/,1
C:/Projects/studyhub/output/강서구과외/index.html,/강서구과외/,1
C:/Projects/studyhub/output/강서구수학과외/index.html,/강서구수학과외/,1
C:/Projects/studyhub/output/강서구영어과외/index.html,/강서구영어과외/,1
C:/Projects/studyhub/output/강서구중등과외/index.html,/강서구중등과외/,1
C:/Projects/studyhub/output/강서구초등과외/index.html,/강서구초등과외/,1
C:/Projects/studyhub/output/강서동과외/index.html,/강서동과외/,1
C:/Projects/studyhub/output/강서동수학과외/index.html,/강서동수학과외/,1
C:/Projects/studyhub/output/강서동영어과외/index.html,/강서동영어과외/,1
C:/Projects/studyhub/output/강서동중등과외/index.html,/강서동중등과외/,1
C:/Projects/studyhub/output/강서동초등과외/index.html,/강서동초등과외/,1
C:/Projects/studyhub/output/강원과외/index.html,/강원과외/,1
C:/Projects/studyhub/output/강원수학과외/index.html,/강원수학과외/,1
C:/Projects/studyhub/output/강원영어과외/index.html,/강원영어과외/,1
C:/Projects/studyhub/output/강원중등과외/index.html,/강원중등과외/,1
C:/Projects/studyhub/output/강원초등과외/index.html,/강원초등과외/,1
C:/Projects/studyhub/output/강일동과외/index.html,/강일동과외/,1
C:/Projects/studyhub/output/강일동수학과외/index.html,/강일동수학과외/,1
C:/Projects/studyhub/output/강일동영어과외/index.html,/강일동영어과외/,1
C:/Projects/studyhub/output/강일동중등과외/index.html,/강일동중등과외/,1
C:/Projects/studyhub/output/강일동초등과외/index.html,/강일동초등과외/,1
C:/Projects/studyhub/output/개봉동과외/index.html,/개봉동과외/,1
C:/Projects/studyhub/output/개봉동수학과외/index.html,/개봉동수학과외/,1
C:/Projects/studyhub/output/개봉동영어과외/index.html,/개봉동영어과외/,1
C:/Projects/studyhub/output/개봉동중등과외/index.html,/개봉동중등과외/,1
C:/Projects/studyhub/output/개봉동초등과외/index.html,/개봉동초등과외/,1
C:/Projects/studyhub/output/개신동과외/index.html,/개신동과외/,1
C:/Projects/studyhub/output/개신동수학과외/index.html,/개신동수학과외/,1
C:/Projects/studyhub/output/개신동영어과외/index.html,/개신동영어과외/,1
C:/Projects/studyhub/output/개신동중등과외/index.html,/개신동중등과외/,1
C:/Projects/studyhub/output/개신동초등과외/index.html,/개신동초등과외/,1
C:/Projects/studyhub/output/개포동과외/index.html,/개포동과외/,1
C:/Projects/studyhub/output/개포동수학과외/index.html,/개포동수학과외/,1
C:/Projects/studyhub/output/개포동영어과외/index.html,/개포동영어과외/,1
C:/Projects/studyhub/output/개포동중등과외/index.html,/개포동중등과외/,1
C:/Projects/studyhub/output/개포동초등과외/index.html,/개포동초등과외/,1
C:/Projects/studyhub/output/거여동과외/index.html,/거여동과외/,1
C:/Projects/studyhub/output/거여동수학과외/index.html,/거여동수학과외/,1
C:/Projects/studyhub/output/거여동영어과외/index.html,/거여동영어과외/,1
C:/Projects/studyhub/output/거여동중등과외/index.html,/거여동중등과외/,1
C:/Projects/studyhub/output/거여동초등과외/index.html,/거여동초등과외/,1
C:/Projects/studyhub/output/거제동과외/index.html,/거제동과외/,1
C:/Projects/studyhub/output/거제동수학과외/index.html,/거제동수학과외/,1
C:/Projects/studyhub/output/거제동영어과외/index.html,/거제동영어과외/,1
C:/Projects/studyhub/output/거제동중등과외/index.html,/거제동중등과외/,1
C:/Projects/studyhub/output/거제동초등과외/index.html,/거제동초등과외/,1
C:/Projects/studyhub/output/걸포동과외/index.html,/걸포동과외/,1
C:/Projects/studyhub/output/걸포동수학과외/index.html,/걸포동수학과외/,1
C:/Projects/studyhub/output/걸포동영어과외/index.html,/걸포동영어과외/,1
C:/Projects/studyhub/output/걸포동중등과외/index.html,/걸포동중등과외/,1
C:/Projects/studyhub/output/걸포동초등과외/index.html,/걸포동초등과외/,1
C:/Projects/studyhub/output/검암동과외/index.html,/검암동과외/,1
C:/Projects/studyhub/output/검암동수학과외/index.html,/검암동수학과외/,1
C:/Projects/studyhub/output/검암동영어과외/index.html,/검암동영어과외/,1
C:/Projects/studyhub/output/검암동중등과외/index.html,/검암동중등과외/,1
C:/Projects/studyhub/output/검암동초등과외/index.html,/검암동초등과외/,1
C:/Projects/studyhub/output/경기과외/index.html,/경기과외/,1
C:/Projects/studyhub/output/경기광주과외/index.html,/경기광주과외/,1
C:/Projects/studyhub/output/경기광주수학과외/index.html,/경기광주수학과외/,1
C:/Projects/studyhub/output/경기광주영어과외/index.html,/경기광주영어과외/,1
C:/Projects/studyhub/output/경기광주중등과외/index.html,/경기광주중등과외/,1
C:/Projects/studyhub/output/경기광주초등과외/index.html,/경기광주초등과외/,1
C:/Projects/studyhub/output/경기도과외/index.html,/경기도과외/,1
C:/Projects/studyhub/output/경기도수학과외/index.html,/경기도수학과외/,1
C:/Projects/studyhub/output/경기도영어과외/index.html,/경기도영어과외/,1
C:/Projects/studyhub/output/경기도중등과외/index.html,/경기도중등과외/,1
C:/Projects/studyhub/output/경기도초등과외/index.html,/경기도초등과외/,1
C:/Projects/studyhub/output/경기수학과외/index.html,/경기수학과외/,1
C:/Projects/studyhub/output/경기영어과외/index.html,/경기영어과외/,1
C:/Projects/studyhub/output/경기중등과외/index.html,/경기중등과외/,1
C:/Projects/studyhub/output/경기초등과외/index.html,/경기초등과외/,1
C:/Projects/studyhub/output/경남과외/index.html,/경남과외/,1
C:/Projects/studyhub/output/경북과외/index.html,/경북과외/,1
C:/Projects/studyhub/output/경북수학과외/index.html,/경북수학과외/,1
C:/Projects/studyhub/output/경북영어과외/index.html,/경북영어과외/,1
C:/Projects/studyhub/output/경북중등과외/index.html,/경북중등과외/,1
C:/Projects/studyhub/output/경북초등과외/index.html,/경북초등과외/,1
C:/Projects/studyhub/output/경산과외/index.html,/경산과외/,1
C:/Projects/studyhub/output/경산수학과외/index.html,/경산수학과외/,1
C:/Projects/studyhub/output/경산영어과외/index.html,/경산영어과외/,1
C:/Projects/studyhub/output/경산중등과외/index.html,/경산중등과외/,1
C:/Projects/studyhub/output/경산초등과외/index.html,/경산초등과외/,1
C:/Projects/studyhub/output/경안동과외/index.html,/경안동과외/,1
C:/Projects/studyhub/output/경안동수학과외/index.html,/경안동수학과외/,1
C:/Projects/studyhub/output/경안동영어과외/index.html,/경안동영어과외/,1
C:/Projects/studyhub/output/경안동중등과외/index.html,/경안동중등과외/,1
C:/Projects/studyhub/output/경안동초등과외/index.html,/경안동초등과외/,1
C:/Projects/studyhub/output/계산동과외/index.html,/계산동과외/,1
C:/Projects/studyhub/output/계산동수학과외/index.html,/계산동수학과외/,1
C:/Projects/studyhub/output/계산동영어과외/index.html,/계산동영어과외/,1
C:/Projects/studyhub/output/계산동중등과외/index.html,/계산동중등과외/,1
C:/Projects/studyhub/output/계산동초등과외/index.html,/계산동초등과외/,1
C:/Projects/studyhub/output/계수동과외/index.html,/계수동과외/,1
C:/Projects/studyhub/output/계수동수학과외/index.html,/계수동수학과외/,1
C:/Projects/studyhub/output/계수동영어과외/index.html,/계수동영어과외/,1
C:/Projects/studyhub/output/계수동중등과외/index.html,/계수동중등과외/,1
C:/Projects/studyhub/output/계수동초등과외/index.html,/계수동초등과외/,1
C:/Projects/studyhub/output/계양구과외/index.html,/계양구과외/,1
C:/Projects/studyhub/output/계양구수학과외/index.html,/계양구수학과외/,1
C:/Projects/studyhub/output/계양구영어과외/index.html,/계양구영어과외/,1
C:/Projects/studyhub/output/계양구중등과외/index.html,/계양구중등과외/,1
C:/Projects/studyhub/output/계양구초등과외/index.html,/계양구초등과외/,1
C:/Projects/studyhub/output/고강동과외/index.html,/고강동과외/,1
C:/Projects/studyhub/output/고강동수학과외/index.html,/고강동수학과외/,1
C:/Projects/studyhub/output/고강동영어과외/index.html,/고강동영어과외/,1
C:/Projects/studyhub/output/고강동중등과외/index.html,/고강동중등과외/,1
C:/Projects/studyhub/output/고강동초등과외/index.html,/고강동초등과외/,1
C:/Projects/studyhub/output/고덕동과외/index.html,/고덕동과외/,1
C:/Projects/studyhub/output/고덕동수학과외/index.html,/고덕동수학과외/,1
C:/Projects/studyhub/output/고덕동영어과외/index.html,/고덕동영어과외/,1
C:/Projects/studyhub/output/고덕동중등과외/index.html,/고덕동중등과외/,1
C:/Projects/studyhub/output/고덕동초등과외/index.html,/고덕동초등과외/,1
C:/Projects/studyhub/output/고암동과외/index.html,/고암동과외/,1
C:/Projects/studyhub/output/고암동수학과외/index.html,/고암동수학과외/,1
C:/Projects/studyhub/output/고암동영어과외/index.html,/고암동영어과외/,1
C:/Projects/studyhub/output/고암동중등과외/index.html,/고암동중등과외/,1
C:/Projects/studyhub/output/고암동초등과외/index.html,/고암동초등과외/,1
C:/Projects/studyhub/output/고양동과외/index.html,/고양동과외/,1
C:/Projects/studyhub/output/고양동수학과외/index.html,/고양동수학과외/,1
C:/Projects/studyhub/output/고양동영어과외/index.html,/고양동영어과외/,1
C:/Projects/studyhub/output/고양동중등과외/index.html,/고양동중등과외/,1
C:/Projects/studyhub/output/고양동초등과외/index.html,/고양동초등과외/,1
C:/Projects/studyhub/output/고운동과외/index.html,/고운동과외/,1
C:/Projects/studyhub/output/고운동수학과외/index.html,/고운동수학과외/,1
C:/Projects/studyhub/output/고운동영어과외/index.html,/고운동영어과외/,1
C:/Projects/studyhub/output/고운동중등과외/index.html,/고운동중등과외/,1
C:/Projects/studyhub/output/고운동초등과외/index.html,/고운동초등과외/,1
C:/Projects/studyhub/output/고읍동과외/index.html,/고읍동과외/,1
C:/Projects/studyhub/output/고읍동수학과외/index.html,/고읍동수학과외/,1
C:/Projects/studyhub/output/고읍동영어과외/index.html,/고읍동영어과외/,1
C:/Projects/studyhub/output/고읍동중등과외/index.html,/고읍동중등과외/,1
C:/Projects/studyhub/output/고읍동초등과외/index.html,/고읍동초등과외/,1
C:/Projects/studyhub/output/고잔동과외/index.html,/고잔동과외/,1
C:/Projects/studyhub/output/고잔동수학과외/index.html,/고잔동수학과외/,1
C:/Projects/studyhub/output/고잔동영어과외/index.html,/고잔동영어과외/,1
C:/Projects/studyhub/output/고잔동중등과외/index.html,/고잔동중등과외/,1
C:/Projects/studyhub/output/고잔동초등과외/index.html,/고잔동초등과외/,1
C:/Projects/studyhub/output/고척동과외/index.html,/고척동과외/,1
C:/Projects/studyhub/output/고척동수학과외/index.html,/고척동수학과외/,1
C:/Projects/studyhub/output/고척동영어과외/index.html,/고척동영어과외/,1
C:/Projects/studyhub/output/고척동중등과외/index.html,/고척동중등과외/,1
C:/Projects/studyhub/output/고척동초등과외/index.html,/고척동초등과외/,1
C:/Projects/studyhub/output/고천동과외/index.html,/고천동과외/,1
C:/Projects/studyhub/output/고천동수학과외/index.html,/고천동수학과외/,1
C:/Projects/studyhub/output/고천동영어과외/index.html,/고천동영어과외/,1
C:/Projects/studyhub/output/고천동중등과외/index.html,/고천동중등과외/,1
C:/Projects/studyhub/output/고천동초등과외/index.html,/고천동초등과외/,1
C:/Projects/studyhub/output/고촌읍과외/index.html,/고촌읍과외/,1
C:/Projects/studyhub/output/고촌읍수학과외/index.html,/고촌읍수학과외/,1
C:/Projects/studyhub/output/고촌읍영어과외/index.html,/고촌읍영어과외/,1
C:/Projects/studyhub/output/고촌읍중등과외/index.html,/고촌읍중등과외/,1
C:/Projects/studyhub/output/고촌읍초등과외/index.html,/고촌읍초등과외/,1
C:/Projects/studyhub/output/곡반정동과외/index.html,/곡반정동과외/,1
C:/Projects/studyhub/output/곡반정동수학과외/index.html,/곡반정동수학과외/,1
C:/Projects/studyhub/output/곡반정동영어과외/index.html,/곡반정동영어과외/,1
C:/Projects/studyhub/output/곡반정동중등과외/index.html,/곡반정동중등과외/,1
C:/Projects/studyhub/output/곡반정동초등과외/index.html,/곡반정동초등과외/,1
C:/Projects/studyhub/output/공덕동과외/index.html,/공덕동과외/,1
C:/Projects/studyhub/output/공덕동수학과외/index.html,/공덕동수학과외/,1
C:/Projects/studyhub/output/공덕동영어과외/index.html,/공덕동영어과외/,1
C:/Projects/studyhub/output/공덕동중등과외/index.html,/공덕동중등과외/,1
C:/Projects/studyhub/output/공덕동초등과외/index.html,/공덕동초등과외/,1
C:/Projects/studyhub/output/공릉동과외/index.html,/공릉동과외/,1
C:/Projects/studyhub/output/공릉동수학과외/index.html,/공릉동수학과외/,1
C:/Projects/studyhub/output/공릉동영어과외/index.html,/공릉동영어과외/,1
C:/Projects/studyhub/output/공릉동중등과외/index.html,/공릉동중등과외/,1
C:/Projects/studyhub/output/공릉동초등과외/index.html,/공릉동초등과외/,1
C:/Projects/studyhub/output/과천과외/index.html,/과천과외/,1
C:/Projects/studyhub/output/과천수학과외/index.html,/과천수학과외/,1
C:/Projects/studyhub/output/과천영어과외/index.html,/과천영어과외/,1
C:/Projects/studyhub/output/과천중등과외/index.html,/과천중등과외/,1
C:/Projects/studyhub/output/과천초등과외/index.html,/과천초등과외/,1
C:/Projects/studyhub/output/관악구과외/index.html,/관악구과외/,1
C:/Projects/studyhub/output/관악구수학과외/index.html,/관악구수학과외/,1
C:/Projects/studyhub/output/관악구영어과외/index.html,/관악구영어과외/,1
C:/Projects/studyhub/output/관악구중등과외/index.html,/관악구중등과외/,1
C:/Projects/studyhub/output/관악구초등과외/index.html,/관악구초등과외/,1
C:/Projects/studyhub/output/관양동과외/index.html,/관양동과외/,1
C:/Projects/studyhub/output/관양동수학과외/index.html,/관양동수학과외/,1
C:/Projects/studyhub/output/관양동영어과외/index.html,/관양동영어과외/,1
C:/Projects/studyhub/output/관양동중등과외/index.html,/관양동중등과외/,1
C:/Projects/studyhub/output/관양동초등과외/index.html,/관양동초등과외/,1
C:/Projects/studyhub/output/관음동과외/index.html,/관음동과외/,1
C:/Projects/studyhub/output/관음동수학과외/index.html,/관음동수학과외/,1
C:/Projects/studyhub/output/관음동영어과외/index.html,/관음동영어과외/,1
C:/Projects/studyhub/output/관음동중등과외/index.html,/관음동중등과외/,1
C:/Projects/studyhub/output/관음동초등과외/index.html,/관음동초등과외/,1
C:/Projects/studyhub/output/관저동과외/index.html,/관저동과외/,1
C:/Projects/studyhub/output/관저동수학과외/index.html,/관저동수학과외/,1
C:/Projects/studyhub/output/관저동영어과외/index.html,/관저동영어과외/,1
C:/Projects/studyhub/output/관저동중등과외/index.html,/관저동중등과외/,1
C:/Projects/studyhub/output/관저동초등과외/index.html,/관저동초등과외/,1
C:/Projects/studyhub/output/관평동과외/index.html,/관평동과외/,1
C:/Projects/studyhub/output/관평동수학과외/index.html,/관평동수학과외/,1
C:/Projects/studyhub/output/관평동영어과외/index.html,/관평동영어과외/,1
C:/Projects/studyhub/output/관평동중등과외/index.html,/관평동중등과외/,1
C:/Projects/studyhub/output/관평동초등과외/index.html,/관평동초등과외/,1
C:/Projects/studyhub/output/광명과외/index.html,/광명과외/,1
C:/Projects/studyhub/output/광명동과외/index.html,/광명동과외/,1
C:/Projects/studyhub/output/광명동수학과외/index.html,/광명동수학과외/,1
C:/Projects/studyhub/output/광명동영어과외/index.html,/광명동영어과외/,1
C:/Projects/studyhub/output/광명동중등과외/index.html,/광명동중등과외/,1
C:/Projects/studyhub/output/광명동초등과외/index.html,/광명동초등과외/,1
C:/Projects/studyhub/output/광명수학과외/index.html,/광명수학과외/,1
C:/Projects/studyhub/output/광명영어과외/index.html,/광명영어과외/,1
C:/Projects/studyhub/output/광명중등과외/index.html,/광명중등과외/,1
C:/Projects/studyhub/output/광명초등과외/index.html,/광명초등과외/,1
C:/Projects/studyhub/output/광사동과외/index.html,/광사동과외/,1
C:/Projects/studyhub/output/광사동수학과외/index.html,/광사동수학과외/,1
C:/Projects/studyhub/output/광사동영어과외/index.html,/광사동영어과외/,1
C:/Projects/studyhub/output/광사동중등과외/index.html,/광사동중등과외/,1
C:/Projects/studyhub/output/광사동초등과외/index.html,/광사동초등과외/,1
C:/Projects/studyhub/output/광산구과외/index.html,/광산구과외/,1
C:/Projects/studyhub/output/광산구수학과외/index.html,/광산구수학과외/,1
C:/Projects/studyhub/output/광산구영어과외/index.html,/광산구영어과외/,1
C:/Projects/studyhub/output/광산구중등과외/index.html,/광산구중등과외/,1
C:/Projects/studyhub/output/광산구초등과외/index.html,/광산구초등과외/,1
C:/Projects/studyhub/output/광안동과외/index.html,/광안동과외/,1
C:/Projects/studyhub/output/광안동수학과외/index.html,/광안동수학과외/,1
C:/Projects/studyhub/output/광안동영어과외/index.html,/광안동영어과외/,1
C:/Projects/studyhub/output/광안동중등과외/index.html,/광안동중등과외/,1
C:/Projects/studyhub/output/광안동초등과외/index.html,/광안동초등과외/,1
C:/Projects/studyhub/output/광장동과외/index.html,/광장동과외/,1
C:/Projects/studyhub/output/광장동수학과외/index.html,/광장동수학과외/,1
C:/Projects/studyhub/output/광장동영어과외/index.html,/광장동영어과외/,1
C:/Projects/studyhub/output/광장동중등과외/index.html,/광장동중등과외/,1
C:/Projects/studyhub/output/광장동초등과외/index.html,/광장동초등과외/,1
C:/Projects/studyhub/output/광주과외/index.html,/광주과외/,1
C:/Projects/studyhub/output/광주남구과외/index.html,/광주남구과외/,1
C:/Projects/studyhub/output/광주남구수학과외/index.html,/광주남구수학과외/,1
C:/Projects/studyhub/output/광주남구영어과외/index.html,/광주남구영어과외/,1
C:/Projects/studyhub/output/광주남구중등과외/index.html,/광주남구중등과외/,1
C:/Projects/studyhub/output/광주남구초등과외/index.html,/광주남구초등과외/,1
C:/Projects/studyhub/output/광주북구과외/index.html,/광주북구과외/,1
C:/Projects/studyhub/output/광주북구수학과외/index.html,/광주북구수학과외/,1
C:/Projects/studyhub/output/광주북구영어과외/index.html,/광주북구영어과외/,1
C:/Projects/studyhub/output/광주북구중등과외/index.html,/광주북구중등과외/,1
C:/Projects/studyhub/output/광주북구초등과외/index.html,/광주북구초등과외/,1
C:/Projects/studyhub/output/광주서구과외/index.html,/광주서구과외/,1
C:/Projects/studyhub/output/광주서구수학과외/index.html,/광주서구수학과외/,1
C:/Projects/studyhub/output/광주서구영어과외/index.html,/광주서구영어과외/,1
C:/Projects/studyhub/output/광주서구중등과외/index.html,/광주서구중등과외/,1
C:/Projects/studyhub/output/광주서구초등과외/index.html,/광주서구초등과외/,1
C:/Projects/studyhub/output/광주수학과외/index.html,/광주수학과외/,1
C:/Projects/studyhub/output/광주영어과외/index.html,/광주영어과외/,1
C:/Projects/studyhub/output/광주월계동과외/index.html,/광주월계동과외/,1
C:/Projects/studyhub/output/광주월계동수학과외/index.html,/광주월계동수학과외/,1
C:/Projects/studyhub/output/광주월계동영어과외/index.html,/광주월계동영어과외/,1
C:/Projects/studyhub/output/광주월계동중등과외/index.html,/광주월계동중등과외/,1
C:/Projects/studyhub/output/광주월계동초등과외/index.html,/광주월계동초등과외/,1
C:/Projects/studyhub/output/광주중구과외/index.html,/광주중구과외/,1
C:/Projects/studyhub/output/광주중구수학과외/index.html,/광주중구수학과외/,1
C:/Projects/studyhub/output/광주중구영어과외/index.html,/광주중구영어과외/,1
C:/Projects/studyhub/output/광주중구중등과외/index.html,/광주중구중등과외/,1
C:/Projects/studyhub/output/광주중구초등과외/index.html,/광주중구초등과외/,1
C:/Projects/studyhub/output/광주중등과외/index.html,/광주중등과외/,1
C:/Projects/studyhub/output/광주초등과외/index.html,/광주초등과외/,1
C:/Projects/studyhub/output/광주화정동과외/index.html,/광주화정동과외/,1
C:/Projects/studyhub/output/광주화정동수학과외/index.html,/광주화정동수학과외/,1
C:/Projects/studyhub/output/광주화정동영어과외/index.html,/광주화정동영어과외/,1
C:/Projects/studyhub/output/광주화정동중등과외/index.html,/광주화정동중등과외/,1
C:/Projects/studyhub/output/광주화정동초등과외/index.html,/광주화정동초등과외/,1
C:/Projects/studyhub/output/광주흑석동과외/index.html,/광주흑석동과외/,1
C:/Projects/studyhub/output/광주흑석동수학과외/index.html,/광주흑석동수학과외/,1
C:/Projects/studyhub/output/광주흑석동영어과외/index.html,/광주흑석동영어과외/,1
C:/Projects/studyhub/output/광주흑석동중등과외/index.html,/광주흑석동중등과외/,1
C:/Projects/studyhub/output/광주흑석동초등과외/index.html,/광주흑석동초등과외/,1
C:/Projects/studyhub/output/광진구과외/index.html,/광진구과외/,1
C:/Projects/studyhub/output/광진구수학과외/index.html,/광진구수학과외/,1
C:/Projects/studyhub/output/광진구영어과외/index.html,/광진구영어과외/,1
C:/Projects/studyhub/output/광진구중등과외/index.html,/광진구중등과외/,1
C:/Projects/studyhub/output/광진구초등과외/index.html,/광진구초등과외/,1
C:/Projects/studyhub/output/광천동과외/index.html,/광천동과외/,1
C:/Projects/studyhub/output/광천동수학과외/index.html,/광천동수학과외/,1
C:/Projects/studyhub/output/광천동영어과외/index.html,/광천동영어과외/,1
C:/Projects/studyhub/output/광천동중등과외/index.html,/광천동중등과외/,1
C:/Projects/studyhub/output/광천동초등과외/index.html,/광천동초등과외/,1
C:/Projects/studyhub/output/괴안동과외/index.html,/괴안동과외/,1
C:/Projects/studyhub/output/괴안동수학과외/index.html,/괴안동수학과외/,1
C:/Projects/studyhub/output/괴안동영어과외/index.html,/괴안동영어과외/,1
C:/Projects/studyhub/output/괴안동중등과외/index.html,/괴안동중등과외/,1
C:/Projects/studyhub/output/괴안동초등과외/index.html,/괴안동초등과외/,1
C:/Projects/studyhub/output/괴정동과외/index.html,/괴정동과외/,1
C:/Projects/studyhub/output/괴정동수학과외/index.html,/괴정동수학과외/,1
C:/Projects/studyhub/output/괴정동영어과외/index.html,/괴정동영어과외/,1
C:/Projects/studyhub/output/괴정동중등과외/index.html,/괴정동중등과외/,1
C:/Projects/studyhub/output/괴정동초등과외/index.html,/괴정동초등과외/,1
C:/Projects/studyhub/output/교동과외/index.html,/교동과외/,1
C:/Projects/studyhub/output/교동수학과외/index.html,/교동수학과외/,1
C:/Projects/studyhub/output/교동영어과외/index.html,/교동영어과외/,1
C:/Projects/studyhub/output/교동중등과외/index.html,/교동중등과외/,1
C:/Projects/studyhub/output/교동초등과외/index.html,/교동초등과외/,1
C:/Projects/studyhub/output/교문동과외/index.html,/교문동과외/,1
C:/Projects/studyhub/output/교문동수학과외/index.html,/교문동수학과외/,1
C:/Projects/studyhub/output/교문동영어과외/index.html,/교문동영어과외/,1
C:/Projects/studyhub/output/교문동중등과외/index.html,/교문동중등과외/,1
C:/Projects/studyhub/output/교문동초등과외/index.html,/교문동초등과외/,1
C:/Projects/studyhub/output/교촌동과외/index.html,/교촌동과외/,1
C:/Projects/studyhub/output/교촌동수학과외/index.html,/교촌동수학과외/,1
C:/Projects/studyhub/output/교촌동영어과외/index.html,/교촌동영어과외/,1
C:/Projects/studyhub/output/교촌동중등과외/index.html,/교촌동중등과외/,1
C:/Projects/studyhub/output/교촌동초등과외/index.html,/교촌동초등과외/,1
C:/Projects/studyhub/output/교하동과외/index.html,/교하동과외/,1
C:/Projects/studyhub/output/교하동수학과외/index.html,/교하동수학과외/,1
C:/Projects/studyhub/output/교하동영어과외/index.html,/교하동영어과외/,1
C:/Projects/studyhub/output/교하동중등과외/index.html,/교하동중등과외/,1
C:/Projects/studyhub/output/교하동초등과외/index.html,/교하동초등과외/,1
C:/Projects/studyhub/output/교현동과외/index.html,/교현동과외/,1
C:/Projects/studyhub/output/교현동수학과외/index.html,/교현동수학과외/,1
C:/Projects/studyhub/output/교현동영어과외/index.html,/교현동영어과외/,1
C:/Projects/studyhub/output/교현동중등과외/index.html,/교현동중등과외/,1
C:/Projects/studyhub/output/교현동초등과외/index.html,/교현동초등과외/,1
C:/Projects/studyhub/output/구갈동과외/index.html,/구갈동과외/,1
C:/Projects/studyhub/output/구갈동수학과외/index.html,/구갈동수학과외/,1
C:/Projects/studyhub/output/구갈동영어과외/index.html,/구갈동영어과외/,1
C:/Projects/studyhub/output/구갈동중등과외/index.html,/구갈동중등과외/,1
C:/Projects/studyhub/output/구갈동초등과외/index.html,/구갈동초등과외/,1
C:/Projects/studyhub/output/구래동과외/index.html,/구래동과외/,1
C:/Projects/studyhub/output/구래동수학과외/index.html,/구래동수학과외/,1
C:/Projects/studyhub/output/구래동영어과외/index.html,/구래동영어과외/,1
C:/Projects/studyhub/output/구래동중등과외/index.html,/구래동중등과외/,1
C:/Projects/studyhub/output/구래동초등과외/index.html,/구래동초등과외/,1
C:/Projects/studyhub/output/구로구과외/index.html,/구로구과외/,1
C:/Projects/studyhub/output/구로구수학과외/index.html,/구로구수학과외/,1
C:/Projects/studyhub/output/구로구영어과외/index.html,/구로구영어과외/,1
C:/Projects/studyhub/output/구로구중등과외/index.html,/구로구중등과외/,1
C:/Projects/studyhub/output/구로구초등과외/index.html,/구로구초등과외/,1
C:/Projects/studyhub/output/구로동과외/index.html,/구로동과외/,1
C:/Projects/studyhub/output/구로동수학과외/index.html,/구로동수학과외/,1
C:/Projects/studyhub/output/구로동영어과외/index.html,/구로동영어과외/,1
C:/Projects/studyhub/output/구로동중등과외/index.html,/구로동중등과외/,1
C:/Projects/studyhub/output/구로동초등과외/index.html,/구로동초등과외/,1
C:/Projects/studyhub/output/구리과외/index.html,/구리과외/,1
C:/Projects/studyhub/output/구리수학과외/index.html,/구리수학과외/,1
C:/Projects/studyhub/output/구리영어과외/index.html,/구리영어과외/,1
C:/Projects/studyhub/output/구리중등과외/index.html,/구리중등과외/,1
C:/Projects/studyhub/output/구리초등과외/index.html,/구리초등과외/,1
C:/Projects/studyhub/output/구미동과외/index.html,/구미동과외/,1
C:/Projects/studyhub/output/구미동수학과외/index.html,/구미동수학과외/,1
C:/Projects/studyhub/output/구미동영어과외/index.html,/구미동영어과외/,1
C:/Projects/studyhub/output/구미동중등과외/index.html,/구미동중등과외/,1
C:/Projects/studyhub/output/구미동초등과외/index.html,/구미동초등과외/,1
C:/Projects/studyhub/output/구서동과외/index.html,/구서동과외/,1
C:/Projects/studyhub/output/구서동수학과외/index.html,/구서동수학과외/,1
C:/Projects/studyhub/output/구서동영어과외/index.html,/구서동영어과외/,1
C:/Projects/studyhub/output/구서동중등과외/index.html,/구서동중등과외/,1
C:/Projects/studyhub/output/구서동초등과외/index.html,/구서동초등과외/,1
C:/Projects/studyhub/output/구성동과외/index.html,/구성동과외/,1
C:/Projects/studyhub/output/구성동수학과외/index.html,/구성동수학과외/,1
C:/Projects/studyhub/output/구성동영어과외/index.html,/구성동영어과외/,1
C:/Projects/studyhub/output/구성동중등과외/index.html,/구성동중등과외/,1
C:/Projects/studyhub/output/구성동초등과외/index.html,/구성동초등과외/,1
C:/Projects/studyhub/output/구암동과외/index.html,/구암동과외/,1
C:/Projects/studyhub/output/구암동수학과외/index.html,/구암동수학과외/,1
C:/Projects/studyhub/output/구암동영어과외/index.html,/구암동영어과외/,1
C:/Projects/studyhub/output/구암동중등과외/index.html,/구암동중등과외/,1
C:/Projects/studyhub/output/구암동초등과외/index.html,/구암동초등과외/,1
C:/Projects/studyhub/output/구운동과외/index.html,/구운동과외/,1
C:/Projects/studyhub/output/구운동수학과외/index.html,/구운동수학과외/,1
C:/Projects/studyhub/output/구운동영어과외/index.html,/구운동영어과외/,1
C:/Projects/studyhub/output/구운동중등과외/index.html,/구운동중등과외/,1
C:/Projects/studyhub/output/구운동초등과외/index.html,/구운동초등과외/,1
C:/Projects/studyhub/output/구월동과외/index.html,/구월동과외/,1
C:/Projects/studyhub/output/구월동수학과외/index.html,/구월동수학과외/,1
C:/Projects/studyhub/output/구월동영어과외/index.html,/구월동영어과외/,1
C:/Projects/studyhub/output/구월동중등과외/index.html,/구월동중등과외/,1
C:/Projects/studyhub/output/구월동초등과외/index.html,/구월동초등과외/,1
C:/Projects/studyhub/output/구의동과외/index.html,/구의동과외/,1
C:/Projects/studyhub/output/구의동수학과외/index.html,/구의동수학과외/,1
C:/Projects/studyhub/output/구의동영어과외/index.html,/구의동영어과외/,1
C:/Projects/studyhub/output/구의동중등과외/index.html,/구의동중등과외/,1
C:/Projects/studyhub/output/구의동초등과외/index.html,/구의동초등과외/,1
C:/Projects/studyhub/output/구포동과외/index.html,/구포동과외/,1
C:/Projects/studyhub/output/구포동수학과외/index.html,/구포동수학과외/,1
C:/Projects/studyhub/output/구포동영어과외/index.html,/구포동영어과외/,1
C:/Projects/studyhub/output/구포동중등과외/index.html,/구포동중등과외/,1
C:/Projects/studyhub/output/구포동초등과외/index.html,/구포동초등과외/,1
C:/Projects/studyhub/output/군자동과외/index.html,/군자동과외/,1
C:/Projects/studyhub/output/군자동수학과외/index.html,/군자동수학과외/,1
C:/Projects/studyhub/output/군자동영어과외/index.html,/군자동영어과외/,1
C:/Projects/studyhub/output/군자동중등과외/index.html,/군자동중등과외/,1
C:/Projects/studyhub/output/군자동초등과외/index.html,/군자동초등과외/,1
C:/Projects/studyhub/output/군포과외/index.html,/군포과외/,1
C:/Projects/studyhub/output/군포수학과외/index.html,/군포수학과외/,1
C:/Projects/studyhub/output/군포영어과외/index.html,/군포영어과외/,1
C:/Projects/studyhub/output/군포중등과외/index.html,/군포중등과외/,1
C:/Projects/studyhub/output/군포초등과외/index.html,/군포초등과외/,1
C:/Projects/studyhub/output/권선구과외/index.html,/권선구과외/,1
C:/Projects/studyhub/output/권선구수학과외/index.html,/권선구수학과외/,1
C:/Projects/studyhub/output/권선구영어과외/index.html,/권선구영어과외/,1
C:/Projects/studyhub/output/권선구중등과외/index.html,/권선구중등과외/,1
C:/Projects/studyhub/output/권선구초등과외/index.html,/권선구초등과외/,1
C:/Projects/studyhub/output/권선동과외/index.html,/권선동과외/,1
C:/Projects/studyhub/output/권선동수학과외/index.html,/권선동수학과외/,1
C:/Projects/studyhub/output/권선동영어과외/index.html,/권선동영어과외/,1
C:/Projects/studyhub/output/권선동중등과외/index.html,/권선동중등과외/,1
C:/Projects/studyhub/output/권선동초등과외/index.html,/권선동초등과외/,1
C:/Projects/studyhub/output/근화동과외/index.html,/근화동과외/,1
C:/Projects/studyhub/output/근화동수학과외/index.html,/근화동수학과외/,1
C:/Projects/studyhub/output/근화동영어과외/index.html,/근화동영어과외/,1
C:/Projects/studyhub/output/근화동중등과외/index.html,/근화동중등과외/,1
C:/Projects/studyhub/output/근화동초등과외/index.html,/근화동초등과외/,1
C:/Projects/studyhub/output/금곡동과외/index.html,/금곡동과외/,1
C:/Projects/studyhub/output/금곡동수학과외/index.html,/금곡동수학과외/,1
C:/Projects/studyhub/output/금곡동영어과외/index.html,/금곡동영어과외/,1
C:/Projects/studyhub/output/금곡동중등과외/index.html,/금곡동중등과외/,1
C:/Projects/studyhub/output/금곡동초등과외/index.html,/금곡동초등과외/,1
C:/Projects/studyhub/output/금광동과외/index.html,/금광동과외/,1
C:/Projects/studyhub/output/금광동수학과외/index.html,/금광동수학과외/,1
C:/Projects/studyhub/output/금광동영어과외/index.html,/금광동영어과외/,1
C:/Projects/studyhub/output/금광동중등과외/index.html,/금광동중등과외/,1
C:/Projects/studyhub/output/금광동초등과외/index.html,/금광동초등과외/,1
C:/Projects/studyhub/output/금릉동과외/index.html,/금릉동과외/,1
C:/Projects/studyhub/output/금릉동수학과외/index.html,/금릉동수학과외/,1
C:/Projects/studyhub/output/금릉동영어과외/index.html,/금릉동영어과외/,1
C:/Projects/studyhub/output/금릉동중등과외/index.html,/금릉동중등과외/,1
C:/Projects/studyhub/output/금릉동초등과외/index.html,/금릉동초등과외/,1
C:/Projects/studyhub/output/금암동과외/index.html,/금암동과외/,1
C:/Projects/studyhub/output/금암동수학과외/index.html,/금암동수학과외/,1
C:/Projects/studyhub/output/금암동영어과외/index.html,/금암동영어과외/,1
C:/Projects/studyhub/output/금암동중등과외/index.html,/금암동중등과외/,1
C:/Projects/studyhub/output/금암동초등과외/index.html,/금암동초등과외/,1
C:/Projects/studyhub/output/금오동과외/index.html,/금오동과외/,1
C:/Projects/studyhub/output/금오동수학과외/index.html,/금오동수학과외/,1
C:/Projects/studyhub/output/금오동영어과외/index.html,/금오동영어과외/,1
C:/Projects/studyhub/output/금오동중등과외/index.html,/금오동중등과외/,1
C:/Projects/studyhub/output/금오동초등과외/index.html,/금오동초등과외/,1
C:/Projects/studyhub/output/금정구과외/index.html,/금정구과외/,1
C:/Projects/studyhub/output/금정구수학과외/index.html,/금정구수학과외/,1
C:/Projects/studyhub/output/금정구영어과외/index.html,/금정구영어과외/,1
C:/Projects/studyhub/output/금정구중등과외/index.html,/금정구중등과외/,1
C:/Projects/studyhub/output/금정구초등과외/index.html,/금정구초등과외/,1
C:/Projects/studyhub/output/금정동과외/index.html,/금정동과외/,1
C:/Projects/studyhub/output/금정동수학과외/index.html,/금정동수학과외/,1
C:/Projects/studyhub/output/금정동영어과외/index.html,/금정동영어과외/,1
C:/Projects/studyhub/output/금정동중등과외/index.html,/금정동중등과외/,1
C:/Projects/studyhub/output/금정동초등과외/index.html,/금정동초등과외/,1
C:/Projects/studyhub/output/금천구과외/index.html,/금천구과외/,1
C:/Projects/studyhub/output/금천구수학과외/index.html,/금천구수학과외/,1
C:/Projects/studyhub/output/금천구영어과외/index.html,/금천구영어과외/,1
C:/Projects/studyhub/output/금천구중등과외/index.html,/금천구중등과외/,1
C:/Projects/studyhub/output/금천구초등과외/index.html,/금천구초등과외/,1
C:/Projects/studyhub/output/금천동과외/index.html,/금천동과외/,1
C:/Projects/studyhub/output/금천동수학과외/index.html,/금천동수학과외/,1
C:/Projects/studyhub/output/금천동영어과외/index.html,/금천동영어과외/,1
C:/Projects/studyhub/output/금천동중등과외/index.html,/금천동중등과외/,1
C:/Projects/studyhub/output/금천동초등과외/index.html,/금천동초등과외/,1
C:/Projects/studyhub/output/금촌동과외/index.html,/금촌동과외/,1
C:/Projects/studyhub/output/금촌동수학과외/index.html,/금촌동수학과외/,1
C:/Projects/studyhub/output/금촌동영어과외/index.html,/금촌동영어과외/,1
C:/Projects/studyhub/output/금촌동중등과외/index.html,/금촌동중등과외/,1
C:/Projects/studyhub/output/금촌동초등과외/index.html,/금촌동초등과외/,1
C:/Projects/studyhub/output/금호동과외/index.html,/금호동과외/,1
C:/Projects/studyhub/output/금호동수학과외/index.html,/금호동수학과외/,1
C:/Projects/studyhub/output/금호동영어과외/index.html,/금호동영어과외/,1
C:/Projects/studyhub/output/금호동중등과외/index.html,/금호동중등과외/,1
C:/Projects/studyhub/output/금호동초등과외/index.html,/금호동초등과외/,1
C:/Projects/studyhub/output/기흥구과외/index.html,/기흥구과외/,1
C:/Projects/studyhub/output/기흥구수학과외/index.html,/기흥구수학과외/,1
C:/Projects/studyhub/output/기흥구영어과외/index.html,/기흥구영어과외/,1
C:/Projects/studyhub/output/기흥구중등과외/index.html,/기흥구중등과외/,1
C:/Projects/studyhub/output/기흥구초등과외/index.html,/기흥구초등과외/,1
C:/Projects/studyhub/output/길음동과외/index.html,/길음동과외/,1
C:/Projects/studyhub/output/길음동수학과외/index.html,/길음동수학과외/,1
C:/Projects/studyhub/output/길음동영어과외/index.html,/길음동영어과외/,1
C:/Projects/studyhub/output/길음동중등과외/index.html,/길음동중등과외/,1
C:/Projects/studyhub/output/길음동초등과외/index.html,/길음동초등과외/,1
C:/Projects/studyhub/output/김량장동과외/index.html,/김량장동과외/,1
C:/Projects/studyhub/output/김량장동수학과외/index.html,/김량장동수학과외/,1
C:/Projects/studyhub/output/김량장동영어과외/index.html,/김량장동영어과외/,1
C:/Projects/studyhub/output/김량장동중등과외/index.html,/김량장동중등과외/,1
C:/Projects/studyhub/output/김량장동초등과외/index.html,/김량장동초등과외/,1
C:/Projects/studyhub/output/김포과외/index.html,/김포과외/,1
C:/Projects/studyhub/output/김포수학과외/index.html,/김포수학과외/,1
C:/Projects/studyhub/output/김포영어과외/index.html,/김포영어과외/,1
C:/Projects/studyhub/output/김포중등과외/index.html,/김포중등과외/,1
C:/Projects/studyhub/output/김포초등과외/index.html,/김포초등과외/,1
C:/Projects/studyhub/output/낙민동과외/index.html,/낙민동과외/,1
C:/Projects/studyhub/output/낙민동수학과외/index.html,/낙민동수학과외/,1
C:/Projects/studyhub/output/낙민동영어과외/index.html,/낙민동영어과외/,1
C:/Projects/studyhub/output/낙민동중등과외/index.html,/낙민동중등과외/,1
C:/Projects/studyhub/output/낙민동초등과외/index.html,/낙민동초등과외/,1
C:/Projects/studyhub/output/낙양동과외/index.html,/낙양동과외/,1
C:/Projects/studyhub/output/낙양동수학과외/index.html,/낙양동수학과외/,1
C:/Projects/studyhub/output/낙양동영어과외/index.html,/낙양동영어과외/,1
C:/Projects/studyhub/output/낙양동중등과외/index.html,/낙양동중등과외/,1
C:/Projects/studyhub/output/낙양동초등과외/index.html,/낙양동초등과외/,1
C:/Projects/studyhub/output/남가좌과외/index.html,/남가좌과외/,1
C:/Projects/studyhub/output/남가좌수학과외/index.html,/남가좌수학과외/,1
C:/Projects/studyhub/output/남가좌영어과외/index.html,/남가좌영어과외/,1
C:/Projects/studyhub/output/남가좌중등과외/index.html,/남가좌중등과외/,1
C:/Projects/studyhub/output/남가좌초등과외/index.html,/남가좌초등과외/,1
C:/Projects/studyhub/output/남구수학과외/index.html,/남구수학과외/,1
C:/Projects/studyhub/output/남구영어과외/index.html,/남구영어과외/,1
C:/Projects/studyhub/output/남구중등과외/index.html,/남구중등과외/,1
C:/Projects/studyhub/output/남구초등과외/index.html,/남구초등과외/,1
C:/Projects/studyhub/output/남동구과외/index.html,/남동구과외/,1
C:/Projects/studyhub/output/남동구수학과외/index.html,/남동구수학과외/,1
C:/Projects/studyhub/output/남동구영어과외/index.html,/남동구영어과외/,1
C:/Projects/studyhub/output/남동구중등과외/index.html,/남동구중등과외/,1
C:/Projects/studyhub/output/남동구초등과외/index.html,/남동구초등과외/,1
C:/Projects/studyhub/output/남부동과외/index.html,/남부동과외/,1
C:/Projects/studyhub/output/남부동수학과외/index.html,/남부동수학과외/,1
C:/Projects/studyhub/output/남부동영어과외/index.html,/남부동영어과외/,1
C:/Projects/studyhub/output/남부동중등과외/index.html,/남부동중등과외/,1
C:/Projects/studyhub/output/남부동초등과외/index.html,/남부동초등과외/,1
C:/Projects/studyhub/output/남산동과외/index.html,/남산동과외/,1
C:/Projects/studyhub/output/남산동수학과외/index.html,/남산동수학과외/,1
C:/Projects/studyhub/output/남산동영어과외/index.html,/남산동영어과외/,1
C:/Projects/studyhub/output/남산동중등과외/index.html,/남산동중등과외/,1
C:/Projects/studyhub/output/남산동초등과외/index.html,/남산동초등과외/,1
C:/Projects/studyhub/output/남양주과외/index.html,/남양주과외/,1
C:/Projects/studyhub/output/남양주수학과외/index.html,/남양주수학과외/,1
C:/Projects/studyhub/output/남양주영어과외/index.html,/남양주영어과외/,1
C:/Projects/studyhub/output/남양주중등과외/index.html,/남양주중등과외/,1
C:/Projects/studyhub/output/남양주초등과외/index.html,/남양주초등과외/,1
C:/Projects/studyhub/output/남외동과외/index.html,/남외동과외/,1
C:/Projects/studyhub/output/남외동수학과외/index.html,/남외동수학과외/,1
C:/Projects/studyhub/output/남외동영어과외/index.html,/남외동영어과외/,1
C:/Projects/studyhub/output/남외동중등과외/index.html,/남외동중등과외/,1
C:/Projects/studyhub/output/남외동초등과외/index.html,/남외동초등과외/,1
C:/Projects/studyhub/output/남천동과외/index.html,/남천동과외/,1
C:/Projects/studyhub/output/남천동수학과외/index.html,/남천동수학과외/,1
C:/Projects/studyhub/output/남천동영어과외/index.html,/남천동영어과외/,1
C:/Projects/studyhub/output/남천동중등과외/index.html,/남천동중등과외/,1
C:/Projects/studyhub/output/남천동초등과외/index.html,/남천동초등과외/,1
C:/Projects/studyhub/output/내당동과외/index.html,/내당동과외/,1
C:/Projects/studyhub/output/내당동수학과외/index.html,/내당동수학과외/,1
C:/Projects/studyhub/output/내당동영어과외/index.html,/내당동영어과외/,1
C:/Projects/studyhub/output/내당동중등과외/index.html,/내당동중등과외/,1
C:/Projects/studyhub/output/내당동초등과외/index.html,/내당동초등과외/,1
C:/Projects/studyhub/output/내덕동과외/index.html,/내덕동과외/,1
C:/Projects/studyhub/output/내덕동수학과외/index.html,/내덕동수학과외/,1
C:/Projects/studyhub/output/내덕동영어과외/index.html,/내덕동영어과외/,1
C:/Projects/studyhub/output/내덕동중등과외/index.html,/내덕동중등과외/,1
C:/Projects/studyhub/output/내덕동초등과외/index.html,/내덕동초등과외/,1
C:/Projects/studyhub/output/내발산동과외/index.html,/내발산동과외/,1
C:/Projects/studyhub/output/내발산동수학과외/index.html,/내발산동수학과외/,1
C:/Projects/studyhub/output/내발산동영어과외/index.html,/내발산동영어과외/,1
C:/Projects/studyhub/output/내발산동중등과외/index.html,/내발산동중등과외/,1
C:/Projects/studyhub/output/내발산동초등과외/index.html,/내발산동초등과외/,1
C:/Projects/studyhub/output/내손동과외/index.html,/내손동과외/,1
C:/Projects/studyhub/output/내손동수학과외/index.html,/내손동수학과외/,1
C:/Projects/studyhub/output/내손동영어과외/index.html,/내손동영어과외/,1
C:/Projects/studyhub/output/내손동중등과외/index.html,/내손동중등과외/,1
C:/Projects/studyhub/output/내손동초등과외/index.html,/내손동초등과외/,1
C:/Projects/studyhub/output/노대동과외/index.html,/노대동과외/,1
C:/Projects/studyhub/output/노대동수학과외/index.html,/노대동수학과외/,1
C:/Projects/studyhub/output/노대동영어과외/index.html,/노대동영어과외/,1
C:/Projects/studyhub/output/노대동중등과외/index.html,/노대동중등과외/,1
C:/Projects/studyhub/output/노대동초등과외/index.html,/노대동초등과외/,1
C:/Projects/studyhub/output/노량진과외/index.html,/노량진과외/,1
C:/Projects/studyhub/output/노량진수학과외/index.html,/노량진수학과외/,1
C:/Projects/studyhub/output/노량진영어과외/index.html,/노량진영어과외/,1
C:/Projects/studyhub/output/노량진중등과외/index.html,/노량진중등과외/,1
C:/Projects/studyhub/output/노량진초등과외/index.html,/노량진초등과외/,1
C:/Projects/studyhub/output/노변동과외/index.html,/노변동과외/,1
C:/Projects/studyhub/output/노변동수학과외/index.html,/노변동수학과외/,1
C:/Projects/studyhub/output/노변동영어과외/index.html,/노변동영어과외/,1
C:/Projects/studyhub/output/노변동중등과외/index.html,/노변동중등과외/,1
C:/Projects/studyhub/output/노변동초등과외/index.html,/노변동초등과외/,1
C:/Projects/studyhub/output/노원구과외/index.html,/노원구과외/,1
C:/Projects/studyhub/output/노원구수학과외/index.html,/노원구수학과외/,1
C:/Projects/studyhub/output/노원구영어과외/index.html,/노원구영어과외/,1
C:/Projects/studyhub/output/노원구중등과외/index.html,/노원구중등과외/,1
C:/Projects/studyhub/output/노원구초등과외/index.html,/노원구초등과외/,1
C:/Projects/studyhub/output/녹번동과외/index.html,/녹번동과외/,1
C:/Projects/studyhub/output/녹번동수학과외/index.html,/녹번동수학과외/,1
C:/Projects/studyhub/output/녹번동영어과외/index.html,/녹번동영어과외/,1
C:/Projects/studyhub/output/녹번동중등과외/index.html,/녹번동중등과외/,1
C:/Projects/studyhub/output/녹번동초등과외/index.html,/녹번동초등과외/,1
C:/Projects/studyhub/output/논현동과외/index.html,/논현동과외/,1
C:/Projects/studyhub/output/논현동수학과외/index.html,/논현동수학과외/,1
C:/Projects/studyhub/output/논현동영어과외/index.html,/논현동영어과외/,1
C:/Projects/studyhub/output/논현동중등과외/index.html,/논현동중등과외/,1
C:/Projects/studyhub/output/논현동초등과외/index.html,/논현동초등과외/,1
C:/Projects/studyhub/output/농성동과외/index.html,/농성동과외/,1
C:/Projects/studyhub/output/농성동수학과외/index.html,/농성동수학과외/,1
C:/Projects/studyhub/output/농성동영어과외/index.html,/농성동영어과외/,1
C:/Projects/studyhub/output/농성동중등과외/index.html,/농성동중등과외/,1
C:/Projects/studyhub/output/농성동초등과외/index.html,/농성동초등과외/,1
C:/Projects/studyhub/output/능곡동과외/index.html,/능곡동과외/,1
C:/Projects/studyhub/output/능곡동수학과외/index.html,/능곡동수학과외/,1
C:/Projects/studyhub/output/능곡동영어과외/index.html,/능곡동영어과외/,1
C:/Projects/studyhub/output/능곡동중등과외/index.html,/능곡동중등과외/,1
C:/Projects/studyhub/output/능곡동초등과외/index.html,/능곡동초등과외/,1
C:/Projects/studyhub/output/능동과외/index.html,/능동과외/,1
C:/Projects/studyhub/output/능동수학과외/index.html,/능동수학과외/,1
C:/Projects/studyhub/output/능동영어과외/index.html,/능동영어과외/,1
C:/Projects/studyhub/output/능동중등과외/index.html,/능동중등과외/,1
C:/Projects/studyhub/output/능동초등과외/index.html,/능동초등과외/,1
C:/Projects/studyhub/output/다산동과외/index.html,/다산동과외/,1
C:/Projects/studyhub/output/다산동수학과외/index.html,/다산동수학과외/,1
C:/Projects/studyhub/output/다산동영어과외/index.html,/다산동영어과외/,1
C:/Projects/studyhub/output/다산동중등과외/index.html,/다산동중등과외/,1
C:/Projects/studyhub/output/다산동초등과외/index.html,/다산동초등과외/,1
C:/Projects/studyhub/output/다정동과외/index.html,/다정동과외/,1
C:/Projects/studyhub/output/다정동수학과외/index.html,/다정동수학과외/,1
C:/Projects/studyhub/output/다정동영어과외/index.html,/다정동영어과외/,1
C:/Projects/studyhub/output/다정동중등과외/index.html,/다정동중등과외/,1
C:/Projects/studyhub/output/다정동초등과외/index.html,/다정동초등과외/,1
C:/Projects/studyhub/output/단계동과외/index.html,/단계동과외/,1
C:/Projects/studyhub/output/단계동수학과외/index.html,/단계동수학과외/,1
C:/Projects/studyhub/output/단계동영어과외/index.html,/단계동영어과외/,1
C:/Projects/studyhub/output/단계동중등과외/index.html,/단계동중등과외/,1
C:/Projects/studyhub/output/단계동초등과외/index.html,/단계동초등과외/,1
C:/Projects/studyhub/output/단구동과외/index.html,/단구동과외/,1
C:/Projects/studyhub/output/단구동수학과외/index.html,/단구동수학과외/,1
C:/Projects/studyhub/output/단구동영어과외/index.html,/단구동영어과외/,1
C:/Projects/studyhub/output/단구동중등과외/index.html,/단구동중등과외/,1
C:/Projects/studyhub/output/단구동초등과외/index.html,/단구동초등과외/,1
C:/Projects/studyhub/output/단대동과외/index.html,/단대동과외/,1
C:/Projects/studyhub/output/단대동수학과외/index.html,/단대동수학과외/,1
C:/Projects/studyhub/output/단대동영어과외/index.html,/단대동영어과외/,1
C:/Projects/studyhub/output/단대동중등과외/index.html,/단대동중등과외/,1
C:/Projects/studyhub/output/단대동초등과외/index.html,/단대동초등과외/,1
C:/Projects/studyhub/output/단원구과외/index.html,/단원구과외/,1
C:/Projects/studyhub/output/단원구수학과외/index.html,/단원구수학과외/,1
C:/Projects/studyhub/output/단원구영어과외/index.html,/단원구영어과외/,1
C:/Projects/studyhub/output/단원구중등과외/index.html,/단원구중등과외/,1
C:/Projects/studyhub/output/단원구초등과외/index.html,/단원구초등과외/,1
C:/Projects/studyhub/output/달동과외/index.html,/달동과외/,1
C:/Projects/studyhub/output/달동수학과외/index.html,/달동수학과외/,1
C:/Projects/studyhub/output/달동영어과외/index.html,/달동영어과외/,1
C:/Projects/studyhub/output/달동중등과외/index.html,/달동중등과외/,1
C:/Projects/studyhub/output/달동초등과외/index.html,/달동초등과외/,1
C:/Projects/studyhub/output/달서구과외/index.html,/달서구과외/,1
C:/Projects/studyhub/output/달서구수학과외/index.html,/달서구수학과외/,1
C:/Projects/studyhub/output/달서구영어과외/index.html,/달서구영어과외/,1
C:/Projects/studyhub/output/달서구중등과외/index.html,/달서구중등과외/,1
C:/Projects/studyhub/output/달서구초등과외/index.html,/달서구초등과외/,1
C:/Projects/studyhub/output/달천동과외/index.html,/달천동과외/,1
C:/Projects/studyhub/output/달천동수학과외/index.html,/달천동수학과외/,1
C:/Projects/studyhub/output/달천동영어과외/index.html,/달천동영어과외/,1
C:/Projects/studyhub/output/달천동중등과외/index.html,/달천동중등과외/,1
C:/Projects/studyhub/output/달천동초등과외/index.html,/달천동초등과외/,1
C:/Projects/studyhub/output/답십리과외/index.html,/답십리과외/,1
C:/Projects/studyhub/output/답십리수학과외/index.html,/답십리수학과외/,1
C:/Projects/studyhub/output/답십리영어과외/index.html,/답십리영어과외/,1
C:/Projects/studyhub/output/답십리중등과외/index.html,/답십리중등과외/,1
C:/Projects/studyhub/output/답십리초등과외/index.html,/답십리초등과외/,1
C:/Projects/studyhub/output/당감동과외/index.html,/당감동과외/,1
C:/Projects/studyhub/output/당감동수학과외/index.html,/당감동수학과외/,1
C:/Projects/studyhub/output/당감동영어과외/index.html,/당감동영어과외/,1
C:/Projects/studyhub/output/당감동중등과외/index.html,/당감동중등과외/,1
C:/Projects/studyhub/output/당감동초등과외/index.html,/당감동초등과외/,1
C:/Projects/studyhub/output/당리동과외/index.html,/당리동과외/,1
C:/Projects/studyhub/output/당리동수학과외/index.html,/당리동수학과외/,1
C:/Projects/studyhub/output/당리동영어과외/index.html,/당리동영어과외/,1
C:/Projects/studyhub/output/당리동중등과외/index.html,/당리동중등과외/,1
C:/Projects/studyhub/output/당리동초등과외/index.html,/당리동초등과외/,1
C:/Projects/studyhub/output/당산동과외/index.html,/당산동과외/,1
C:/Projects/studyhub/output/당산동수학과외/index.html,/당산동수학과외/,1
C:/Projects/studyhub/output/당산동영어과외/index.html,/당산동영어과외/,1
C:/Projects/studyhub/output/당산동중등과외/index.html,/당산동중등과외/,1
C:/Projects/studyhub/output/당산동초등과외/index.html,/당산동초등과외/,1
C:/Projects/studyhub/output/당인동과외/index.html,/당인동과외/,1
C:/Projects/studyhub/output/당인동수학과외/index.html,/당인동수학과외/,1
C:/Projects/studyhub/output/당인동영어과외/index.html,/당인동영어과외/,1
C:/Projects/studyhub/output/당인동중등과외/index.html,/당인동중등과외/,1
C:/Projects/studyhub/output/당인동초등과외/index.html,/당인동초등과외/,1
C:/Projects/studyhub/output/대구과외/index.html,/대구과외/,1
C:/Projects/studyhub/output/대구남구과외/index.html,/대구남구과외/,1
C:/Projects/studyhub/output/대구남구수학과외/index.html,/대구남구수학과외/,1
C:/Projects/studyhub/output/대구남구영어과외/index.html,/대구남구영어과외/,1
C:/Projects/studyhub/output/대구남구중등과외/index.html,/대구남구중등과외/,1
C:/Projects/studyhub/output/대구남구초등과외/index.html,/대구남구초등과외/,1
C:/Projects/studyhub/output/대구동구과외/index.html,/대구동구과외/,1
C:/Projects/studyhub/output/대구동구수학과외/index.html,/대구동구수학과외/,1
C:/Projects/studyhub/output/대구동구영어과외/index.html,/대구동구영어과외/,1
C:/Projects/studyhub/output/대구동구중등과외/index.html,/대구동구중등과외/,1
C:/Projects/studyhub/output/대구동구초등과외/index.html,/대구동구초등과외/,1
C:/Projects/studyhub/output/대구북구과외/index.html,/대구북구과외/,1
C:/Projects/studyhub/output/대구북구수학과외/index.html,/대구북구수학과외/,1
C:/Projects/studyhub/output/대구북구영어과외/index.html,/대구북구영어과외/,1
C:/Projects/studyhub/output/대구북구중등과외/index.html,/대구북구중등과외/,1
C:/Projects/studyhub/output/대구북구초등과외/index.html,/대구북구초등과외/,1
C:/Projects/studyhub/output/대구서구과외/index.html,/대구서구과외/,1
C:/Projects/studyhub/output/대구서구수학과외/index.html,/대구서구수학과외/,1
C:/Projects/studyhub/output/대구서구영어과외/index.html,/대구서구영어과외/,1
C:/Projects/studyhub/output/대구서구중등과외/index.html,/대구서구중등과외/,1
C:/Projects/studyhub/output/대구서구초등과외/index.html,/대구서구초등과외/,1
C:/Projects/studyhub/output/대구수학과외/index.html,/대구수학과외/,1
C:/Projects/studyhub/output/대구영어과외/index.html,/대구영어과외/,1
C:/Projects/studyhub/output/대구중구과외/index.html,/대구중구과외/,1
C:/Projects/studyhub/output/대구중구수학과외/index.html,/대구중구수학과외/,1
C:/Projects/studyhub/output/대구중구영어과외/index.html,/대구중구영어과외/,1
C:/Projects/studyhub/output/대구중구중등과외/index.html,/대구중구중등과외/,1
C:/Projects/studyhub/output/대구중구초등과외/index.html,/대구중구초등과외/,1
C:/Projects/studyhub/output/대구중등과외/index.html,/대구중등과외/,1
C:/Projects/studyhub/output/대구초등과외/index.html,/대구초등과외/,1
C:/Projects/studyhub/output/대덕구과외/index.html,/대덕구과외/,1
C:/Projects/studyhub/output/대덕구수학과외/index.html,/대덕구수학과외/,1
C:/Projects/studyhub/output/대덕구영어과외/index.html,/대덕구영어과외/,1
C:/Projects/studyhub/output/대덕구중등과외/index.html,/대덕구중등과외/,1
C:/Projects/studyhub/output/대덕구초등과외/index.html,/대덕구초등과외/,1
C:/Projects/studyhub/output/대명동과외/index.html,/대명동과외/,1
C:/Projects/studyhub/output/대명동수학과외/index.html,/대명동수학과외/,1
C:/Projects/studyhub/output/대명동영어과외/index.html,/대명동영어과외/,1
C:/Projects/studyhub/output/대명동중등과외/index.html,/대명동중등과외/,1
C:/Projects/studyhub/output/대명동초등과외/index.html,/대명동초등과외/,1
C:/Projects/studyhub/output/대방동과외/index.html,/대방동과외/,1
C:/Projects/studyhub/output/대방동수학과외/index.html,/대방동수학과외/,1
C:/Projects/studyhub/output/대방동영어과외/index.html,/대방동영어과외/,1
C:/Projects/studyhub/output/대방동중등과외/index.html,/대방동중등과외/,1
C:/Projects/studyhub/output/대방동초등과외/index.html,/대방동초등과외/,1
C:/Projects/studyhub/output/대잠동과외/index.html,/대잠동과외/,1
C:/Projects/studyhub/output/대잠동수학과외/index.html,/대잠동수학과외/,1
C:/Projects/studyhub/output/대잠동영어과외/index.html,/대잠동영어과외/,1
C:/Projects/studyhub/output/대잠동중등과외/index.html,/대잠동중등과외/,1
C:/Projects/studyhub/output/대잠동초등과외/index.html,/대잠동초등과외/,1
C:/Projects/studyhub/output/대전과외/index.html,/대전과외/,1
C:/Projects/studyhub/output/대전동구과외/index.html,/대전동구과외/,1
C:/Projects/studyhub/output/대전동구수학과외/index.html,/대전동구수학과외/,1
C:/Projects/studyhub/output/대전동구영어과외/index.html,/대전동구영어과외/,1
C:/Projects/studyhub/output/대전동구중등과외/index.html,/대전동구중등과외/,1
C:/Projects/studyhub/output/대전동구초등과외/index.html,/대전동구초등과외/,1
C:/Projects/studyhub/output/대전북구과외/index.html,/대전북구과외/,1
C:/Projects/studyhub/output/대전북구수학과외/index.html,/대전북구수학과외/,1
C:/Projects/studyhub/output/대전북구영어과외/index.html,/대전북구영어과외/,1
C:/Projects/studyhub/output/대전북구중등과외/index.html,/대전북구중등과외/,1
C:/Projects/studyhub/output/대전북구초등과외/index.html,/대전북구초등과외/,1
C:/Projects/studyhub/output/대전서구과외/index.html,/대전서구과외/,1
C:/Projects/studyhub/output/대전서구수학과외/index.html,/대전서구수학과외/,1
C:/Projects/studyhub/output/대전서구영어과외/index.html,/대전서구영어과외/,1
C:/Projects/studyhub/output/대전서구중등과외/index.html,/대전서구중등과외/,1
C:/Projects/studyhub/output/대전서구초등과외/index.html,/대전서구초등과외/,1
C:/Projects/studyhub/output/대전수학과외/index.html,/대전수학과외/,1
C:/Projects/studyhub/output/대전영어과외/index.html,/대전영어과외/,1
C:/Projects/studyhub/output/대전중구과외/index.html,/대전중구과외/,1
C:/Projects/studyhub/output/대전중구수학과외/index.html,/대전중구수학과외/,1
C:/Projects/studyhub/output/대전중구영어과외/index.html,/대전중구영어과외/,1
C:/Projects/studyhub/output/대전중구중등과외/index.html,/대전중구중등과외/,1
C:/Projects/studyhub/output/대전중구초등과외/index.html,/대전중구초등과외/,1
C:/Projects/studyhub/output/대전중등과외/index.html,/대전중등과외/,1
C:/Projects/studyhub/output/대전초등과외/index.html,/대전초등과외/,1
C:/Projects/studyhub/output/대치동수학과외/index.html,/대치동수학과외/,1
C:/Projects/studyhub/output/대치동영어과외/index.html,/대치동영어과외/,1
C:/Projects/studyhub/output/대치동중등과외/index.html,/대치동중등과외/,1
C:/Projects/studyhub/output/대치동초등과외/index.html,/대치동초등과외/,1
C:/Projects/studyhub/output/대화동과외/index.html,/대화동과외/,1
C:/Projects/studyhub/output/대화동수학과외/index.html,/대화동수학과외/,1
C:/Projects/studyhub/output/대화동영어과외/index.html,/대화동영어과외/,1
C:/Projects/studyhub/output/대화동중등과외/index.html,/대화동중등과외/,1
C:/Projects/studyhub/output/대화동초등과외/index.html,/대화동초등과외/,1
C:/Projects/studyhub/output/대흥동과외/index.html,/대흥동과외/,1
C:/Projects/studyhub/output/대흥동수학과외/index.html,/대흥동수학과외/,1
C:/Projects/studyhub/output/대흥동영어과외/index.html,/대흥동영어과외/,1
C:/Projects/studyhub/output/대흥동중등과외/index.html,/대흥동중등과외/,1
C:/Projects/studyhub/output/대흥동초등과외/index.html,/대흥동초등과외/,1
C:/Projects/studyhub/output/덕계동과외/index.html,/덕계동과외/,1
C:/Projects/studyhub/output/덕계동수학과외/index.html,/덕계동수학과외/,1
C:/Projects/studyhub/output/덕계동영어과외/index.html,/덕계동영어과외/,1
C:/Projects/studyhub/output/덕계동중등과외/index.html,/덕계동중등과외/,1
C:/Projects/studyhub/output/덕계동초등과외/index.html,/덕계동초등과외/,1
C:/Projects/studyhub/output/덕명동과외/index.html,/덕명동과외/,1
C:/Projects/studyhub/output/덕명동수학과외/index.html,/덕명동수학과외/,1
C:/Projects/studyhub/output/덕명동영어과외/index.html,/덕명동영어과외/,1
C:/Projects/studyhub/output/덕명동중등과외/index.html,/덕명동중등과외/,1
C:/Projects/studyhub/output/덕명동초등과외/index.html,/덕명동초등과외/,1
C:/Projects/studyhub/output/덕양구과외/index.html,/덕양구과외/,1
C:/Projects/studyhub/output/덕양구수학과외/index.html,/덕양구수학과외/,1
C:/Projects/studyhub/output/덕양구영어과외/index.html,/덕양구영어과외/,1
C:/Projects/studyhub/output/덕양구중등과외/index.html,/덕양구중등과외/,1
C:/Projects/studyhub/output/덕양구초등과외/index.html,/덕양구초등과외/,1
C:/Projects/studyhub/output/덕이동과외/index.html,/덕이동과외/,1
C:/Projects/studyhub/output/덕이동수학과외/index.html,/덕이동수학과외/,1
C:/Projects/studyhub/output/덕이동영어과외/index.html,/덕이동영어과외/,1
C:/Projects/studyhub/output/덕이동중등과외/index.html,/덕이동중등과외/,1
C:/Projects/studyhub/output/덕이동초등과외/index.html,/덕이동초등과외/,1
C:/Projects/studyhub/output/덕정동과외/index.html,/덕정동과외/,1
C:/Projects/studyhub/output/덕정동수학과외/index.html,/덕정동수학과외/,1
C:/Projects/studyhub/output/덕정동영어과외/index.html,/덕정동영어과외/,1
C:/Projects/studyhub/output/덕정동중등과외/index.html,/덕정동중등과외/,1
C:/Projects/studyhub/output/덕정동초등과외/index.html,/덕정동초등과외/,1
C:/Projects/studyhub/output/덕진동과외/index.html,/덕진동과외/,1
C:/Projects/studyhub/output/덕진동수학과외/index.html,/덕진동수학과외/,1
C:/Projects/studyhub/output/덕진동영어과외/index.html,/덕진동영어과외/,1
C:/Projects/studyhub/output/덕진동중등과외/index.html,/덕진동중등과외/,1
C:/Projects/studyhub/output/덕진동초등과외/index.html,/덕진동초등과외/,1
C:/Projects/studyhub/output/덕천동과외/index.html,/덕천동과외/,1
C:/Projects/studyhub/output/덕천동수학과외/index.html,/덕천동수학과외/,1
C:/Projects/studyhub/output/덕천동영어과외/index.html,/덕천동영어과외/,1
C:/Projects/studyhub/output/덕천동중등과외/index.html,/덕천동중등과외/,1
C:/Projects/studyhub/output/덕천동초등과외/index.html,/덕천동초등과외/,1
C:/Projects/studyhub/output/덕풍동과외/index.html,/덕풍동과외/,1
C:/Projects/studyhub/output/덕풍동수학과외/index.html,/덕풍동수학과외/,1
C:/Projects/studyhub/output/덕풍동영어과외/index.html,/덕풍동영어과외/,1
C:/Projects/studyhub/output/덕풍동중등과외/index.html,/덕풍동중등과외/,1
C:/Projects/studyhub/output/덕풍동초등과외/index.html,/덕풍동초등과외/,1
C:/Projects/studyhub/output/도곡동과외/index.html,/도곡동과외/,1
C:/Projects/studyhub/output/도곡동수학과외/index.html,/도곡동수학과외/,1
C:/Projects/studyhub/output/도곡동영어과외/index.html,/도곡동영어과외/,1
C:/Projects/studyhub/output/도곡동중등과외/index.html,/도곡동중등과외/,1
C:/Projects/studyhub/output/도곡동초등과외/index.html,/도곡동초등과외/,1
C:/Projects/studyhub/output/도농동과외/index.html,/도농동과외/,1
C:/Projects/studyhub/output/도농동수학과외/index.html,/도농동수학과외/,1
C:/Projects/studyhub/output/도농동영어과외/index.html,/도농동영어과외/,1
C:/Projects/studyhub/output/도농동중등과외/index.html,/도농동중등과외/,1
C:/Projects/studyhub/output/도농동초등과외/index.html,/도농동초등과외/,1
C:/Projects/studyhub/output/도담동과외/index.html,/도담동과외/,1
C:/Projects/studyhub/output/도담동수학과외/index.html,/도담동수학과외/,1
C:/Projects/studyhub/output/도담동영어과외/index.html,/도담동영어과외/,1
C:/Projects/studyhub/output/도담동중등과외/index.html,/도담동중등과외/,1
C:/Projects/studyhub/output/도담동초등과외/index.html,/도담동초등과외/,1
C:/Projects/studyhub/output/도당동과외/index.html,/도당동과외/,1
C:/Projects/studyhub/output/도당동수학과외/index.html,/도당동수학과외/,1
C:/Projects/studyhub/output/도당동영어과외/index.html,/도당동영어과외/,1
C:/Projects/studyhub/output/도당동중등과외/index.html,/도당동중등과외/,1
C:/Projects/studyhub/output/도당동초등과외/index.html,/도당동초등과외/,1
C:/Projects/studyhub/output/도마동과외/index.html,/도마동과외/,1
C:/Projects/studyhub/output/도마동수학과외/index.html,/도마동수학과외/,1
C:/Projects/studyhub/output/도마동영어과외/index.html,/도마동영어과외/,1
C:/Projects/studyhub/output/도마동중등과외/index.html,/도마동중등과외/,1
C:/Projects/studyhub/output/도마동초등과외/index.html,/도마동초등과외/,1
C:/Projects/studyhub/output/도봉구과외/index.html,/도봉구과외/,1
C:/Projects/studyhub/output/도봉구수학과외/index.html,/도봉구수학과외/,1
C:/Projects/studyhub/output/도봉구영어과외/index.html,/도봉구영어과외/,1
C:/Projects/studyhub/output/도봉구중등과외/index.html,/도봉구중등과외/,1
C:/Projects/studyhub/output/도봉구초등과외/index.html,/도봉구초등과외/,1
C:/Projects/studyhub/output/도봉동과외/index.html,/도봉동과외/,1
C:/Projects/studyhub/output/도봉동수학과외/index.html,/도봉동수학과외/,1
C:/Projects/studyhub/output/도봉동영어과외/index.html,/도봉동영어과외/,1
C:/Projects/studyhub/output/도봉동중등과외/index.html,/도봉동중등과외/,1
C:/Projects/studyhub/output/도봉동초등과외/index.html,/도봉동초등과외/,1
C:/Projects/studyhub/output/도산동과외/index.html,/도산동과외/,1
C:/Projects/studyhub/output/도산동수학과외/index.html,/도산동수학과외/,1
C:/Projects/studyhub/output/도산동영어과외/index.html,/도산동영어과외/,1
C:/Projects/studyhub/output/도산동중등과외/index.html,/도산동중등과외/,1
C:/Projects/studyhub/output/도산동초등과외/index.html,/도산동초등과외/,1
C:/Projects/studyhub/output/도안동과외/index.html,/도안동과외/,1
C:/Projects/studyhub/output/도안동수학과외/index.html,/도안동수학과외/,1
C:/Projects/studyhub/output/도안동영어과외/index.html,/도안동영어과외/,1
C:/Projects/studyhub/output/도안동중등과외/index.html,/도안동중등과외/,1
C:/Projects/studyhub/output/도안동초등과외/index.html,/도안동초등과외/,1
C:/Projects/studyhub/output/도원동과외/index.html,/도원동과외/,1
C:/Projects/studyhub/output/도원동수학과외/index.html,/도원동수학과외/,1
C:/Projects/studyhub/output/도원동영어과외/index.html,/도원동영어과외/,1
C:/Projects/studyhub/output/도원동중등과외/index.html,/도원동중등과외/,1
C:/Projects/studyhub/output/도원동초등과외/index.html,/도원동초등과외/,1
C:/Projects/studyhub/output/도화동과외/index.html,/도화동과외/,1
C:/Projects/studyhub/output/도화동수학과외/index.html,/도화동수학과외/,1
C:/Projects/studyhub/output/도화동영어과외/index.html,/도화동영어과외/,1
C:/Projects/studyhub/output/도화동중등과외/index.html,/도화동중등과외/,1
C:/Projects/studyhub/output/도화동초등과외/index.html,/도화동초등과외/,1
C:/Projects/studyhub/output/독산동과외/index.html,/독산동과외/,1
C:/Projects/studyhub/output/독산동수학과외/index.html,/독산동수학과외/,1
C:/Projects/studyhub/output/독산동영어과외/index.html,/독산동영어과외/,1
C:/Projects/studyhub/output/독산동중등과외/index.html,/독산동중등과외/,1
C:/Projects/studyhub/output/독산동초등과외/index.html,/독산동초등과외/,1
C:/Projects/studyhub/output/돈암동과외/index.html,/돈암동과외/,1
C:/Projects/studyhub/output/돈암동수학과외/index.html,/돈암동수학과외/,1
C:/Projects/studyhub/output/돈암동영어과외/index.html,/돈암동영어과외/,1
C:/Projects/studyhub/output/돈암동중등과외/index.html,/돈암동중등과외/,1
C:/Projects/studyhub/output/돈암동초등과외/index.html,/돈암동초등과외/,1
C:/Projects/studyhub/output/동대문과외/index.html,/동대문과외/,1
C:/Projects/studyhub/output/동대문수학과외/index.html,/동대문수학과외/,1
C:/Projects/studyhub/output/동대문영어과외/index.html,/동대문영어과외/,1
C:/Projects/studyhub/output/동대문중등과외/index.html,/동대문중등과외/,1
C:/Projects/studyhub/output/동대문초등과외/index.html,/동대문초등과외/,1
C:/Projects/studyhub/output/동두천과외/index.html,/동두천과외/,1
C:/Projects/studyhub/output/동두천수학과외/index.html,/동두천수학과외/,1
C:/Projects/studyhub/output/동두천영어과외/index.html,/동두천영어과외/,1
C:/Projects/studyhub/output/동두천중등과외/index.html,/동두천중등과외/,1
C:/Projects/studyhub/output/동두천초등과외/index.html,/동두천초등과외/,1
C:/Projects/studyhub/output/동래구과외/index.html,/동래구과외/,1
C:/Projects/studyhub/output/동래구수학과외/index.html,/동래구수학과외/,1
C:/Projects/studyhub/output/동래구영어과외/index.html,/동래구영어과외/,1
C:/Projects/studyhub/output/동래구중등과외/index.html,/동래구중등과외/,1
C:/Projects/studyhub/output/동래구초등과외/index.html,/동래구초등과외/,1
C:/Projects/studyhub/output/동백동과외/index.html,/동백동과외/,1
C:/Projects/studyhub/output/동백동수학과외/index.html,/동백동수학과외/,1
C:/Projects/studyhub/output/동백동영어과외/index.html,/동백동영어과외/,1
C:/Projects/studyhub/output/동백동중등과외/index.html,/동백동중등과외/,1
C:/Projects/studyhub/output/동백동초등과외/index.html,/동백동초등과외/,1
C:/Projects/studyhub/output/동변동과외/index.html,/동변동과외/,1
C:/Projects/studyhub/output/동변동수학과외/index.html,/동변동수학과외/,1
C:/Projects/studyhub/output/동변동영어과외/index.html,/동변동영어과외/,1
C:/Projects/studyhub/output/동변동중등과외/index.html,/동변동중등과외/,1
C:/Projects/studyhub/output/동변동초등과외/index.html,/동변동초등과외/,1
C:/Projects/studyhub/output/동부동과외/index.html,/동부동과외/,1
C:/Projects/studyhub/output/동부동수학과외/index.html,/동부동수학과외/,1
C:/Projects/studyhub/output/동부동영어과외/index.html,/동부동영어과외/,1
C:/Projects/studyhub/output/동부동중등과외/index.html,/동부동중등과외/,1
C:/Projects/studyhub/output/동부동초등과외/index.html,/동부동초등과외/,1
C:/Projects/studyhub/output/동산동과외/index.html,/동산동과외/,1
C:/Projects/studyhub/output/동산동수학과외/index.html,/동산동수학과외/,1
C:/Projects/studyhub/output/동산동영어과외/index.html,/동산동영어과외/,1
C:/Projects/studyhub/output/동산동중등과외/index.html,/동산동중등과외/,1
C:/Projects/studyhub/output/동산동초등과외/index.html,/동산동초등과외/,1
C:/Projects/studyhub/output/동작구과외/index.html,/동작구과외/,1
C:/Projects/studyhub/output/동작구수학과외/index.html,/동작구수학과외/,1
C:/Projects/studyhub/output/동작구영어과외/index.html,/동작구영어과외/,1
C:/Projects/studyhub/output/동작구중등과외/index.html,/동작구중등과외/,1
C:/Projects/studyhub/output/동작구초등과외/index.html,/동작구초등과외/,1
C:/Projects/studyhub/output/동작동과외/index.html,/동작동과외/,1
C:/Projects/studyhub/output/동작동수학과외/index.html,/동작동수학과외/,1
C:/Projects/studyhub/output/동작동영어과외/index.html,/동작동영어과외/,1
C:/Projects/studyhub/output/동작동중등과외/index.html,/동작동중등과외/,1
C:/Projects/studyhub/output/동작동초등과외/index.html,/동작동초등과외/,1
C:/Projects/studyhub/output/동천동과외/index.html,/동천동과외/,1
C:/Projects/studyhub/output/동천동수학과외/index.html,/동천동수학과외/,1
C:/Projects/studyhub/output/동천동영어과외/index.html,/동천동영어과외/,1
C:/Projects/studyhub/output/동천동중등과외/index.html,/동천동중등과외/,1
C:/Projects/studyhub/output/동천동초등과외/index.html,/동천동초등과외/,1
C:/Projects/studyhub/output/동춘동과외/index.html,/동춘동과외/,1
C:/Projects/studyhub/output/동춘동수학과외/index.html,/동춘동수학과외/,1
C:/Projects/studyhub/output/동춘동영어과외/index.html,/동춘동영어과외/,1
C:/Projects/studyhub/output/동춘동중등과외/index.html,/동춘동중등과외/,1
C:/Projects/studyhub/output/동춘동초등과외/index.html,/동춘동초등과외/,1
C:/Projects/studyhub/output/동패동과외/index.html,/동패동과외/,1
C:/Projects/studyhub/output/동패동수학과외/index.html,/동패동수학과외/,1
C:/Projects/studyhub/output/동패동영어과외/index.html,/동패동영어과외/,1
C:/Projects/studyhub/output/동패동중등과외/index.html,/동패동중등과외/,1
C:/Projects/studyhub/output/동패동초등과외/index.html,/동패동초등과외/,1
C:/Projects/studyhub/output/두암동과외/index.html,/두암동과외/,1
C:/Projects/studyhub/output/두암동수학과외/index.html,/두암동수학과외/,1
C:/Projects/studyhub/output/두암동영어과외/index.html,/두암동영어과외/,1
C:/Projects/studyhub/output/두암동중등과외/index.html,/두암동중등과외/,1
C:/Projects/studyhub/output/두암동초등과외/index.html,/두암동초등과외/,1
C:/Projects/studyhub/output/두정동과외/index.html,/두정동과외/,1
C:/Projects/studyhub/output/두정동수학과외/index.html,/두정동수학과외/,1
C:/Projects/studyhub/output/두정동영어과외/index.html,/두정동영어과외/,1
C:/Projects/studyhub/output/두정동중등과외/index.html,/두정동중등과외/,1
C:/Projects/studyhub/output/두정동초등과외/index.html,/두정동초등과외/,1
C:/Projects/studyhub/output/두호동과외/index.html,/두호동과외/,1
C:/Projects/studyhub/output/두호동수학과외/index.html,/두호동수학과외/,1
C:/Projects/studyhub/output/두호동영어과외/index.html,/두호동영어과외/,1
C:/Projects/studyhub/output/두호동중등과외/index.html,/두호동중등과외/,1
C:/Projects/studyhub/output/두호동초등과외/index.html,/두호동초등과외/,1
C:/Projects/studyhub/output/둔곡동과외/index.html,/둔곡동과외/,1
C:/Projects/studyhub/output/둔곡동수학과외/index.html,/둔곡동수학과외/,1
C:/Projects/studyhub/output/둔곡동영어과외/index.html,/둔곡동영어과외/,1
C:/Projects/studyhub/output/둔곡동중등과외/index.html,/둔곡동중등과외/,1
C:/Projects/studyhub/output/둔곡동초등과외/index.html,/둔곡동초등과외/,1
C:/Projects/studyhub/output/둔산동수학과외/index.html,/둔산동수학과외/,1
C:/Projects/studyhub/output/둔산동영어과외/index.html,/둔산동영어과외/,1
C:/Projects/studyhub/output/둔산동중등과외/index.html,/둔산동중등과외/,1
C:/Projects/studyhub/output/둔산동초등과외/index.html,/둔산동초등과외/,1
C:/Projects/studyhub/output/둔촌동과외/index.html,/둔촌동과외/,1
C:/Projects/studyhub/output/둔촌동수학과외/index.html,/둔촌동수학과외/,1
C:/Projects/studyhub/output/둔촌동영어과외/index.html,/둔촌동영어과외/,1
C:/Projects/studyhub/output/둔촌동중등과외/index.html,/둔촌동중등과외/,1
C:/Projects/studyhub/output/둔촌동초등과외/index.html,/둔촌동초등과외/,1
C:/Projects/studyhub/output/등촌동과외/index.html,/등촌동과외/,1
C:/Projects/studyhub/output/등촌동수학과외/index.html,/등촌동수학과외/,1
C:/Projects/studyhub/output/등촌동영어과외/index.html,/등촌동영어과외/,1
C:/Projects/studyhub/output/등촌동중등과외/index.html,/등촌동중등과외/,1
C:/Projects/studyhub/output/등촌동초등과외/index.html,/등촌동초등과외/,1
C:/Projects/studyhub/output/마곡동과외/index.html,/마곡동과외/,1
C:/Projects/studyhub/output/마곡동수학과외/index.html,/마곡동수학과외/,1
C:/Projects/studyhub/output/마곡동영어과외/index.html,/마곡동영어과외/,1
C:/Projects/studyhub/output/마곡동중등과외/index.html,/마곡동중등과외/,1
C:/Projects/studyhub/output/마곡동초등과외/index.html,/마곡동초등과외/,1
C:/Projects/studyhub/output/마두동과외/index.html,/마두동과외/,1
C:/Projects/studyhub/output/마두동수학과외/index.html,/마두동수학과외/,1
C:/Projects/studyhub/output/마두동영어과외/index.html,/마두동영어과외/,1
C:/Projects/studyhub/output/마두동중등과외/index.html,/마두동중등과외/,1
C:/Projects/studyhub/output/마두동초등과외/index.html,/마두동초등과외/,1
C:/Projects/studyhub/output/마북동과외/index.html,/마북동과외/,1
C:/Projects/studyhub/output/마북동수학과외/index.html,/마북동수학과외/,1
C:/Projects/studyhub/output/마북동영어과외/index.html,/마북동영어과외/,1
C:/Projects/studyhub/output/마북동중등과외/index.html,/마북동중등과외/,1
C:/Projects/studyhub/output/마북동초등과외/index.html,/마북동초등과외/,1
C:/Projects/studyhub/output/마산동과외/index.html,/마산동과외/,1
C:/Projects/studyhub/output/마산동수학과외/index.html,/마산동수학과외/,1
C:/Projects/studyhub/output/마산동영어과외/index.html,/마산동영어과외/,1
C:/Projects/studyhub/output/마산동중등과외/index.html,/마산동중등과외/,1
C:/Projects/studyhub/output/마산동초등과외/index.html,/마산동초등과외/,1
C:/Projects/studyhub/output/마장동과외/index.html,/마장동과외/,1
C:/Projects/studyhub/output/마장동수학과외/index.html,/마장동수학과외/,1
C:/Projects/studyhub/output/마장동영어과외/index.html,/마장동영어과외/,1
C:/Projects/studyhub/output/마장동중등과외/index.html,/마장동중등과외/,1
C:/Projects/studyhub/output/마장동초등과외/index.html,/마장동초등과외/,1
C:/Projects/studyhub/output/마전동과외/index.html,/마전동과외/,1
C:/Projects/studyhub/output/마전동수학과외/index.html,/마전동수학과외/,1
C:/Projects/studyhub/output/마전동영어과외/index.html,/마전동영어과외/,1
C:/Projects/studyhub/output/마전동중등과외/index.html,/마전동중등과외/,1
C:/Projects/studyhub/output/마전동초등과외/index.html,/마전동초등과외/,1
C:/Projects/studyhub/output/마포구과외/index.html,/마포구과외/,1
C:/Projects/studyhub/output/마포구수학과외/index.html,/마포구수학과외/,1
C:/Projects/studyhub/output/마포구영어과외/index.html,/마포구영어과외/,1
C:/Projects/studyhub/output/마포구중등과외/index.html,/마포구중등과외/,1
C:/Projects/studyhub/output/마포구초등과외/index.html,/마포구초등과외/,1
C:/Projects/studyhub/output/마포동과외/index.html,/마포동과외/,1
C:/Projects/studyhub/output/마포동수학과외/index.html,/마포동수학과외/,1
C:/Projects/studyhub/output/마포동영어과외/index.html,/마포동영어과외/,1
C:/Projects/studyhub/output/마포동중등과외/index.html,/마포동중등과외/,1
C:/Projects/studyhub/output/마포동초등과외/index.html,/마포동초등과외/,1
C:/Projects/studyhub/output/만년동과외/index.html,/만년동과외/,1
C:/Projects/studyhub/output/만년동수학과외/index.html,/만년동수학과외/,1
C:/Projects/studyhub/output/만년동영어과외/index.html,/만년동영어과외/,1
C:/Projects/studyhub/output/만년동중등과외/index.html,/만년동중등과외/,1
C:/Projects/studyhub/output/만년동초등과외/index.html,/만년동초등과외/,1
C:/Projects/studyhub/output/만덕동과외/index.html,/만덕동과외/,1
C:/Projects/studyhub/output/만덕동수학과외/index.html,/만덕동수학과외/,1
C:/Projects/studyhub/output/만덕동영어과외/index.html,/만덕동영어과외/,1
C:/Projects/studyhub/output/만덕동중등과외/index.html,/만덕동중등과외/,1
C:/Projects/studyhub/output/만덕동초등과외/index.html,/만덕동초등과외/,1
C:/Projects/studyhub/output/만성동과외/index.html,/만성동과외/,1
C:/Projects/studyhub/output/만성동수학과외/index.html,/만성동수학과외/,1
C:/Projects/studyhub/output/만성동영어과외/index.html,/만성동영어과외/,1
C:/Projects/studyhub/output/만성동중등과외/index.html,/만성동중등과외/,1
C:/Projects/studyhub/output/만성동초등과외/index.html,/만성동초등과외/,1
C:/Projects/studyhub/output/만송동과외/index.html,/만송동과외/,1
C:/Projects/studyhub/output/만송동수학과외/index.html,/만송동수학과외/,1
C:/Projects/studyhub/output/만송동영어과외/index.html,/만송동영어과외/,1
C:/Projects/studyhub/output/만송동중등과외/index.html,/만송동중등과외/,1
C:/Projects/studyhub/output/만송동초등과외/index.html,/만송동초등과외/,1
C:/Projects/studyhub/output/만수동과외/index.html,/만수동과외/,1
C:/Projects/studyhub/output/만수동수학과외/index.html,/만수동수학과외/,1
C:/Projects/studyhub/output/만수동영어과외/index.html,/만수동영어과외/,1
C:/Projects/studyhub/output/만수동중등과외/index.html,/만수동중등과외/,1
C:/Projects/studyhub/output/만수동초등과외/index.html,/만수동초등과외/,1
C:/Projects/studyhub/output/만촌동과외/index.html,/만촌동과외/,1
C:/Projects/studyhub/output/만촌동수학과외/index.html,/만촌동수학과외/,1
C:/Projects/studyhub/output/만촌동영어과외/index.html,/만촌동영어과외/,1
C:/Projects/studyhub/output/만촌동중등과외/index.html,/만촌동중등과외/,1
C:/Projects/studyhub/output/만촌동초등과외/index.html,/만촌동초등과외/,1
C:/Projects/studyhub/output/망미동과외/index.html,/망미동과외/,1
C:/Projects/studyhub/output/망미동수학과외/index.html,/망미동수학과외/,1
C:/Projects/studyhub/output/망미동영어과외/index.html,/망미동영어과외/,1
C:/Projects/studyhub/output/망미동중등과외/index.html,/망미동중등과외/,1
C:/Projects/studyhub/output/망미동초등과외/index.html,/망미동초등과외/,1
C:/Projects/studyhub/output/망우동과외/index.html,/망우동과외/,1
C:/Projects/studyhub/output/망우동수학과외/index.html,/망우동수학과외/,1
C:/Projects/studyhub/output/망우동영어과외/index.html,/망우동영어과외/,1
C:/Projects/studyhub/output/망우동중등과외/index.html,/망우동중등과외/,1
C:/Projects/studyhub/output/망우동초등과외/index.html,/망우동초등과외/,1
C:/Projects/studyhub/output/망원동과외/index.html,/망원동과외/,1
C:/Projects/studyhub/output/망원동수학과외/index.html,/망원동수학과외/,1
C:/Projects/studyhub/output/망원동영어과외/index.html,/망원동영어과외/,1
C:/Projects/studyhub/output/망원동중등과외/index.html,/망원동중등과외/,1
C:/Projects/studyhub/output/망원동초등과외/index.html,/망원동초등과외/,1
C:/Projects/studyhub/output/망월동과외/index.html,/망월동과외/,1
C:/Projects/studyhub/output/망월동수학과외/index.html,/망월동수학과외/,1
C:/Projects/studyhub/output/망월동영어과외/index.html,/망월동영어과외/,1
C:/Projects/studyhub/output/망월동중등과외/index.html,/망월동중등과외/,1
C:/Projects/studyhub/output/망월동초등과외/index.html,/망월동초등과외/,1
C:/Projects/studyhub/output/망포동과외/index.html,/망포동과외/,1
C:/Projects/studyhub/output/망포동수학과외/index.html,/망포동수학과외/,1
C:/Projects/studyhub/output/망포동영어과외/index.html,/망포동영어과외/,1
C:/Projects/studyhub/output/망포동중등과외/index.html,/망포동중등과외/,1
C:/Projects/studyhub/output/망포동초등과외/index.html,/망포동초등과외/,1
C:/Projects/studyhub/output/매곡동과외/index.html,/매곡동과외/,1
C:/Projects/studyhub/output/매곡동수학과외/index.html,/매곡동수학과외/,1
C:/Projects/studyhub/output/매곡동영어과외/index.html,/매곡동영어과외/,1
C:/Projects/studyhub/output/매곡동중등과외/index.html,/매곡동중등과외/,1
C:/Projects/studyhub/output/매곡동초등과외/index.html,/매곡동초등과외/,1
C:/Projects/studyhub/output/매교동과외/index.html,/매교동과외/,1
C:/Projects/studyhub/output/매교동수학과외/index.html,/매교동수학과외/,1
C:/Projects/studyhub/output/매교동영어과외/index.html,/매교동영어과외/,1
C:/Projects/studyhub/output/매교동중등과외/index.html,/매교동중등과외/,1
C:/Projects/studyhub/output/매교동초등과외/index.html,/매교동초등과외/,1
C:/Projects/studyhub/output/매천동과외/index.html,/매천동과외/,1
C:/Projects/studyhub/output/매천동수학과외/index.html,/매천동수학과외/,1
C:/Projects/studyhub/output/매천동영어과외/index.html,/매천동영어과외/,1
C:/Projects/studyhub/output/매천동중등과외/index.html,/매천동중등과외/,1
C:/Projects/studyhub/output/매천동초등과외/index.html,/매천동초등과외/,1
C:/Projects/studyhub/output/매탄동과외/index.html,/매탄동과외/,1
C:/Projects/studyhub/output/매탄동수학과외/index.html,/매탄동수학과외/,1
C:/Projects/studyhub/output/매탄동영어과외/index.html,/매탄동영어과외/,1
C:/Projects/studyhub/output/매탄동중등과외/index.html,/매탄동중등과외/,1
C:/Projects/studyhub/output/매탄동초등과외/index.html,/매탄동초등과외/,1
C:/Projects/studyhub/output/매호동과외/index.html,/매호동과외/,1
C:/Projects/studyhub/output/매호동수학과외/index.html,/매호동수학과외/,1
C:/Projects/studyhub/output/매호동영어과외/index.html,/매호동영어과외/,1
C:/Projects/studyhub/output/매호동중등과외/index.html,/매호동중등과외/,1
C:/Projects/studyhub/output/매호동초등과외/index.html,/매호동초등과외/,1
C:/Projects/studyhub/output/면목동과외/index.html,/면목동과외/,1
C:/Projects/studyhub/output/면목동수학과외/index.html,/면목동수학과외/,1
C:/Projects/studyhub/output/면목동영어과외/index.html,/면목동영어과외/,1
C:/Projects/studyhub/output/면목동중등과외/index.html,/면목동중등과외/,1
C:/Projects/studyhub/output/면목동초등과외/index.html,/면목동초등과외/,1
C:/Projects/studyhub/output/명륜동과외/index.html,/명륜동과외/,1
C:/Projects/studyhub/output/명륜동수학과외/index.html,/명륜동수학과외/,1
C:/Projects/studyhub/output/명륜동영어과외/index.html,/명륜동영어과외/,1
C:/Projects/studyhub/output/명륜동중등과외/index.html,/명륜동중등과외/,1
C:/Projects/studyhub/output/명륜동초등과외/index.html,/명륜동초등과외/,1
C:/Projects/studyhub/output/명일동과외/index.html,/명일동과외/,1
C:/Projects/studyhub/output/명일동수학과외/index.html,/명일동수학과외/,1
C:/Projects/studyhub/output/명일동영어과외/index.html,/명일동영어과외/,1
C:/Projects/studyhub/output/명일동중등과외/index.html,/명일동중등과외/,1
C:/Projects/studyhub/output/명일동초등과외/index.html,/명일동초등과외/,1
C:/Projects/studyhub/output/명지동과외/index.html,/명지동과외/,1
C:/Projects/studyhub/output/명지동수학과외/index.html,/명지동수학과외/,1
C:/Projects/studyhub/output/명지동영어과외/index.html,/명지동영어과외/,1
C:/Projects/studyhub/output/명지동중등과외/index.html,/명지동중등과외/,1
C:/Projects/studyhub/output/명지동초등과외/index.html,/명지동초등과외/,1
C:/Projects/studyhub/output/명촌동과외/index.html,/명촌동과외/,1
C:/Projects/studyhub/output/명촌동수학과외/index.html,/명촌동수학과외/,1
C:/Projects/studyhub/output/명촌동영어과외/index.html,/명촌동영어과외/,1
C:/Projects/studyhub/output/명촌동중등과외/index.html,/명촌동중등과외/,1
C:/Projects/studyhub/output/명촌동초등과외/index.html,/명촌동초등과외/,1
C:/Projects/studyhub/output/모라동과외/index.html,/모라동과외/,1
C:/Projects/studyhub/output/모라동수학과외/index.html,/모라동수학과외/,1
C:/Projects/studyhub/output/모라동영어과외/index.html,/모라동영어과외/,1
C:/Projects/studyhub/output/모라동중등과외/index.html,/모라동중등과외/,1
C:/Projects/studyhub/output/모라동초등과외/index.html,/모라동초등과외/,1
C:/Projects/studyhub/output/모충동과외/index.html,/모충동과외/,1
C:/Projects/studyhub/output/모충동수학과외/index.html,/모충동수학과외/,1
C:/Projects/studyhub/output/모충동영어과외/index.html,/모충동영어과외/,1
C:/Projects/studyhub/output/모충동중등과외/index.html,/모충동중등과외/,1
C:/Projects/studyhub/output/모충동초등과외/index.html,/모충동초등과외/,1
C:/Projects/studyhub/output/모현동과외/index.html,/모현동과외/,1
C:/Projects/studyhub/output/모현동수학과외/index.html,/모현동수학과외/,1
C:/Projects/studyhub/output/모현동영어과외/index.html,/모현동영어과외/,1
C:/Projects/studyhub/output/모현동중등과외/index.html,/모현동중등과외/,1
C:/Projects/studyhub/output/모현동초등과외/index.html,/모현동초등과외/,1
C:/Projects/studyhub/output/목동과외/index.html,/목동과외/,1
C:/Projects/studyhub/output/목동동과외/index.html,/목동동과외/,1
C:/Projects/studyhub/output/목동동수학과외/index.html,/목동동수학과외/,1
C:/Projects/studyhub/output/목동동영어과외/index.html,/목동동영어과외/,1
C:/Projects/studyhub/output/목동동중등과외/index.html,/목동동중등과외/,1
C:/Projects/studyhub/output/목동동초등과외/index.html,/목동동초등과외/,1
C:/Projects/studyhub/output/목동수학과외/index.html,/목동수학과외/,1
C:/Projects/studyhub/output/목동영어과외/index.html,/목동영어과외/,1
C:/Projects/studyhub/output/목동중등과외/index.html,/목동중등과외/,1
C:/Projects/studyhub/output/목동초등과외/index.html,/목동초등과외/,1
C:/Projects/studyhub/output/목상동과외/index.html,/목상동과외/,1
C:/Projects/studyhub/output/목상동수학과외/index.html,/목상동수학과외/,1
C:/Projects/studyhub/output/목상동영어과외/index.html,/목상동영어과외/,1
C:/Projects/studyhub/output/목상동중등과외/index.html,/목상동중등과외/,1
C:/Projects/studyhub/output/목상동초등과외/index.html,/목상동초등과외/,1
C:/Projects/studyhub/output/목행동과외/index.html,/목행동과외/,1
C:/Projects/studyhub/output/목행동수학과외/index.html,/목행동수학과외/,1
C:/Projects/studyhub/output/목행동영어과외/index.html,/목행동영어과외/,1
C:/Projects/studyhub/output/목행동중등과외/index.html,/목행동중등과외/,1
C:/Projects/studyhub/output/목행동초등과외/index.html,/목행동초등과외/,1
C:/Projects/studyhub/output/무거동과외/index.html,/무거동과외/,1
C:/Projects/studyhub/output/무거동수학과외/index.html,/무거동수학과외/,1
C:/Projects/studyhub/output/무거동영어과외/index.html,/무거동영어과외/,1
C:/Projects/studyhub/output/무거동중등과외/index.html,/무거동중등과외/,1
C:/Projects/studyhub/output/무거동초등과외/index.html,/무거동초등과외/,1
C:/Projects/studyhub/output/무실동과외/index.html,/무실동과외/,1
C:/Projects/studyhub/output/무실동수학과외/index.html,/무실동수학과외/,1
C:/Projects/studyhub/output/무실동영어과외/index.html,/무실동영어과외/,1
C:/Projects/studyhub/output/무실동중등과외/index.html,/무실동중등과외/,1
C:/Projects/studyhub/output/무실동초등과외/index.html,/무실동초등과외/,1
C:/Projects/studyhub/output/묵동과외/index.html,/묵동과외/,1
C:/Projects/studyhub/output/묵동수학과외/index.html,/묵동수학과외/,1
C:/Projects/studyhub/output/묵동영어과외/index.html,/묵동영어과외/,1
C:/Projects/studyhub/output/묵동중등과외/index.html,/묵동중등과외/,1
C:/Projects/studyhub/output/묵동초등과외/index.html,/묵동초등과외/,1
C:/Projects/studyhub/output/문래동과외/index.html,/문래동과외/,1
C:/Projects/studyhub/output/문래동수학과외/index.html,/문래동수학과외/,1
C:/Projects/studyhub/output/문래동영어과외/index.html,/문래동영어과외/,1
C:/Projects/studyhub/output/문래동중등과외/index.html,/문래동중등과외/,1
C:/Projects/studyhub/output/문래동초등과외/index.html,/문래동초등과외/,1
C:/Projects/studyhub/output/문정동과외/index.html,/문정동과외/,1
C:/Projects/studyhub/output/문정동수학과외/index.html,/문정동수학과외/,1
C:/Projects/studyhub/output/문정동영어과외/index.html,/문정동영어과외/,1
C:/Projects/studyhub/output/문정동중등과외/index.html,/문정동중등과외/,1
C:/Projects/studyhub/output/문정동초등과외/index.html,/문정동초등과외/,1
C:/Projects/studyhub/output/문학동과외/index.html,/문학동과외/,1
C:/Projects/studyhub/output/문학동수학과외/index.html,/문학동수학과외/,1
C:/Projects/studyhub/output/문학동영어과외/index.html,/문학동영어과외/,1
C:/Projects/studyhub/output/문학동중등과외/index.html,/문학동중등과외/,1
C:/Projects/studyhub/output/문학동초등과외/index.html,/문학동초등과외/,1
C:/Projects/studyhub/output/문화동과외/index.html,/문화동과외/,1
C:/Projects/studyhub/output/문화동수학과외/index.html,/문화동수학과외/,1
C:/Projects/studyhub/output/문화동영어과외/index.html,/문화동영어과외/,1
C:/Projects/studyhub/output/문화동중등과외/index.html,/문화동중등과외/,1
C:/Projects/studyhub/output/문화동초등과외/index.html,/문화동초등과외/,1
C:/Projects/studyhub/output/문흥동과외/index.html,/문흥동과외/,1
C:/Projects/studyhub/output/문흥동수학과외/index.html,/문흥동수학과외/,1
C:/Projects/studyhub/output/문흥동영어과외/index.html,/문흥동영어과외/,1
C:/Projects/studyhub/output/문흥동중등과외/index.html,/문흥동중등과외/,1
C:/Projects/studyhub/output/문흥동초등과외/index.html,/문흥동초등과외/,1
C:/Projects/studyhub/output/물금읍과외/index.html,/물금읍과외/,1
C:/Projects/studyhub/output/물금읍수학과외/index.html,/물금읍수학과외/,1
C:/Projects/studyhub/output/물금읍영어과외/index.html,/물금읍영어과외/,1
C:/Projects/studyhub/output/물금읍중등과외/index.html,/물금읍중등과외/,1
C:/Projects/studyhub/output/물금읍초등과외/index.html,/물금읍초등과외/,1
C:/Projects/studyhub/output/미사동과외/index.html,/미사동과외/,1
C:/Projects/studyhub/output/미사동수학과외/index.html,/미사동수학과외/,1
C:/Projects/studyhub/output/미사동영어과외/index.html,/미사동영어과외/,1
C:/Projects/studyhub/output/미사동중등과외/index.html,/미사동중등과외/,1
C:/Projects/studyhub/output/미사동초등과외/index.html,/미사동초등과외/,1
C:/Projects/studyhub/output/미아동과외/index.html,/미아동과외/,1
C:/Projects/studyhub/output/미아동수학과외/index.html,/미아동수학과외/,1
C:/Projects/studyhub/output/미아동영어과외/index.html,/미아동영어과외/,1
C:/Projects/studyhub/output/미아동중등과외/index.html,/미아동중등과외/,1
C:/Projects/studyhub/output/미아동초등과외/index.html,/미아동초등과외/,1
C:/Projects/studyhub/output/미추홀과외/index.html,/미추홀과외/,1
C:/Projects/studyhub/output/미추홀수학과외/index.html,/미추홀수학과외/,1
C:/Projects/studyhub/output/미추홀영어과외/index.html,/미추홀영어과외/,1
C:/Projects/studyhub/output/미추홀중등과외/index.html,/미추홀중등과외/,1
C:/Projects/studyhub/output/미추홀초등과외/index.html,/미추홀초등과외/,1
C:/Projects/studyhub/output/민락동과외/index.html,/민락동과외/,1
C:/Projects/studyhub/output/민락동수학과외/index.html,/민락동수학과외/,1
C:/Projects/studyhub/output/민락동영어과외/index.html,/민락동영어과외/,1
C:/Projects/studyhub/output/민락동중등과외/index.html,/민락동중등과외/,1
C:/Projects/studyhub/output/민락동초등과외/index.html,/민락동초등과외/,1
C:/Projects/studyhub/output/박달동과외/index.html,/박달동과외/,1
C:/Projects/studyhub/output/박달동수학과외/index.html,/박달동수학과외/,1
C:/Projects/studyhub/output/박달동영어과외/index.html,/박달동영어과외/,1
C:/Projects/studyhub/output/박달동중등과외/index.html,/박달동중등과외/,1
C:/Projects/studyhub/output/박달동초등과외/index.html,/박달동초등과외/,1
C:/Projects/studyhub/output/반곡동과외/index.html,/반곡동과외/,1
C:/Projects/studyhub/output/반곡동수학과외/index.html,/반곡동수학과외/,1
C:/Projects/studyhub/output/반곡동영어과외/index.html,/반곡동영어과외/,1
C:/Projects/studyhub/output/반곡동중등과외/index.html,/반곡동중등과외/,1
C:/Projects/studyhub/output/반곡동초등과외/index.html,/반곡동초등과외/,1
C:/Projects/studyhub/output/반구동과외/index.html,/반구동과외/,1
C:/Projects/studyhub/output/반구동수학과외/index.html,/반구동수학과외/,1
C:/Projects/studyhub/output/반구동영어과외/index.html,/반구동영어과외/,1
C:/Projects/studyhub/output/반구동중등과외/index.html,/반구동중등과외/,1
C:/Projects/studyhub/output/반구동초등과외/index.html,/반구동초등과외/,1
C:/Projects/studyhub/output/반석동과외/index.html,/반석동과외/,1
C:/Projects/studyhub/output/반석동수학과외/index.html,/반석동수학과외/,1
C:/Projects/studyhub/output/반석동영어과외/index.html,/반석동영어과외/,1
C:/Projects/studyhub/output/반석동중등과외/index.html,/반석동중등과외/,1
C:/Projects/studyhub/output/반석동초등과외/index.html,/반석동초등과외/,1
C:/Projects/studyhub/output/반송동과외/index.html,/반송동과외/,1
C:/Projects/studyhub/output/반송동수학과외/index.html,/반송동수학과외/,1
C:/Projects/studyhub/output/반송동영어과외/index.html,/반송동영어과외/,1
C:/Projects/studyhub/output/반송동중등과외/index.html,/반송동중등과외/,1
C:/Projects/studyhub/output/반송동초등과외/index.html,/반송동초등과외/,1
C:/Projects/studyhub/output/반여동과외/index.html,/반여동과외/,1
C:/Projects/studyhub/output/반여동수학과외/index.html,/반여동수학과외/,1
C:/Projects/studyhub/output/반여동영어과외/index.html,/반여동영어과외/,1
C:/Projects/studyhub/output/반여동중등과외/index.html,/반여동중등과외/,1
C:/Projects/studyhub/output/반여동초등과외/index.html,/반여동초등과외/,1
C:/Projects/studyhub/output/반월동과외/index.html,/반월동과외/,1
C:/Projects/studyhub/output/반월동수학과외/index.html,/반월동수학과외/,1
C:/Projects/studyhub/output/반월동영어과외/index.html,/반월동영어과외/,1
C:/Projects/studyhub/output/반월동중등과외/index.html,/반월동중등과외/,1
C:/Projects/studyhub/output/반월동초등과외/index.html,/반월동초등과외/,1
C:/Projects/studyhub/output/반포동수학과외/index.html,/반포동수학과외/,1
C:/Projects/studyhub/output/반포동영어과외/index.html,/반포동영어과외/,1
C:/Projects/studyhub/output/반포동중등과외/index.html,/반포동중등과외/,1
C:/Projects/studyhub/output/반포동초등과외/index.html,/반포동초등과외/,1
C:/Projects/studyhub/output/방림동과외/index.html,/방림동과외/,1
C:/Projects/studyhub/output/방림동수학과외/index.html,/방림동수학과외/,1
C:/Projects/studyhub/output/방림동영어과외/index.html,/방림동영어과외/,1
C:/Projects/studyhub/output/방림동중등과외/index.html,/방림동중등과외/,1
C:/Projects/studyhub/output/방림동초등과외/index.html,/방림동초등과외/,1
C:/Projects/studyhub/output/방배동과외/index.html,/방배동과외/,1
C:/Projects/studyhub/output/방배동수학과외/index.html,/방배동수학과외/,1
C:/Projects/studyhub/output/방배동영어과외/index.html,/방배동영어과외/,1
C:/Projects/studyhub/output/방배동중등과외/index.html,/방배동중등과외/,1
C:/Projects/studyhub/output/방배동초등과외/index.html,/방배동초등과외/,1
C:/Projects/studyhub/output/방서동과외/index.html,/방서동과외/,1
C:/Projects/studyhub/output/방서동수학과외/index.html,/방서동수학과외/,1
C:/Projects/studyhub/output/방서동영어과외/index.html,/방서동영어과외/,1
C:/Projects/studyhub/output/방서동중등과외/index.html,/방서동중등과외/,1
C:/Projects/studyhub/output/방서동초등과외/index.html,/방서동초등과외/,1
C:/Projects/studyhub/output/방어동과외/index.html,/방어동과외/,1
C:/Projects/studyhub/output/방어동수학과외/index.html,/방어동수학과외/,1
C:/Projects/studyhub/output/방어동영어과외/index.html,/방어동영어과외/,1
C:/Projects/studyhub/output/방어동중등과외/index.html,/방어동중등과외/,1
C:/Projects/studyhub/output/방어동초등과외/index.html,/방어동초등과외/,1
C:/Projects/studyhub/output/방이동과외/index.html,/방이동과외/,1
C:/Projects/studyhub/output/방이동수학과외/index.html,/방이동수학과외/,1
C:/Projects/studyhub/output/방이동영어과외/index.html,/방이동영어과외/,1
C:/Projects/studyhub/output/방이동중등과외/index.html,/방이동중등과외/,1
C:/Projects/studyhub/output/방이동초등과외/index.html,/방이동초등과외/,1
C:/Projects/studyhub/output/방촌동과외/index.html,/방촌동과외/,1
C:/Projects/studyhub/output/방촌동수학과외/index.html,/방촌동수학과외/,1
C:/Projects/studyhub/output/방촌동영어과외/index.html,/방촌동영어과외/,1
C:/Projects/studyhub/output/방촌동중등과외/index.html,/방촌동중등과외/,1
C:/Projects/studyhub/output/방촌동초등과외/index.html,/방촌동초등과외/,1
C:/Projects/studyhub/output/방학동과외/index.html,/방학동과외/,1
C:/Projects/studyhub/output/방학동수학과외/index.html,/방학동수학과외/,1
C:/Projects/studyhub/output/방학동영어과외/index.html,/방학동영어과외/,1
C:/Projects/studyhub/output/방학동중등과외/index.html,/방학동중등과외/,1
C:/Projects/studyhub/output/방학동초등과외/index.html,/방학동초등과외/,1
C:/Projects/studyhub/output/방화동과외/index.html,/방화동과외/,1
C:/Projects/studyhub/output/방화동수학과외/index.html,/방화동수학과외/,1
C:/Projects/studyhub/output/방화동영어과외/index.html,/방화동영어과외/,1
C:/Projects/studyhub/output/방화동중등과외/index.html,/방화동중등과외/,1
C:/Projects/studyhub/output/방화동초등과외/index.html,/방화동초등과외/,1
C:/Projects/studyhub/output/배곧동과외/index.html,/배곧동과외/,1
C:/Projects/studyhub/output/배곧동수학과외/index.html,/배곧동수학과외/,1
C:/Projects/studyhub/output/배곧동영어과외/index.html,/배곧동영어과외/,1
C:/Projects/studyhub/output/배곧동중등과외/index.html,/배곧동중등과외/,1
C:/Projects/studyhub/output/배곧동초등과외/index.html,/배곧동초등과외/,1
C:/Projects/studyhub/output/백석동과외/index.html,/백석동과외/,1
C:/Projects/studyhub/output/백석동수학과외/index.html,/백석동수학과외/,1
C:/Projects/studyhub/output/백석동영어과외/index.html,/백석동영어과외/,1
C:/Projects/studyhub/output/백석동중등과외/index.html,/백석동중등과외/,1
C:/Projects/studyhub/output/백석동초등과외/index.html,/백석동초등과외/,1
C:/Projects/studyhub/output/백운동과외/index.html,/백운동과외/,1
C:/Projects/studyhub/output/백운동수학과외/index.html,/백운동수학과외/,1
C:/Projects/studyhub/output/백운동영어과외/index.html,/백운동영어과외/,1
C:/Projects/studyhub/output/백운동중등과외/index.html,/백운동중등과외/,1
C:/Projects/studyhub/output/백운동초등과외/index.html,/백운동초등과외/,1
C:/Projects/studyhub/output/백천동과외/index.html,/백천동과외/,1
C:/Projects/studyhub/output/백천동수학과외/index.html,/백천동수학과외/,1
C:/Projects/studyhub/output/백천동영어과외/index.html,/백천동영어과외/,1
C:/Projects/studyhub/output/백천동중등과외/index.html,/백천동중등과외/,1
C:/Projects/studyhub/output/백천동초등과외/index.html,/백천동초등과외/,1
C:/Projects/studyhub/output/백현동과외/index.html,/백현동과외/,1
C:/Projects/studyhub/output/백현동수학과외/index.html,/백현동수학과외/,1
C:/Projects/studyhub/output/백현동영어과외/index.html,/백현동영어과외/,1
C:/Projects/studyhub/output/백현동중등과외/index.html,/백현동중등과외/,1
C:/Projects/studyhub/output/백현동초등과외/index.html,/백현동초등과외/,1
C:/Projects/studyhub/output/범물동과외/index.html,/범물동과외/,1
C:/Projects/studyhub/output/범물동수학과외/index.html,/범물동수학과외/,1
C:/Projects/studyhub/output/범물동영어과외/index.html,/범물동영어과외/,1
C:/Projects/studyhub/output/범물동중등과외/index.html,/범물동중등과외/,1
C:/Projects/studyhub/output/범물동초등과외/index.html,/범물동초등과외/,1
C:/Projects/studyhub/output/범박동과외/index.html,/범박동과외/,1
C:/Projects/studyhub/output/범박동수학과외/index.html,/범박동수학과외/,1
C:/Projects/studyhub/output/범박동영어과외/index.html,/범박동영어과외/,1
C:/Projects/studyhub/output/범박동중등과외/index.html,/범박동중등과외/,1
C:/Projects/studyhub/output/범박동초등과외/index.html,/범박동초등과외/,1
C:/Projects/studyhub/output/범서읍과외/index.html,/범서읍과외/,1
C:/Projects/studyhub/output/범서읍수학과외/index.html,/범서읍수학과외/,1
C:/Projects/studyhub/output/범서읍영어과외/index.html,/범서읍영어과외/,1
C:/Projects/studyhub/output/범서읍중등과외/index.html,/범서읍중등과외/,1
C:/Projects/studyhub/output/범서읍초등과외/index.html,/범서읍초등과외/,1
C:/Projects/studyhub/output/범어동수학과외/index.html,/범어동수학과외/,1
C:/Projects/studyhub/output/범어동영어과외/index.html,/범어동영어과외/,1
C:/Projects/studyhub/output/범어동중등과외/index.html,/범어동중등과외/,1
C:/Projects/studyhub/output/범어동초등과외/index.html,/범어동초등과외/,1
C:/Projects/studyhub/output/별내동과외/index.html,/별내동과외/,1
C:/Projects/studyhub/output/별내동수학과외/index.html,/별내동수학과외/,1
C:/Projects/studyhub/output/별내동영어과외/index.html,/별내동영어과외/,1
C:/Projects/studyhub/output/별내동중등과외/index.html,/별내동중등과외/,1
C:/Projects/studyhub/output/별내동초등과외/index.html,/별내동초등과외/,1
C:/Projects/studyhub/output/별양동과외/index.html,/별양동과외/,1
C:/Projects/studyhub/output/별양동수학과외/index.html,/별양동수학과외/,1
C:/Projects/studyhub/output/별양동영어과외/index.html,/별양동영어과외/,1
C:/Projects/studyhub/output/별양동중등과외/index.html,/별양동중등과외/,1
C:/Projects/studyhub/output/별양동초등과외/index.html,/별양동초등과외/,1
C:/Projects/studyhub/output/병점동과외/index.html,/병점동과외/,1
C:/Projects/studyhub/output/병점동수학과외/index.html,/병점동수학과외/,1
C:/Projects/studyhub/output/병점동영어과외/index.html,/병점동영어과외/,1
C:/Projects/studyhub/output/병점동중등과외/index.html,/병점동중등과외/,1
C:/Projects/studyhub/output/병점동초등과외/index.html,/병점동초등과외/,1
C:/Projects/studyhub/output/보라동과외/index.html,/보라동과외/,1
C:/Projects/studyhub/output/보라동수학과외/index.html,/보라동수학과외/,1
C:/Projects/studyhub/output/보라동영어과외/index.html,/보라동영어과외/,1
C:/Projects/studyhub/output/보라동중등과외/index.html,/보라동중등과외/,1
C:/Projects/studyhub/output/보라동초등과외/index.html,/보라동초등과외/,1
C:/Projects/studyhub/output/보람동수학과외/index.html,/보람동수학과외/,1
C:/Projects/studyhub/output/보람동영어과외/index.html,/보람동영어과외/,1
C:/Projects/studyhub/output/보람동중등과외/index.html,/보람동중등과외/,1
C:/Projects/studyhub/output/보람동초등과외/index.html,/보람동초등과외/,1
C:/Projects/studyhub/output/보문동과외/index.html,/보문동과외/,1
C:/Projects/studyhub/output/보문동수학과외/index.html,/보문동수학과외/,1
C:/Projects/studyhub/output/보문동영어과외/index.html,/보문동영어과외/,1
C:/Projects/studyhub/output/보문동중등과외/index.html,/보문동중등과외/,1
C:/Projects/studyhub/output/보문동초등과외/index.html,/보문동초등과외/,1
C:/Projects/studyhub/output/보정동과외/index.html,/보정동과외/,1
C:/Projects/studyhub/output/보정동수학과외/index.html,/보정동수학과외/,1
C:/Projects/studyhub/output/보정동영어과외/index.html,/보정동영어과외/,1
C:/Projects/studyhub/output/보정동중등과외/index.html,/보정동중등과외/,1
C:/Projects/studyhub/output/보정동초등과외/index.html,/보정동초등과외/,1
C:/Projects/studyhub/output/복대동수학과외/index.html,/복대동수학과외/,1
C:/Projects/studyhub/output/복대동영어과외/index.html,/복대동영어과외/,1
C:/Projects/studyhub/output/복대동중등과외/index.html,/복대동중등과외/,1
C:/Projects/studyhub/output/복대동초등과외/index.html,/복대동초등과외/,1
C:/Projects/studyhub/output/복산동과외/index.html,/복산동과외/,1
C:/Projects/studyhub/output/복산동수학과외/index.html,/복산동수학과외/,1
C:/Projects/studyhub/output/복산동영어과외/index.html,/복산동영어과외/,1
C:/Projects/studyhub/output/복산동중등과외/index.html,/복산동중등과외/,1
C:/Projects/studyhub/output/복산동초등과외/index.html,/복산동초등과외/,1
C:/Projects/studyhub/output/복수동과외/index.html,/복수동과외/,1
C:/Projects/studyhub/output/복수동수학과외/index.html,/복수동수학과외/,1
C:/Projects/studyhub/output/복수동영어과외/index.html,/복수동영어과외/,1
C:/Projects/studyhub/output/복수동중등과외/index.html,/복수동중등과외/,1
C:/Projects/studyhub/output/복수동초등과외/index.html,/복수동초등과외/,1
C:/Projects/studyhub/output/복용동과외/index.html,/복용동과외/,1
C:/Projects/studyhub/output/복용동수학과외/index.html,/복용동수학과외/,1
C:/Projects/studyhub/output/복용동영어과외/index.html,/복용동영어과외/,1
C:/Projects/studyhub/output/복용동중등과외/index.html,/복용동중등과외/,1
C:/Projects/studyhub/output/복용동초등과외/index.html,/복용동초등과외/,1
C:/Projects/studyhub/output/복정동과외/index.html,/복정동과외/,1
C:/Projects/studyhub/output/복정동수학과외/index.html,/복정동수학과외/,1
C:/Projects/studyhub/output/복정동영어과외/index.html,/복정동영어과외/,1
C:/Projects/studyhub/output/복정동중등과외/index.html,/복정동중등과외/,1
C:/Projects/studyhub/output/복정동초등과외/index.html,/복정동초등과외/,1
C:/Projects/studyhub/output/복현동과외/index.html,/복현동과외/,1
C:/Projects/studyhub/output/복현동수학과외/index.html,/복현동수학과외/,1
C:/Projects/studyhub/output/복현동영어과외/index.html,/복현동영어과외/,1
C:/Projects/studyhub/output/복현동중등과외/index.html,/복현동중등과외/,1
C:/Projects/studyhub/output/복현동초등과외/index.html,/복현동초등과외/,1
C:/Projects/studyhub/output/본동과외/index.html,/본동과외/,1
C:/Projects/studyhub/output/본동수학과외/index.html,/본동수학과외/,1
C:/Projects/studyhub/output/본동영어과외/index.html,/본동영어과외/,1
C:/Projects/studyhub/output/본동중등과외/index.html,/본동중등과외/,1
C:/Projects/studyhub/output/본동초등과외/index.html,/본동초등과외/,1
C:/Projects/studyhub/output/본리동과외/index.html,/본리동과외/,1
C:/Projects/studyhub/output/본리동수학과외/index.html,/본리동수학과외/,1
C:/Projects/studyhub/output/본리동영어과외/index.html,/본리동영어과외/,1
C:/Projects/studyhub/output/본리동중등과외/index.html,/본리동중등과외/,1
C:/Projects/studyhub/output/본리동초등과외/index.html,/본리동초등과외/,1
C:/Projects/studyhub/output/본오동과외/index.html,/본오동과외/,1
C:/Projects/studyhub/output/본오동수학과외/index.html,/본오동수학과외/,1
C:/Projects/studyhub/output/본오동영어과외/index.html,/본오동영어과외/,1
C:/Projects/studyhub/output/본오동중등과외/index.html,/본오동중등과외/,1
C:/Projects/studyhub/output/본오동초등과외/index.html,/본오동초등과외/,1
C:/Projects/studyhub/output/봉담읍과외/index.html,/봉담읍과외/,1
C:/Projects/studyhub/output/봉담읍수학과외/index.html,/봉담읍수학과외/,1
C:/Projects/studyhub/output/봉담읍영어과외/index.html,/봉담읍영어과외/,1
C:/Projects/studyhub/output/봉담읍중등과외/index.html,/봉담읍중등과외/,1
C:/Projects/studyhub/output/봉담읍초등과외/index.html,/봉담읍초등과외/,1
C:/Projects/studyhub/output/봉덕동과외/index.html,/봉덕동과외/,1
C:/Projects/studyhub/output/봉덕동수학과외/index.html,/봉덕동수학과외/,1
C:/Projects/studyhub/output/봉덕동영어과외/index.html,/봉덕동영어과외/,1
C:/Projects/studyhub/output/봉덕동중등과외/index.html,/봉덕동중등과외/,1
C:/Projects/studyhub/output/봉덕동초등과외/index.html,/봉덕동초등과외/,1
C:/Projects/studyhub/output/봉명동과외/index.html,/봉명동과외/,1
C:/Projects/studyhub/output/봉명동수학과외/index.html,/봉명동수학과외/,1
C:/Projects/studyhub/output/봉명동영어과외/index.html,/봉명동영어과외/,1
C:/Projects/studyhub/output/봉명동중등과외/index.html,/봉명동중등과외/,1
C:/Projects/studyhub/output/봉명동초등과외/index.html,/봉명동초등과외/,1
C:/Projects/studyhub/output/봉산동과외/index.html,/봉산동과외/,1
C:/Projects/studyhub/output/봉산동수학과외/index.html,/봉산동수학과외/,1
C:/Projects/studyhub/output/봉산동영어과외/index.html,/봉산동영어과외/,1
C:/Projects/studyhub/output/봉산동중등과외/index.html,/봉산동중등과외/,1
C:/Projects/studyhub/output/봉산동초등과외/index.html,/봉산동초등과외/,1
C:/Projects/studyhub/output/봉선동과외/index.html,/봉선동과외/,1
C:/Projects/studyhub/output/봉선동수학과외/index.html,/봉선동수학과외/,1
C:/Projects/studyhub/output/봉선동영어과외/index.html,/봉선동영어과외/,1
C:/Projects/studyhub/output/봉선동중등과외/index.html,/봉선동중등과외/,1
C:/Projects/studyhub/output/봉선동초등과외/index.html,/봉선동초등과외/,1
C:/Projects/studyhub/output/봉천동과외/index.html,/봉천동과외/,1
C:/Projects/studyhub/output/봉천동수학과외/index.html,/봉천동수학과외/,1
C:/Projects/studyhub/output/봉천동영어과외/index.html,/봉천동영어과외/,1
C:/Projects/studyhub/output/봉천동중등과외/index.html,/봉천동중등과외/,1
C:/Projects/studyhub/output/봉천동초등과외/index.html,/봉천동초등과외/,1
C:/Projects/studyhub/output/부개동과외/index.html,/부개동과외/,1
C:/Projects/studyhub/output/부개동수학과외/index.html,/부개동수학과외/,1
C:/Projects/studyhub/output/부개동영어과외/index.html,/부개동영어과외/,1
C:/Projects/studyhub/output/부개동중등과외/index.html,/부개동중등과외/,1
C:/Projects/studyhub/output/부개동초등과외/index.html,/부개동초등과외/,2
C:/Projects/studyhub/output/부개동초등수학과외/index.html,/부개동초등수학과외/,1
C:/Projects/studyhub/output/부개동초등영어과외/index.html,/부개동초등영어과외/,1
C:/Projects/studyhub/output/부곡동고등과외/index.html,/부곡동고등과외/,1
C:/Projects/studyhub/output/부곡동고등수학과외/index.html,/부곡동고등수학과외/,1
C:/Projects/studyhub/output/부곡동고등영어과외/index.html,/부곡동고등영어과외/,1
C:/Projects/studyhub/output/부곡동과외/index.html,/부곡동과외/,2
C:/Projects/studyhub/output/부곡동수학과외/index.html,/부곡동수학과외/,2
C:/Projects/studyhub/output/부곡동영어과외/index.html,/부곡동영어과외/,2
C:/Projects/studyhub/output/부곡동중등과외/index.html,/부곡동중등과외/,2
C:/Projects/studyhub/output/부곡동중등수학과외/index.html,/부곡동중등수학과외/,1
C:/Projects/studyhub/output/부곡동중등영어과외/index.html,/부곡동중등영어과외/,1
C:/Projects/studyhub/output/부곡동초등과외/index.html,/부곡동초등과외/,2
C:/Projects/studyhub/output/부곡동초등수학과외/index.html,/부곡동초등수학과외/,1
C:/Projects/studyhub/output/부곡동초등영어과외/index.html,/부곡동초등영어과외/,1
C:/Projects/studyhub/output/부림동고등과외/index.html,/부림동고등과외/,1
C:/Projects/studyhub/output/부림동고등수학과외/index.html,/부림동고등수학과외/,1
C:/Projects/studyhub/output/부림동고등영어과외/index.html,/부림동고등영어과외/,1
C:/Projects/studyhub/output/부림동과외/index.html,/부림동과외/,2
C:/Projects/studyhub/output/부림동수학과외/index.html,/부림동수학과외/,2
C:/Projects/studyhub/output/부림동영어과외/index.html,/부림동영어과외/,2
C:/Projects/studyhub/output/부림동중등과외/index.html,/부림동중등과외/,2
C:/Projects/studyhub/output/부림동중등수학과외/index.html,/부림동중등수학과외/,1
C:/Projects/studyhub/output/부림동중등영어과외/index.html,/부림동중등영어과외/,1
C:/Projects/studyhub/output/부림동초등과외/index.html,/부림동초등과외/,2
C:/Projects/studyhub/output/부림동초등수학과외/index.html,/부림동초등수학과외/,1
C:/Projects/studyhub/output/부림동초등영어과외/index.html,/부림동초등영어과외/,1
C:/Projects/studyhub/output/부발읍고등과외/index.html,/부발읍고등과외/,1
C:/Projects/studyhub/output/부발읍고등수학과외/index.html,/부발읍고등수학과외/,1
C:/Projects/studyhub/output/부발읍고등영어과외/index.html,/부발읍고등영어과외/,1
C:/Projects/studyhub/output/부발읍과외/index.html,/부발읍과외/,2
C:/Projects/studyhub/output/부발읍수학과외/index.html,/부발읍수학과외/,2
C:/Projects/studyhub/output/부발읍영어과외/index.html,/부발읍영어과외/,2
C:/Projects/studyhub/output/부발읍중등과외/index.html,/부발읍중등과외/,2
C:/Projects/studyhub/output/부발읍중등수학과외/index.html,/부발읍중등수학과외/,1
C:/Projects/studyhub/output/부발읍중등영어과외/index.html,/부발읍중등영어과외/,1
C:/Projects/studyhub/output/부발읍초등과외/index.html,/부발읍초등과외/,2
C:/Projects/studyhub/output/부발읍초등수학과외/index.html,/부발읍초등수학과외/,1
C:/Projects/studyhub/output/부발읍초등영어과외/index.html,/부발읍초등영어과외/,1
C:/Projects/studyhub/output/부산고등과외/index.html,/부산고등과외/,1
C:/Projects/studyhub/output/부산고등수학과외/index.html,/부산고등수학과외/,1
C:/Projects/studyhub/output/부산고등영어과외/index.html,/부산고등영어과외/,1
C:/Projects/studyhub/output/부산과외/index.html,/부산과외/,2
C:/Projects/studyhub/output/부산동고등과외/index.html,/부산동고등과외/,1
C:/Projects/studyhub/output/부산동고등수학과외/index.html,/부산동고등수학과외/,1
C:/Projects/studyhub/output/부산동고등영어과외/index.html,/부산동고등영어과외/,1
C:/Projects/studyhub/output/부산동과외/index.html,/부산동과외/,2
C:/Projects/studyhub/output/부산동수학과외/index.html,/부산동수학과외/,2
C:/Projects/studyhub/output/부산동영어과외/index.html,/부산동영어과외/,2
C:/Projects/studyhub/output/부산동중등과외/index.html,/부산동중등과외/,2
C:/Projects/studyhub/output/부산동중등수학과외/index.html,/부산동중등수학과외/,1
C:/Projects/studyhub/output/부산동중등영어과외/index.html,/부산동중등영어과외/,1
C:/Projects/studyhub/output/부산동초등과외/index.html,/부산동초등과외/,2
C:/Projects/studyhub/output/부산동초등수학과외/index.html,/부산동초등수학과외/,1
C:/Projects/studyhub/output/부산동초등영어과외/index.html,/부산동초등영어과외/,1
C:/Projects/studyhub/output/부산북구고등과외/index.html,/부산북구고등과외/,1
C:/Projects/studyhub/output/부산북구고등수학과외/index.html,/부산북구고등수학과외/,1
C:/Projects/studyhub/output/부산북구고등영어과외/index.html,/부산북구고등영어과외/,1
C:/Projects/studyhub/output/부산북구과외/index.html,/부산북구과외/,2
C:/Projects/studyhub/output/부산북구수학과외/index.html,/부산북구수학과외/,2
C:/Projects/studyhub/output/부산북구영어과외/index.html,/부산북구영어과외/,2
C:/Projects/studyhub/output/부산북구중등과외/index.html,/부산북구중등과외/,2
C:/Projects/studyhub/output/부산북구중등수학과외/index.html,/부산북구중등수학과외/,1
C:/Projects/studyhub/output/부산북구중등영어과외/index.html,/부산북구중등영어과외/,1
C:/Projects/studyhub/output/부산북구초등과외/index.html,/부산북구초등과외/,2
C:/Projects/studyhub/output/부산북구초등수학과외/index.html,/부산북구초등수학과외/,1
C:/Projects/studyhub/output/부산북구초등영어과외/index.html,/부산북구초등영어과외/,1
C:/Projects/studyhub/output/부산수학과외/index.html,/부산수학과외/,2
C:/Projects/studyhub/output/부산영어과외/index.html,/부산영어과외/,2
C:/Projects/studyhub/output/부산우동고등과외/index.html,/부산우동고등과외/,1
C:/Projects/studyhub/output/부산우동고등수학과외/index.html,/부산우동고등수학과외/,1
C:/Projects/studyhub/output/부산우동고등영어과외/index.html,/부산우동고등영어과외/,1
C:/Projects/studyhub/output/부산우동과외/index.html,/부산우동과외/,2
C:/Projects/studyhub/output/부산우동수학과외/index.html,/부산우동수학과외/,2
C:/Projects/studyhub/output/부산우동영어과외/index.html,/부산우동영어과외/,2
C:/Projects/studyhub/output/부산우동중등과외/index.html,/부산우동중등과외/,2
C:/Projects/studyhub/output/부산우동중등수학과외/index.html,/부산우동중등수학과외/,1
C:/Projects/studyhub/output/부산우동중등영어과외/index.html,/부산우동중등영어과외/,1
C:/Projects/studyhub/output/부산우동초등과외/index.html,/부산우동초등과외/,2
C:/Projects/studyhub/output/부산우동초등수학과외/index.html,/부산우동초등수학과외/,1
C:/Projects/studyhub/output/부산우동초등영어과외/index.html,/부산우동초등영어과외/,1
C:/Projects/studyhub/output/부산좌동고등과외/index.html,/부산좌동고등과외/,1
C:/Projects/studyhub/output/부산좌동고등수학과외/index.html,/부산좌동고등수학과외/,1
C:/Projects/studyhub/output/부산좌동고등영어과외/index.html,/부산좌동고등영어과외/,1
C:/Projects/studyhub/output/부산좌동과외/index.html,/부산좌동과외/,2
C:/Projects/studyhub/output/부산좌동수학과외/index.html,/부산좌동수학과외/,2
C:/Projects/studyhub/output/부산좌동영어과외/index.html,/부산좌동영어과외/,2
C:/Projects/studyhub/output/부산좌동중등과외/index.html,/부산좌동중등과외/,2
C:/Projects/studyhub/output/부산좌동중등수학과외/index.html,/부산좌동중등수학과외/,1
C:/Projects/studyhub/output/부산좌동중등영어과외/index.html,/부산좌동중등영어과외/,1
C:/Projects/studyhub/output/부산좌동초등과외/index.html,/부산좌동초등과외/,2
C:/Projects/studyhub/output/부산좌동초등수학과외/index.html,/부산좌동초등수학과외/,1
C:/Projects/studyhub/output/부산좌동초등영어과외/index.html,/부산좌동초등영어과외/,1
C:/Projects/studyhub/output/부산중동고등과외/index.html,/부산중동고등과외/,1
C:/Projects/studyhub/output/부산중동고등수학과외/index.html,/부산중동고등수학과외/,1
C:/Projects/studyhub/output/부산중동고등영어과외/index.html,/부산중동고등영어과외/,1
C:/Projects/studyhub/output/부산중동과외/index.html,/부산중동과외/,2
C:/Projects/studyhub/output/부산중동수학과외/index.html,/부산중동수학과외/,2
C:/Projects/studyhub/output/부산중동영어과외/index.html,/부산중동영어과외/,2
C:/Projects/studyhub/output/부산중동중등과외/index.html,/부산중동중등과외/,2
C:/Projects/studyhub/output/부산중동중등수학과외/index.html,/부산중동중등수학과외/,1
C:/Projects/studyhub/output/부산중동중등영어과외/index.html,/부산중동중등영어과외/,1
C:/Projects/studyhub/output/부산중동초등과외/index.html,/부산중동초등과외/,2
C:/Projects/studyhub/output/부산중동초등수학과외/index.html,/부산중동초등수학과외/,1
C:/Projects/studyhub/output/부산중동초등영어과외/index.html,/부산중동초등영어과외/,1
C:/Projects/studyhub/output/부산중등과외/index.html,/부산중등과외/,2
C:/Projects/studyhub/output/부산중등수학과외/index.html,/부산중등수학과외/,1
C:/Projects/studyhub/output/부산중등영어과외/index.html,/부산중등영어과외/,1
C:/Projects/studyhub/output/부산진구고등과외/index.html,/부산진구고등과외/,1
C:/Projects/studyhub/output/부산진구고등수학과외/index.html,/부산진구고등수학과외/,1
C:/Projects/studyhub/output/부산진구고등영어과외/index.html,/부산진구고등영어과외/,1
C:/Projects/studyhub/output/부산진구수학과외/index.html,/부산진구수학과외/,2
C:/Projects/studyhub/output/부산진구영어과외/index.html,/부산진구영어과외/,2
C:/Projects/studyhub/output/부산진구중등과외/index.html,/부산진구중등과외/,2
C:/Projects/studyhub/output/부산진구중등수학과외/index.html,/부산진구중등수학과외/,1
C:/Projects/studyhub/output/부산진구중등영어과외/index.html,/부산진구중등영어과외/,1
C:/Projects/studyhub/output/부산진구초등과외/index.html,/부산진구초등과외/,2
C:/Projects/studyhub/output/부산진구초등수학과외/index.html,/부산진구초등수학과외/,1
C:/Projects/studyhub/output/부산진구초등영어과외/index.html,/부산진구초등영어과외/,1
C:/Projects/studyhub/output/부산초등과외/index.html,/부산초등과외/,2
C:/Projects/studyhub/output/부산초등수학과외/index.html,/부산초등수학과외/,1
C:/Projects/studyhub/output/부산초등영어과외/index.html,/부산초등영어과외/,1
C:/Projects/studyhub/output/부암동고등과외/index.html,/부암동고등과외/,1
C:/Projects/studyhub/output/부암동고등수학과외/index.html,/부암동고등수학과외/,1
C:/Projects/studyhub/output/부암동고등영어과외/index.html,/부암동고등영어과외/,1
C:/Projects/studyhub/output/부암동과외/index.html,/부암동과외/,2
C:/Projects/studyhub/output/부암동수학과외/index.html,/부암동수학과외/,2
C:/Projects/studyhub/output/부암동영어과외/index.html,/부암동영어과외/,2
C:/Projects/studyhub/output/부암동중등과외/index.html,/부암동중등과외/,2
C:/Projects/studyhub/output/부암동중등수학과외/index.html,/부암동중등수학과외/,1
C:/Projects/studyhub/output/부암동중등영어과외/index.html,/부암동중등영어과외/,1
C:/Projects/studyhub/output/부암동초등과외/index.html,/부암동초등과외/,2
C:/Projects/studyhub/output/부암동초등수학과외/index.html,/부암동초등수학과외/,1
C:/Projects/studyhub/output/부암동초등영어과외/index.html,/부암동초등영어과외/,1
C:/Projects/studyhub/output/부전동고등과외/index.html,/부전동고등과외/,1
C:/Projects/studyhub/output/부전동고등수학과외/index.html,/부전동고등수학과외/,1
C:/Projects/studyhub/output/부전동고등영어과외/index.html,/부전동고등영어과외/,1
C:/Projects/studyhub/output/부전동수학과외/index.html,/부전동수학과외/,2
C:/Projects/studyhub/output/부전동영어과외/index.html,/부전동영어과외/,2
C:/Projects/studyhub/output/부전동중등과외/index.html,/부전동중등과외/,2
C:/Projects/studyhub/output/부전동중등수학과외/index.html,/부전동중등수학과외/,1
C:/Projects/studyhub/output/부전동중등영어과외/index.html,/부전동중등영어과외/,1
C:/Projects/studyhub/output/부전동초등과외/index.html,/부전동초등과외/,2
C:/Projects/studyhub/output/부전동초등수학과외/index.html,/부전동초등수학과외/,1
C:/Projects/studyhub/output/부전동초등영어과외/index.html,/부전동초등영어과외/,1
C:/Projects/studyhub/output/부천고등과외/index.html,/부천고등과외/,1
C:/Projects/studyhub/output/부천고등수학과외/index.html,/부천고등수학과외/,1
C:/Projects/studyhub/output/부천고등영어과외/index.html,/부천고등영어과외/,1
C:/Projects/studyhub/output/부천과외/index.html,/부천과외/,2
C:/Projects/studyhub/output/부천수학과외/index.html,/부천수학과외/,2
C:/Projects/studyhub/output/부천영어과외/index.html,/부천영어과외/,2
C:/Projects/studyhub/output/부천중등과외/index.html,/부천중등과외/,2
C:/Projects/studyhub/output/부천중등수학과외/index.html,/부천중등수학과외/,1
C:/Projects/studyhub/output/부천중등영어과외/index.html,/부천중등영어과외/,1
C:/Projects/studyhub/output/부천초등과외/index.html,/부천초등과외/,2
C:/Projects/studyhub/output/부천초등수학과외/index.html,/부천초등수학과외/,1
C:/Projects/studyhub/output/부천초등영어과외/index.html,/부천초등영어과외/,1
C:/Projects/studyhub/output/부평구고등과외/index.html,/부평구고등과외/,1
C:/Projects/studyhub/output/부평구고등수학과외/index.html,/부평구고등수학과외/,1
C:/Projects/studyhub/output/부평구고등영어과외/index.html,/부평구고등영어과외/,1
C:/Projects/studyhub/output/부평구과외/index.html,/부평구과외/,2
C:/Projects/studyhub/output/부평구수학과외/index.html,/부평구수학과외/,2
C:/Projects/studyhub/output/부평구영어과외/index.html,/부평구영어과외/,2
C:/Projects/studyhub/output/부평구중등과외/index.html,/부평구중등과외/,2
C:/Projects/studyhub/output/부평구중등수학과외/index.html,/부평구중등수학과외/,1
C:/Projects/studyhub/output/부평구중등영어과외/index.html,/부평구중등영어과외/,1
C:/Projects/studyhub/output/부평구초등과외/index.html,/부평구초등과외/,2
C:/Projects/studyhub/output/부평구초등수학과외/index.html,/부평구초등수학과외/,1
C:/Projects/studyhub/output/부평구초등영어과외/index.html,/부평구초등영어과외/,1
C:/Projects/studyhub/output/부평동고등과외/index.html,/부평동고등과외/,1
C:/Projects/studyhub/output/부평동고등수학과외/index.html,/부평동고등수학과외/,1
C:/Projects/studyhub/output/부평동고등영어과외/index.html,/부평동고등영어과외/,1
C:/Projects/studyhub/output/부평동과외/index.html,/부평동과외/,2
C:/Projects/studyhub/output/부평동수학과외/index.html,/부평동수학과외/,2
C:/Projects/studyhub/output/부평동영어과외/index.html,/부평동영어과외/,2
C:/Projects/studyhub/output/부평동중등과외/index.html,/부평동중등과외/,2
C:/Projects/studyhub/output/부평동중등수학과외/index.html,/부평동중등수학과외/,1
C:/Projects/studyhub/output/부평동중등영어과외/index.html,/부평동중등영어과외/,1
C:/Projects/studyhub/output/부평동초등과외/index.html,/부평동초등과외/,2
C:/Projects/studyhub/output/부평동초등수학과외/index.html,/부평동초등수학과외/,1
C:/Projects/studyhub/output/부평동초등영어과외/index.html,/부평동초등영어과외/,1
C:/Projects/studyhub/output/북구고등과외/index.html,/북구고등과외/,1
C:/Projects/studyhub/output/북구고등수학과외/index.html,/북구고등수학과외/,1
C:/Projects/studyhub/output/북구고등영어과외/index.html,/북구고등영어과외/,1
C:/Projects/studyhub/output/북구수학과외/index.html,/북구수학과외/,2
C:/Projects/studyhub/output/북구영어과외/index.html,/북구영어과외/,2
C:/Projects/studyhub/output/북구중등과외/index.html,/북구중등과외/,2
C:/Projects/studyhub/output/북구중등수학과외/index.html,/북구중등수학과외/,1
C:/Projects/studyhub/output/북구중등영어과외/index.html,/북구중등영어과외/,1
C:/Projects/studyhub/output/북구초등과외/index.html,/북구초등과외/,2
C:/Projects/studyhub/output/북구초등수학과외/index.html,/북구초등수학과외/,1
C:/Projects/studyhub/output/북구초등영어과외/index.html,/북구초등영어과외/,1
C:/Projects/studyhub/output/북변동고등과외/index.html,/북변동고등과외/,1
C:/Projects/studyhub/output/북변동고등수학과외/index.html,/북변동고등수학과외/,1
C:/Projects/studyhub/output/북변동고등영어과외/index.html,/북변동고등영어과외/,1
C:/Projects/studyhub/output/북변동과외/index.html,/북변동과외/,2
C:/Projects/studyhub/output/북변동수학과외/index.html,/북변동수학과외/,2
C:/Projects/studyhub/output/북변동영어과외/index.html,/북변동영어과외/,2
C:/Projects/studyhub/output/북변동중등과외/index.html,/북변동중등과외/,2
C:/Projects/studyhub/output/북변동중등수학과외/index.html,/북변동중등수학과외/,1
C:/Projects/studyhub/output/북변동중등영어과외/index.html,/북변동중등영어과외/,1
C:/Projects/studyhub/output/북변동초등과외/index.html,/북변동초등과외/,2
C:/Projects/studyhub/output/북변동초등수학과외/index.html,/북변동초등수학과외/,1
C:/Projects/studyhub/output/북변동초등영어과외/index.html,/북변동초등영어과외/,1
C:/Projects/studyhub/output/분당구고등과외/index.html,/분당구고등과외/,1
C:/Projects/studyhub/output/분당구고등수학과외/index.html,/분당구고등수학과외/,1
C:/Projects/studyhub/output/분당구고등영어과외/index.html,/분당구고등영어과외/,1
C:/Projects/studyhub/output/분당구과외/index.html,/분당구과외/,2
C:/Projects/studyhub/output/분당구수학과외/index.html,/분당구수학과외/,2
C:/Projects/studyhub/output/분당구영어과외/index.html,/분당구영어과외/,2
C:/Projects/studyhub/output/분당구중등과외/index.html,/분당구중등과외/,2
C:/Projects/studyhub/output/분당구중등수학과외/index.html,/분당구중등수학과외/,1
C:/Projects/studyhub/output/분당구중등영어과외/index.html,/분당구중등영어과외/,1
C:/Projects/studyhub/output/분당구초등과외/index.html,/분당구초등과외/,2
C:/Projects/studyhub/output/분당구초등수학과외/index.html,/분당구초등수학과외/,1
C:/Projects/studyhub/output/분당구초등영어과외/index.html,/분당구초등영어과외/,1
C:/Projects/studyhub/output/분당동고등과외/index.html,/분당동고등과외/,1
C:/Projects/studyhub/output/분당동고등수학과외/index.html,/분당동고등수학과외/,1
C:/Projects/studyhub/output/분당동고등영어과외/index.html,/분당동고등영어과외/,1
C:/Projects/studyhub/output/분당동과외/index.html,/분당동과외/,2
C:/Projects/studyhub/output/분당동수학과외/index.html,/분당동수학과외/,2
C:/Projects/studyhub/output/분당동영어과외/index.html,/분당동영어과외/,2
C:/Projects/studyhub/output/분당동중등과외/index.html,/분당동중등과외/,2
C:/Projects/studyhub/output/분당동중등수학과외/index.html,/분당동중등수학과외/,1
C:/Projects/studyhub/output/분당동중등영어과외/index.html,/분당동중등영어과외/,1
C:/Projects/studyhub/output/분당동초등과외/index.html,/분당동초등과외/,2
C:/Projects/studyhub/output/분당동초등수학과외/index.html,/분당동초등수학과외/,1
C:/Projects/studyhub/output/분당동초등영어과외/index.html,/분당동초등영어과외/,1
C:/Projects/studyhub/output/분평동고등과외/index.html,/분평동고등과외/,1
C:/Projects/studyhub/output/분평동고등수학과외/index.html,/분평동고등수학과외/,1
C:/Projects/studyhub/output/분평동고등영어과외/index.html,/분평동고등영어과외/,1
C:/Projects/studyhub/output/분평동과외/index.html,/분평동과외/,2
C:/Projects/studyhub/output/분평동수학과외/index.html,/분평동수학과외/,2
C:/Projects/studyhub/output/분평동영어과외/index.html,/분평동영어과외/,2
C:/Projects/studyhub/output/분평동중등과외/index.html,/분평동중등과외/,2
C:/Projects/studyhub/output/분평동중등수학과외/index.html,/분평동중등수학과외/,1
C:/Projects/studyhub/output/분평동중등영어과외/index.html,/분평동중등영어과외/,1
C:/Projects/studyhub/output/분평동초등과외/index.html,/분평동초등과외/,2
C:/Projects/studyhub/output/분평동초등수학과외/index.html,/분평동초등수학과외/,1
C:/Projects/studyhub/output/분평동초등영어과외/index.html,/분평동초등영어과외/,1
C:/Projects/studyhub/output/불광동고등과외/index.html,/불광동고등과외/,1
C:/Projects/studyhub/output/불광동고등수학과외/index.html,/불광동고등수학과외/,1
C:/Projects/studyhub/output/불광동고등영어과외/index.html,/불광동고등영어과외/,1
C:/Projects/studyhub/output/불광동과외/index.html,/불광동과외/,2
C:/Projects/studyhub/output/불광동수학과외/index.html,/불광동수학과외/,2
C:/Projects/studyhub/output/불광동영어과외/index.html,/불광동영어과외/,2
C:/Projects/studyhub/output/불광동중등과외/index.html,/불광동중등과외/,2
C:/Projects/studyhub/output/불광동중등수학과외/index.html,/불광동중등수학과외/,1
C:/Projects/studyhub/output/불광동중등영어과외/index.html,/불광동중등영어과외/,1
C:/Projects/studyhub/output/불광동초등과외/index.html,/불광동초등과외/,2
C:/Projects/studyhub/output/불광동초등수학과외/index.html,/불광동초등수학과외/,1
C:/Projects/studyhub/output/불광동초등영어과외/index.html,/불광동초등영어과외/,1
C:/Projects/studyhub/output/불당동고등과외/index.html,/불당동고등과외/,1
C:/Projects/studyhub/output/불당동고등수학과외/index.html,/불당동고등수학과외/,1
C:/Projects/studyhub/output/불당동고등영어과외/index.html,/불당동고등영어과외/,1
C:/Projects/studyhub/output/불당동수학과외/index.html,/불당동수학과외/,2
C:/Projects/studyhub/output/불당동영어과외/index.html,/불당동영어과외/,2
C:/Projects/studyhub/output/불당동중등과외/index.html,/불당동중등과외/,2
C:/Projects/studyhub/output/불당동중등수학과외/index.html,/불당동중등수학과외/,1
C:/Projects/studyhub/output/불당동중등영어과외/index.html,/불당동중등영어과외/,1
C:/Projects/studyhub/output/불당동초등과외/index.html,/불당동초등과외/,2
C:/Projects/studyhub/output/불당동초등수학과외/index.html,/불당동초등수학과외/,1
C:/Projects/studyhub/output/불당동초등영어과외/index.html,/불당동초등영어과외/,1
C:/Projects/studyhub/output/비래동고등과외/index.html,/비래동고등과외/,1
C:/Projects/studyhub/output/비래동고등수학과외/index.html,/비래동고등수학과외/,1
C:/Projects/studyhub/output/비래동고등영어과외/index.html,/비래동고등영어과외/,1
C:/Projects/studyhub/output/비래동과외/index.html,/비래동과외/,2
C:/Projects/studyhub/output/비래동수학과외/index.html,/비래동수학과외/,2
C:/Projects/studyhub/output/비래동영어과외/index.html,/비래동영어과외/,2
C:/Projects/studyhub/output/비래동중등과외/index.html,/비래동중등과외/,2
C:/Projects/studyhub/output/비래동중등수학과외/index.html,/비래동중등수학과외/,1
C:/Projects/studyhub/output/비래동중등영어과외/index.html,/비래동중등영어과외/,1
C:/Projects/studyhub/output/비래동초등과외/index.html,/비래동초등과외/,2
C:/Projects/studyhub/output/비래동초등수학과외/index.html,/비래동초등수학과외/,1
C:/Projects/studyhub/output/비래동초등영어과외/index.html,/비래동초등영어과외/,1
C:/Projects/studyhub/output/비산동고등과외/index.html,/비산동고등과외/,1
C:/Projects/studyhub/output/비산동고등수학과외/index.html,/비산동고등수학과외/,1
C:/Projects/studyhub/output/비산동고등영어과외/index.html,/비산동고등영어과외/,1
C:/Projects/studyhub/output/비산동과외/index.html,/비산동과외/,2
C:/Projects/studyhub/output/비산동수학과외/index.html,/비산동수학과외/,2
C:/Projects/studyhub/output/비산동영어과외/index.html,/비산동영어과외/,2
C:/Projects/studyhub/output/비산동중등과외/index.html,/비산동중등과외/,2
C:/Projects/studyhub/output/비산동중등수학과외/index.html,/비산동중등수학과외/,1
C:/Projects/studyhub/output/비산동중등영어과외/index.html,/비산동중등영어과외/,1
C:/Projects/studyhub/output/비산동초등과외/index.html,/비산동초등과외/,2
C:/Projects/studyhub/output/비산동초등수학과외/index.html,/비산동초등수학과외/,1
C:/Projects/studyhub/output/비산동초등영어과외/index.html,/비산동초등영어과외/,1
C:/Projects/studyhub/output/비아동고등과외/index.html,/비아동고등과외/,1
C:/Projects/studyhub/output/비아동고등수학과외/index.html,/비아동고등수학과외/,1
C:/Projects/studyhub/output/비아동고등영어과외/index.html,/비아동고등영어과외/,1
C:/Projects/studyhub/output/비아동과외/index.html,/비아동과외/,2
C:/Projects/studyhub/output/비아동수학과외/index.html,/비아동수학과외/,2
C:/Projects/studyhub/output/비아동영어과외/index.html,/비아동영어과외/,2
C:/Projects/studyhub/output/비아동중등과외/index.html,/비아동중등과외/,2
C:/Projects/studyhub/output/비아동중등수학과외/index.html,/비아동중등수학과외/,1
C:/Projects/studyhub/output/비아동중등영어과외/index.html,/비아동중등영어과외/,1
C:/Projects/studyhub/output/비아동초등과외/index.html,/비아동초등과외/,2
C:/Projects/studyhub/output/비아동초등수학과외/index.html,/비아동초등수학과외/,1
C:/Projects/studyhub/output/비아동초등영어과외/index.html,/비아동초등영어과외/,1
C:/Projects/studyhub/output/비전동고등과외/index.html,/비전동고등과외/,1
C:/Projects/studyhub/output/비전동고등수학과외/index.html,/비전동고등수학과외/,1
C:/Projects/studyhub/output/비전동고등영어과외/index.html,/비전동고등영어과외/,1
C:/Projects/studyhub/output/비전동과외/index.html,/비전동과외/,2
C:/Projects/studyhub/output/비전동수학과외/index.html,/비전동수학과외/,2
C:/Projects/studyhub/output/비전동영어과외/index.html,/비전동영어과외/,2
C:/Projects/studyhub/output/비전동중등과외/index.html,/비전동중등과외/,2
C:/Projects/studyhub/output/비전동중등수학과외/index.html,/비전동중등수학과외/,1
C:/Projects/studyhub/output/비전동중등영어과외/index.html,/비전동중등영어과외/,1
C:/Projects/studyhub/output/비전동초등과외/index.html,/비전동초등과외/,2
C:/Projects/studyhub/output/비전동초등수학과외/index.html,/비전동초등수학과외/,1
C:/Projects/studyhub/output/비전동초등영어과외/index.html,/비전동초등영어과외/,1
C:/Projects/studyhub/output/비하동고등과외/index.html,/비하동고등과외/,1
C:/Projects/studyhub/output/비하동고등수학과외/index.html,/비하동고등수학과외/,1
C:/Projects/studyhub/output/비하동고등영어과외/index.html,/비하동고등영어과외/,1
C:/Projects/studyhub/output/비하동과외/index.html,/비하동과외/,2
C:/Projects/studyhub/output/비하동수학과외/index.html,/비하동수학과외/,2
C:/Projects/studyhub/output/비하동영어과외/index.html,/비하동영어과외/,2
C:/Projects/studyhub/output/비하동중등과외/index.html,/비하동중등과외/,2
C:/Projects/studyhub/output/비하동중등수학과외/index.html,/비하동중등수학과외/,1
C:/Projects/studyhub/output/비하동중등영어과외/index.html,/비하동중등영어과외/,1
C:/Projects/studyhub/output/비하동초등과외/index.html,/비하동초등과외/,2
C:/Projects/studyhub/output/비하동초등수학과외/index.html,/비하동초등수학과외/,1
C:/Projects/studyhub/output/비하동초등영어과외/index.html,/비하동초등영어과외/,1
C:/Projects/studyhub/output/사근동고등과외/index.html,/사근동고등과외/,1
C:/Projects/studyhub/output/사근동고등수학과외/index.html,/사근동고등수학과외/,1
C:/Projects/studyhub/output/사근동고등영어과외/index.html,/사근동고등영어과외/,1
C:/Projects/studyhub/output/사근동과외/index.html,/사근동과외/,2
C:/Projects/studyhub/output/사근동수학과외/index.html,/사근동수학과외/,2
C:/Projects/studyhub/output/사근동영어과외/index.html,/사근동영어과외/,2
C:/Projects/studyhub/output/사근동중등과외/index.html,/사근동중등과외/,2
C:/Projects/studyhub/output/사근동중등수학과외/index.html,/사근동중등수학과외/,1
C:/Projects/studyhub/output/사근동중등영어과외/index.html,/사근동중등영어과외/,1
C:/Projects/studyhub/output/사근동초등과외/index.html,/사근동초등과외/,2
C:/Projects/studyhub/output/사근동초등수학과외/index.html,/사근동초등수학과외/,1
C:/Projects/studyhub/output/사근동초등영어과외/index.html,/사근동초등영어과외/,1
C:/Projects/studyhub/output/사당동고등과외/index.html,/사당동고등과외/,1
C:/Projects/studyhub/output/사당동고등수학과외/index.html,/사당동고등수학과외/,1
C:/Projects/studyhub/output/사당동고등영어과외/index.html,/사당동고등영어과외/,1
C:/Projects/studyhub/output/사당동과외/index.html,/사당동과외/,2
C:/Projects/studyhub/output/사당동수학과외/index.html,/사당동수학과외/,2
C:/Projects/studyhub/output/사당동영어과외/index.html,/사당동영어과외/,2
C:/Projects/studyhub/output/사당동중등과외/index.html,/사당동중등과외/,2
C:/Projects/studyhub/output/사당동중등수학과외/index.html,/사당동중등수학과외/,1
C:/Projects/studyhub/output/사당동중등영어과외/index.html,/사당동중등영어과외/,1
C:/Projects/studyhub/output/사당동초등과외/index.html,/사당동초등과외/,2
C:/Projects/studyhub/output/사당동초등수학과외/index.html,/사당동초등수학과외/,1
C:/Projects/studyhub/output/사당동초등영어과외/index.html,/사당동초등영어과외/,1
C:/Projects/studyhub/output/사상구고등과외/index.html,/사상구고등과외/,1
C:/Projects/studyhub/output/사상구고등수학과외/index.html,/사상구고등수학과외/,1
C:/Projects/studyhub/output/사상구고등영어과외/index.html,/사상구고등영어과외/,1
C:/Projects/studyhub/output/사상구과외/index.html,/사상구과외/,2
C:/Projects/studyhub/output/사상구수학과외/index.html,/사상구수학과외/,2
C:/Projects/studyhub/output/사상구영어과외/index.html,/사상구영어과외/,2
C:/Projects/studyhub/output/사상구중등과외/index.html,/사상구중등과외/,2
C:/Projects/studyhub/output/사상구중등수학과외/index.html,/사상구중등수학과외/,1
C:/Projects/studyhub/output/사상구중등영어과외/index.html,/사상구중등영어과외/,1
C:/Projects/studyhub/output/사상구초등과외/index.html,/사상구초등과외/,2
C:/Projects/studyhub/output/사상구초등수학과외/index.html,/사상구초등수학과외/,1
C:/Projects/studyhub/output/사상구초등영어과외/index.html,/사상구초등영어과외/,1
C:/Projects/studyhub/output/사우동고등과외/index.html,/사우동고등과외/,1
C:/Projects/studyhub/output/사우동고등수학과외/index.html,/사우동고등수학과외/,1
C:/Projects/studyhub/output/사우동고등영어과외/index.html,/사우동고등영어과외/,1
C:/Projects/studyhub/output/사우동과외/index.html,/사우동과외/,2
C:/Projects/studyhub/output/사우동수학과외/index.html,/사우동수학과외/,2
C:/Projects/studyhub/output/사우동영어과외/index.html,/사우동영어과외/,2
C:/Projects/studyhub/output/사우동중등과외/index.html,/사우동중등과외/,2
C:/Projects/studyhub/output/사우동중등수학과외/index.html,/사우동중등수학과외/,1
C:/Projects/studyhub/output/사우동중등영어과외/index.html,/사우동중등영어과외/,1
C:/Projects/studyhub/output/사우동초등과외/index.html,/사우동초등과외/,2
C:/Projects/studyhub/output/사우동초등수학과외/index.html,/사우동초등수학과외/,1
C:/Projects/studyhub/output/사우동초등영어과외/index.html,/사우동초등영어과외/,1
C:/Projects/studyhub/output/사월동고등과외/index.html,/사월동고등과외/,1
C:/Projects/studyhub/output/사월동고등수학과외/index.html,/사월동고등수학과외/,1
C:/Projects/studyhub/output/사월동고등영어과외/index.html,/사월동고등영어과외/,1
C:/Projects/studyhub/output/사월동과외/index.html,/사월동과외/,2
C:/Projects/studyhub/output/사월동수학과외/index.html,/사월동수학과외/,2
C:/Projects/studyhub/output/사월동영어과외/index.html,/사월동영어과외/,2
C:/Projects/studyhub/output/사월동중등과외/index.html,/사월동중등과외/,2
C:/Projects/studyhub/output/사월동중등수학과외/index.html,/사월동중등수학과외/,1
C:/Projects/studyhub/output/사월동중등영어과외/index.html,/사월동중등영어과외/,1
C:/Projects/studyhub/output/사월동초등과외/index.html,/사월동초등과외/,2
C:/Projects/studyhub/output/사월동초등수학과외/index.html,/사월동초등수학과외/,1
C:/Projects/studyhub/output/사월동초등영어과외/index.html,/사월동초등영어과외/,1
C:/Projects/studyhub/output/사직동고등과외/index.html,/사직동고등과외/,1
C:/Projects/studyhub/output/사직동고등수학과외/index.html,/사직동고등수학과외/,1
C:/Projects/studyhub/output/사직동고등영어과외/index.html,/사직동고등영어과외/,1
C:/Projects/studyhub/output/사직동과외/index.html,/사직동과외/,2
C:/Projects/studyhub/output/사직동수학과외/index.html,/사직동수학과외/,2
C:/Projects/studyhub/output/사직동영어과외/index.html,/사직동영어과외/,2
C:/Projects/studyhub/output/사직동중등과외/index.html,/사직동중등과외/,2
C:/Projects/studyhub/output/사직동중등수학과외/index.html,/사직동중등수학과외/,1
C:/Projects/studyhub/output/사직동중등영어과외/index.html,/사직동중등영어과외/,1
C:/Projects/studyhub/output/사직동초등과외/index.html,/사직동초등과외/,2
C:/Projects/studyhub/output/사직동초등수학과외/index.html,/사직동초등수학과외/,1
C:/Projects/studyhub/output/사직동초등영어과외/index.html,/사직동초등영어과외/,1
C:/Projects/studyhub/output/사창동고등과외/index.html,/사창동고등과외/,1
C:/Projects/studyhub/output/사창동고등수학과외/index.html,/사창동고등수학과외/,1
C:/Projects/studyhub/output/사창동고등영어과외/index.html,/사창동고등영어과외/,1
C:/Projects/studyhub/output/사창동과외/index.html,/사창동과외/,2
C:/Projects/studyhub/output/사창동수학과외/index.html,/사창동수학과외/,2
C:/Projects/studyhub/output/사창동영어과외/index.html,/사창동영어과외/,2
C:/Projects/studyhub/output/사창동중등과외/index.html,/사창동중등과외/,2
C:/Projects/studyhub/output/사창동중등수학과외/index.html,/사창동중등수학과외/,1
C:/Projects/studyhub/output/사창동중등영어과외/index.html,/사창동중등영어과외/,1
C:/Projects/studyhub/output/사창동초등과외/index.html,/사창동초등과외/,2
C:/Projects/studyhub/output/사창동초등수학과외/index.html,/사창동초등수학과외/,1
C:/Projects/studyhub/output/사창동초등영어과외/index.html,/사창동초등영어과외/,1
C:/Projects/studyhub/output/사천동고등과외/index.html,/사천동고등과외/,1
C:/Projects/studyhub/output/사천동고등수학과외/index.html,/사천동고등수학과외/,1
C:/Projects/studyhub/output/사천동고등영어과외/index.html,/사천동고등영어과외/,1
C:/Projects/studyhub/output/사천동과외/index.html,/사천동과외/,2
C:/Projects/studyhub/output/사천동수학과외/index.html,/사천동수학과외/,2
C:/Projects/studyhub/output/사천동영어과외/index.html,/사천동영어과외/,2
C:/Projects/studyhub/output/사천동중등과외/index.html,/사천동중등과외/,2
C:/Projects/studyhub/output/사천동중등수학과외/index.html,/사천동중등수학과외/,1
C:/Projects/studyhub/output/사천동중등영어과외/index.html,/사천동중등영어과외/,1
C:/Projects/studyhub/output/사천동초등과외/index.html,/사천동초등과외/,2
C:/Projects/studyhub/output/사천동초등수학과외/index.html,/사천동초등수학과외/,1
C:/Projects/studyhub/output/사천동초등영어과외/index.html,/사천동초등영어과외/,1
C:/Projects/studyhub/output/사하구고등과외/index.html,/사하구고등과외/,1
C:/Projects/studyhub/output/사하구고등수학과외/index.html,/사하구고등수학과외/,1
C:/Projects/studyhub/output/사하구고등영어과외/index.html,/사하구고등영어과외/,1
C:/Projects/studyhub/output/사하구과외/index.html,/사하구과외/,2
C:/Projects/studyhub/output/사하구수학과외/index.html,/사하구수학과외/,2
C:/Projects/studyhub/output/사하구영어과외/index.html,/사하구영어과외/,2
C:/Projects/studyhub/output/사하구중등과외/index.html,/사하구중등과외/,2
C:/Projects/studyhub/output/사하구중등수학과외/index.html,/사하구중등수학과외/,1
C:/Projects/studyhub/output/사하구중등영어과외/index.html,/사하구중등영어과외/,1
C:/Projects/studyhub/output/사하구초등과외/index.html,/사하구초등과외/,2
C:/Projects/studyhub/output/사하구초등수학과외/index.html,/사하구초등수학과외/,1
C:/Projects/studyhub/output/사하구초등영어과외/index.html,/사하구초등영어과외/,1
C:/Projects/studyhub/output/산격동고등과외/index.html,/산격동고등과외/,1
C:/Projects/studyhub/output/산격동고등수학과외/index.html,/산격동고등수학과외/,1
C:/Projects/studyhub/output/산격동고등영어과외/index.html,/산격동고등영어과외/,1
C:/Projects/studyhub/output/산격동과외/index.html,/산격동과외/,2
C:/Projects/studyhub/output/산격동수학과외/index.html,/산격동수학과외/,2
C:/Projects/studyhub/output/산격동영어과외/index.html,/산격동영어과외/,2
C:/Projects/studyhub/output/산격동중등과외/index.html,/산격동중등과외/,2
C:/Projects/studyhub/output/산격동중등수학과외/index.html,/산격동중등수학과외/,1
C:/Projects/studyhub/output/산격동중등영어과외/index.html,/산격동중등영어과외/,1
C:/Projects/studyhub/output/산격동초등과외/index.html,/산격동초등과외/,2
C:/Projects/studyhub/output/산격동초등수학과외/index.html,/산격동초등수학과외/,1
C:/Projects/studyhub/output/산격동초등영어과외/index.html,/산격동초등영어과외/,1
C:/Projects/studyhub/output/산곡동고등과외/index.html,/산곡동고등과외/,1
C:/Projects/studyhub/output/산곡동고등수학과외/index.html,/산곡동고등수학과외/,1
C:/Projects/studyhub/output/산곡동고등영어과외/index.html,/산곡동고등영어과외/,1
C:/Projects/studyhub/output/산곡동과외/index.html,/산곡동과외/,2
C:/Projects/studyhub/output/산곡동수학과외/index.html,/산곡동수학과외/,2
C:/Projects/studyhub/output/산곡동영어과외/index.html,/산곡동영어과외/,2
C:/Projects/studyhub/output/산곡동중등과외/index.html,/산곡동중등과외/,2
C:/Projects/studyhub/output/산곡동중등수학과외/index.html,/산곡동중등수학과외/,1
C:/Projects/studyhub/output/산곡동중등영어과외/index.html,/산곡동중등영어과외/,1
C:/Projects/studyhub/output/산곡동초등과외/index.html,/산곡동초등과외/,2
C:/Projects/studyhub/output/산곡동초등수학과외/index.html,/산곡동초등수학과외/,1
C:/Projects/studyhub/output/산곡동초등영어과외/index.html,/산곡동초등영어과외/,1
C:/Projects/studyhub/output/산남동고등과외/index.html,/산남동고등과외/,1
C:/Projects/studyhub/output/산남동고등수학과외/index.html,/산남동고등수학과외/,1
C:/Projects/studyhub/output/산남동고등영어과외/index.html,/산남동고등영어과외/,1
C:/Projects/studyhub/output/산남동과외/index.html,/산남동과외/,2
C:/Projects/studyhub/output/산남동수학과외/index.html,/산남동수학과외/,2
C:/Projects/studyhub/output/산남동영어과외/index.html,/산남동영어과외/,2
C:/Projects/studyhub/output/산남동중등과외/index.html,/산남동중등과외/,2
C:/Projects/studyhub/output/산남동중등수학과외/index.html,/산남동중등수학과외/,1
C:/Projects/studyhub/output/산남동중등영어과외/index.html,/산남동중등영어과외/,1
C:/Projects/studyhub/output/산남동초등과외/index.html,/산남동초등과외/,2
C:/Projects/studyhub/output/산남동초등수학과외/index.html,/산남동초등수학과외/,1
C:/Projects/studyhub/output/산남동초등영어과외/index.html,/산남동초등영어과외/,1
C:/Projects/studyhub/output/산본동고등과외/index.html,/산본동고등과외/,1
C:/Projects/studyhub/output/산본동고등수학과외/index.html,/산본동고등수학과외/,1
C:/Projects/studyhub/output/산본동고등영어과외/index.html,/산본동고등영어과외/,1
C:/Projects/studyhub/output/산본동과외/index.html,/산본동과외/,2
C:/Projects/studyhub/output/산본동수학과외/index.html,/산본동수학과외/,2
C:/Projects/studyhub/output/산본동영어과외/index.html,/산본동영어과외/,2
C:/Projects/studyhub/output/산본동중등과외/index.html,/산본동중등과외/,2
C:/Projects/studyhub/output/산본동중등수학과외/index.html,/산본동중등수학과외/,1
C:/Projects/studyhub/output/산본동중등영어과외/index.html,/산본동중등영어과외/,1
C:/Projects/studyhub/output/산본동초등과외/index.html,/산본동초등과외/,2
C:/Projects/studyhub/output/산본동초등수학과외/index.html,/산본동초등수학과외/,1
C:/Projects/studyhub/output/산본동초등영어과외/index.html,/산본동초등영어과외/,1
C:/Projects/studyhub/output/산월동고등과외/index.html,/산월동고등과외/,1
C:/Projects/studyhub/output/산월동고등수학과외/index.html,/산월동고등수학과외/,1
C:/Projects/studyhub/output/산월동고등영어과외/index.html,/산월동고등영어과외/,1
C:/Projects/studyhub/output/산월동과외/index.html,/산월동과외/,2
C:/Projects/studyhub/output/산월동수학과외/index.html,/산월동수학과외/,2
C:/Projects/studyhub/output/산월동영어과외/index.html,/산월동영어과외/,2
C:/Projects/studyhub/output/산월동중등과외/index.html,/산월동중등과외/,2
C:/Projects/studyhub/output/산월동중등수학과외/index.html,/산월동중등수학과외/,1
C:/Projects/studyhub/output/산월동중등영어과외/index.html,/산월동중등영어과외/,1
C:/Projects/studyhub/output/산월동초등과외/index.html,/산월동초등과외/,2
C:/Projects/studyhub/output/산월동초등수학과외/index.html,/산월동초등수학과외/,1
C:/Projects/studyhub/output/산월동초등영어과외/index.html,/산월동초등영어과외/,1
C:/Projects/studyhub/output/산정동고등과외/index.html,/산정동고등과외/,1
C:/Projects/studyhub/output/산정동고등수학과외/index.html,/산정동고등수학과외/,1
C:/Projects/studyhub/output/산정동고등영어과외/index.html,/산정동고등영어과외/,1
C:/Projects/studyhub/output/산정동과외/index.html,/산정동과외/,2
C:/Projects/studyhub/output/산정동수학과외/index.html,/산정동수학과외/,2
C:/Projects/studyhub/output/산정동영어과외/index.html,/산정동영어과외/,2
C:/Projects/studyhub/output/산정동중등과외/index.html,/산정동중등과외/,2
C:/Projects/studyhub/output/산정동중등수학과외/index.html,/산정동중등수학과외/,1
C:/Projects/studyhub/output/산정동중등영어과외/index.html,/산정동중등영어과외/,1
C:/Projects/studyhub/output/산정동초등과외/index.html,/산정동초등과외/,2
C:/Projects/studyhub/output/산정동초등수학과외/index.html,/산정동초등수학과외/,1
C:/Projects/studyhub/output/산정동초등영어과외/index.html,/산정동초등영어과외/,1
C:/Projects/studyhub/output/삼각동고등과외/index.html,/삼각동고등과외/,1
C:/Projects/studyhub/output/삼각동고등수학과외/index.html,/삼각동고등수학과외/,1
C:/Projects/studyhub/output/삼각동고등영어과외/index.html,/삼각동고등영어과외/,1
C:/Projects/studyhub/output/삼각동과외/index.html,/삼각동과외/,2
C:/Projects/studyhub/output/삼각동수학과외/index.html,/삼각동수학과외/,2
C:/Projects/studyhub/output/삼각동영어과외/index.html,/삼각동영어과외/,2
C:/Projects/studyhub/output/삼각동중등과외/index.html,/삼각동중등과외/,2
C:/Projects/studyhub/output/삼각동중등수학과외/index.html,/삼각동중등수학과외/,1
C:/Projects/studyhub/output/삼각동중등영어과외/index.html,/삼각동중등영어과외/,1
C:/Projects/studyhub/output/삼각동초등과외/index.html,/삼각동초등과외/,2
C:/Projects/studyhub/output/삼각동초등수학과외/index.html,/삼각동초등수학과외/,1
C:/Projects/studyhub/output/삼각동초등영어과외/index.html,/삼각동초등영어과외/,1
C:/Projects/studyhub/output/삼남읍고등과외/index.html,/삼남읍고등과외/,1
C:/Projects/studyhub/output/삼남읍고등수학과외/index.html,/삼남읍고등수학과외/,1
C:/Projects/studyhub/output/삼남읍고등영어과외/index.html,/삼남읍고등영어과외/,1
C:/Projects/studyhub/output/삼남읍과외/index.html,/삼남읍과외/,2
C:/Projects/studyhub/output/삼남읍수학과외/index.html,/삼남읍수학과외/,2
C:/Projects/studyhub/output/삼남읍영어과외/index.html,/삼남읍영어과외/,2
C:/Projects/studyhub/output/삼남읍중등과외/index.html,/삼남읍중등과외/,2
C:/Projects/studyhub/output/삼남읍중등수학과외/index.html,/삼남읍중등수학과외/,1
C:/Projects/studyhub/output/삼남읍중등영어과외/index.html,/삼남읍중등영어과외/,1
C:/Projects/studyhub/output/삼남읍초등과외/index.html,/삼남읍초등과외/,2
C:/Projects/studyhub/output/삼남읍초등수학과외/index.html,/삼남읍초등수학과외/,1
C:/Projects/studyhub/output/삼남읍초등영어과외/index.html,/삼남읍초등영어과외/,1
C:/Projects/studyhub/output/삼산동고등과외/index.html,/삼산동고등과외/,1
C:/Projects/studyhub/output/삼산동고등수학과외/index.html,/삼산동고등수학과외/,1
C:/Projects/studyhub/output/삼산동고등영어과외/index.html,/삼산동고등영어과외/,1
C:/Projects/studyhub/output/삼산동수학과외/index.html,/삼산동수학과외/,2
C:/Projects/studyhub/output/삼산동영어과외/index.html,/삼산동영어과외/,2
C:/Projects/studyhub/output/삼산동중등과외/index.html,/삼산동중등과외/,2
C:/Projects/studyhub/output/삼산동중등수학과외/index.html,/삼산동중등수학과외/,1
C:/Projects/studyhub/output/삼산동중등영어과외/index.html,/삼산동중등영어과외/,1
C:/Projects/studyhub/output/삼산동초등과외/index.html,/삼산동초등과외/,2
C:/Projects/studyhub/output/삼산동초등수학과외/index.html,/삼산동초등수학과외/,1
C:/Projects/studyhub/output/삼산동초등영어과외/index.html,/삼산동초등영어과외/,1
C:/Projects/studyhub/output/삼성동고등과외/index.html,/삼성동고등과외/,1
C:/Projects/studyhub/output/삼성동고등수학과외/index.html,/삼성동고등수학과외/,1
C:/Projects/studyhub/output/삼성동고등영어과외/index.html,/삼성동고등영어과외/,1
C:/Projects/studyhub/output/삼성동과외/index.html,/삼성동과외/,2
C:/Projects/studyhub/output/삼성동수학과외/index.html,/삼성동수학과외/,2
C:/Projects/studyhub/output/삼성동영어과외/index.html,/삼성동영어과외/,2
C:/Projects/studyhub/output/삼성동중등과외/index.html,/삼성동중등과외/,2
C:/Projects/studyhub/output/삼성동중등수학과외/index.html,/삼성동중등수학과외/,1
C:/Projects/studyhub/output/삼성동중등영어과외/index.html,/삼성동중등영어과외/,1
C:/Projects/studyhub/output/삼성동초등과외/index.html,/삼성동초등과외/,2
C:/Projects/studyhub/output/삼성동초등수학과외/index.html,/삼성동초등수학과외/,1
C:/Projects/studyhub/output/삼성동초등영어과외/index.html,/삼성동초등영어과외/,1
C:/Projects/studyhub/output/삼송동고등과외/index.html,/삼송동고등과외/,1
C:/Projects/studyhub/output/삼송동고등수학과외/index.html,/삼송동고등수학과외/,1
C:/Projects/studyhub/output/삼송동고등영어과외/index.html,/삼송동고등영어과외/,1
C:/Projects/studyhub/output/삼송동과외/index.html,/삼송동과외/,2
C:/Projects/studyhub/output/삼송동수학과외/index.html,/삼송동수학과외/,2
C:/Projects/studyhub/output/삼송동영어과외/index.html,/삼송동영어과외/,2
C:/Projects/studyhub/output/삼송동중등과외/index.html,/삼송동중등과외/,2
C:/Projects/studyhub/output/삼송동중등수학과외/index.html,/삼송동중등수학과외/,1
C:/Projects/studyhub/output/삼송동중등영어과외/index.html,/삼송동중등영어과외/,1
C:/Projects/studyhub/output/삼송동초등과외/index.html,/삼송동초등과외/,2
C:/Projects/studyhub/output/삼송동초등수학과외/index.html,/삼송동초등수학과외/,1
C:/Projects/studyhub/output/삼송동초등영어과외/index.html,/삼송동초등영어과외/,1
C:/Projects/studyhub/output/삼숭동고등과외/index.html,/삼숭동고등과외/,1
C:/Projects/studyhub/output/삼숭동고등수학과외/index.html,/삼숭동고등수학과외/,1
C:/Projects/studyhub/output/삼숭동고등영어과외/index.html,/삼숭동고등영어과외/,1
C:/Projects/studyhub/output/삼숭동과외/index.html,/삼숭동과외/,2
C:/Projects/studyhub/output/삼숭동수학과외/index.html,/삼숭동수학과외/,2
C:/Projects/studyhub/output/삼숭동영어과외/index.html,/삼숭동영어과외/,2
C:/Projects/studyhub/output/삼숭동중등과외/index.html,/삼숭동중등과외/,2
C:/Projects/studyhub/output/삼숭동중등수학과외/index.html,/삼숭동중등수학과외/,1
C:/Projects/studyhub/output/삼숭동중등영어과외/index.html,/삼숭동중등영어과외/,1
C:/Projects/studyhub/output/삼숭동초등과외/index.html,/삼숭동초등과외/,2
C:/Projects/studyhub/output/삼숭동초등수학과외/index.html,/삼숭동초등수학과외/,1
C:/Projects/studyhub/output/삼숭동초등영어과외/index.html,/삼숭동초등영어과외/,1
C:/Projects/studyhub/output/삼전동고등과외/index.html,/삼전동고등과외/,1
C:/Projects/studyhub/output/삼전동고등수학과외/index.html,/삼전동고등수학과외/,1
C:/Projects/studyhub/output/삼전동고등영어과외/index.html,/삼전동고등영어과외/,1
C:/Projects/studyhub/output/삼전동과외/index.html,/삼전동과외/,2
C:/Projects/studyhub/output/삼전동수학과외/index.html,/삼전동수학과외/,2
C:/Projects/studyhub/output/삼전동영어과외/index.html,/삼전동영어과외/,2
C:/Projects/studyhub/output/삼전동중등과외/index.html,/삼전동중등과외/,2
C:/Projects/studyhub/output/삼전동중등수학과외/index.html,/삼전동중등수학과외/,1
C:/Projects/studyhub/output/삼전동중등영어과외/index.html,/삼전동중등영어과외/,1
C:/Projects/studyhub/output/삼전동초등과외/index.html,/삼전동초등과외/,2
C:/Projects/studyhub/output/삼전동초등수학과외/index.html,/삼전동초등수학과외/,1
C:/Projects/studyhub/output/삼전동초등영어과외/index.html,/삼전동초등영어과외/,1
C:/Projects/studyhub/output/삼천동고등과외/index.html,/삼천동고등과외/,1
C:/Projects/studyhub/output/삼천동고등수학과외/index.html,/삼천동고등수학과외/,1
C:/Projects/studyhub/output/삼천동고등영어과외/index.html,/삼천동고등영어과외/,1
C:/Projects/studyhub/output/삼천동과외/index.html,/삼천동과외/,2
C:/Projects/studyhub/output/삼천동수학과외/index.html,/삼천동수학과외/,2
C:/Projects/studyhub/output/삼천동영어과외/index.html,/삼천동영어과외/,2
C:/Projects/studyhub/output/삼천동중등과외/index.html,/삼천동중등과외/,2
C:/Projects/studyhub/output/삼천동중등수학과외/index.html,/삼천동중등수학과외/,1
C:/Projects/studyhub/output/삼천동중등영어과외/index.html,/삼천동중등영어과외/,1
C:/Projects/studyhub/output/삼천동초등과외/index.html,/삼천동초등과외/,2
C:/Projects/studyhub/output/삼천동초등수학과외/index.html,/삼천동초등수학과외/,1
C:/Projects/studyhub/output/삼천동초등영어과외/index.html,/삼천동초등영어과외/,1
C:/Projects/studyhub/output/삼평동고등과외/index.html,/삼평동고등과외/,1
C:/Projects/studyhub/output/삼평동고등수학과외/index.html,/삼평동고등수학과외/,1
C:/Projects/studyhub/output/삼평동고등영어과외/index.html,/삼평동고등영어과외/,1
C:/Projects/studyhub/output/삼평동과외/index.html,/삼평동과외/,2
C:/Projects/studyhub/output/삼평동수학과외/index.html,/삼평동수학과외/,2
C:/Projects/studyhub/output/삼평동영어과외/index.html,/삼평동영어과외/,2
C:/Projects/studyhub/output/삼평동중등과외/index.html,/삼평동중등과외/,2
C:/Projects/studyhub/output/삼평동중등수학과외/index.html,/삼평동중등수학과외/,1
C:/Projects/studyhub/output/삼평동중등영어과외/index.html,/삼평동중등영어과외/,1
C:/Projects/studyhub/output/삼평동초등과외/index.html,/삼평동초등과외/,2
C:/Projects/studyhub/output/삼평동초등수학과외/index.html,/삼평동초등수학과외/,1
C:/Projects/studyhub/output/삼평동초등영어과외/index.html,/삼평동초등영어과외/,1
C:/Projects/studyhub/output/상계동고등과외/index.html,/상계동고등과외/,1
C:/Projects/studyhub/output/상계동고등수학과외/index.html,/상계동고등수학과외/,1
C:/Projects/studyhub/output/상계동고등영어과외/index.html,/상계동고등영어과외/,1
C:/Projects/studyhub/output/상계동과외/index.html,/상계동과외/,2
C:/Projects/studyhub/output/상계동수학과외/index.html,/상계동수학과외/,2
C:/Projects/studyhub/output/상계동영어과외/index.html,/상계동영어과외/,2
C:/Projects/studyhub/output/상계동중등과외/index.html,/상계동중등과외/,2
C:/Projects/studyhub/output/상계동중등수학과외/index.html,/상계동중등수학과외/,1
C:/Projects/studyhub/output/상계동중등영어과외/index.html,/상계동중등영어과외/,1
C:/Projects/studyhub/output/상계동초등과외/index.html,/상계동초등과외/,2
C:/Projects/studyhub/output/상계동초등수학과외/index.html,/상계동초등수학과외/,1
C:/Projects/studyhub/output/상계동초등영어과외/index.html,/상계동초등영어과외/,1
C:/Projects/studyhub/output/상당구고등과외/index.html,/상당구고등과외/,1
C:/Projects/studyhub/output/상당구고등수학과외/index.html,/상당구고등수학과외/,1
C:/Projects/studyhub/output/상당구고등영어과외/index.html,/상당구고등영어과외/,1
C:/Projects/studyhub/output/상당구과외/index.html,/상당구과외/,2
C:/Projects/studyhub/output/상당구수학과외/index.html,/상당구수학과외/,2
C:/Projects/studyhub/output/상당구영어과외/index.html,/상당구영어과외/,2
C:/Projects/studyhub/output/상당구중등과외/index.html,/상당구중등과외/,2
C:/Projects/studyhub/output/상당구중등수학과외/index.html,/상당구중등수학과외/,1
C:/Projects/studyhub/output/상당구중등영어과외/index.html,/상당구중등영어과외/,1
C:/Projects/studyhub/output/상당구초등과외/index.html,/상당구초등과외/,2
C:/Projects/studyhub/output/상당구초등수학과외/index.html,/상당구초등수학과외/,1
C:/Projects/studyhub/output/상당구초등영어과외/index.html,/상당구초등영어과외/,1
C:/Projects/studyhub/output/상대동고등과외/index.html,/상대동고등과외/,1
C:/Projects/studyhub/output/상대동고등수학과외/index.html,/상대동고등수학과외/,1
C:/Projects/studyhub/output/상대동고등영어과외/index.html,/상대동고등영어과외/,1
C:/Projects/studyhub/output/상대동과외/index.html,/상대동과외/,2
C:/Projects/studyhub/output/상대동수학과외/index.html,/상대동수학과외/,2
C:/Projects/studyhub/output/상대동영어과외/index.html,/상대동영어과외/,2
C:/Projects/studyhub/output/상대동중등과외/index.html,/상대동중등과외/,2
C:/Projects/studyhub/output/상대동중등수학과외/index.html,/상대동중등수학과외/,1
C:/Projects/studyhub/output/상대동중등영어과외/index.html,/상대동중등영어과외/,1
C:/Projects/studyhub/output/상대동초등과외/index.html,/상대동초등과외/,2
C:/Projects/studyhub/output/상대동초등수학과외/index.html,/상대동초등수학과외/,1
C:/Projects/studyhub/output/상대동초등영어과외/index.html,/상대동초등영어과외/,1
C:/Projects/studyhub/output/상도동고등과외/index.html,/상도동고등과외/,1
C:/Projects/studyhub/output/상도동고등수학과외/index.html,/상도동고등수학과외/,1
C:/Projects/studyhub/output/상도동고등영어과외/index.html,/상도동고등영어과외/,1
C:/Projects/studyhub/output/상도동과외/index.html,/상도동과외/,2
C:/Projects/studyhub/output/상도동수학과외/index.html,/상도동수학과외/,2
C:/Projects/studyhub/output/상도동영어과외/index.html,/상도동영어과외/,2
C:/Projects/studyhub/output/상도동중등과외/index.html,/상도동중등과외/,2
C:/Projects/studyhub/output/상도동중등수학과외/index.html,/상도동중등수학과외/,1
C:/Projects/studyhub/output/상도동중등영어과외/index.html,/상도동중등영어과외/,1
C:/Projects/studyhub/output/상도동초등과외/index.html,/상도동초등과외/,2
C:/Projects/studyhub/output/상도동초등수학과외/index.html,/상도동초등수학과외/,1
C:/Projects/studyhub/output/상도동초등영어과외/index.html,/상도동초등영어과외/,1
C:/Projects/studyhub/output/상록구고등과외/index.html,/상록구고등과외/,1
C:/Projects/studyhub/output/상록구고등수학과외/index.html,/상록구고등수학과외/,1
C:/Projects/studyhub/output/상록구고등영어과외/index.html,/상록구고등영어과외/,1
C:/Projects/studyhub/output/상록구과외/index.html,/상록구과외/,2
C:/Projects/studyhub/output/상록구수학과외/index.html,/상록구수학과외/,2
C:/Projects/studyhub/output/상록구영어과외/index.html,/상록구영어과외/,2
C:/Projects/studyhub/output/상록구중등과외/index.html,/상록구중등과외/,2
C:/Projects/studyhub/output/상록구중등수학과외/index.html,/상록구중등수학과외/,1
C:/Projects/studyhub/output/상록구중등영어과외/index.html,/상록구중등영어과외/,1
C:/Projects/studyhub/output/상록구초등과외/index.html,/상록구초등과외/,2
C:/Projects/studyhub/output/상록구초등수학과외/index.html,/상록구초등수학과외/,1
C:/Projects/studyhub/output/상록구초등영어과외/index.html,/상록구초등영어과외/,1
C:/Projects/studyhub/output/상무지구고등과외/index.html,/상무지구고등과외/,1
C:/Projects/studyhub/output/상무지구고등수학과외/index.html,/상무지구고등수학과외/,1
C:/Projects/studyhub/output/상무지구고등영어과외/index.html,/상무지구고등영어과외/,1
C:/Projects/studyhub/output/상무지구과외/index.html,/상무지구과외/,2
C:/Projects/studyhub/output/상무지구수학과외/index.html,/상무지구수학과외/,2
C:/Projects/studyhub/output/상무지구영어과외/index.html,/상무지구영어과외/,2
C:/Projects/studyhub/output/상무지구중등과외/index.html,/상무지구중등과외/,2
C:/Projects/studyhub/output/상무지구중등수학과외/index.html,/상무지구중등수학과외/,1
C:/Projects/studyhub/output/상무지구중등영어과외/index.html,/상무지구중등영어과외/,1
C:/Projects/studyhub/output/상무지구초등과외/index.html,/상무지구초등과외/,2
C:/Projects/studyhub/output/상무지구초등수학과외/index.html,/상무지구초등수학과외/,1
C:/Projects/studyhub/output/상무지구초등영어과외/index.html,/상무지구초등영어과외/,1
C:/Projects/studyhub/output/상방동고등과외/index.html,/상방동고등과외/,1
C:/Projects/studyhub/output/상방동고등수학과외/index.html,/상방동고등수학과외/,1
C:/Projects/studyhub/output/상방동고등영어과외/index.html,/상방동고등영어과외/,1
C:/Projects/studyhub/output/상방동과외/index.html,/상방동과외/,2
C:/Projects/studyhub/output/상방동수학과외/index.html,/상방동수학과외/,2
C:/Projects/studyhub/output/상방동영어과외/index.html,/상방동영어과외/,2
C:/Projects/studyhub/output/상방동중등과외/index.html,/상방동중등과외/,2
C:/Projects/studyhub/output/상방동중등수학과외/index.html,/상방동중등수학과외/,1
C:/Projects/studyhub/output/상방동중등영어과외/index.html,/상방동중등영어과외/,1
C:/Projects/studyhub/output/상방동초등과외/index.html,/상방동초등과외/,2
C:/Projects/studyhub/output/상방동초등수학과외/index.html,/상방동초등수학과외/,1
C:/Projects/studyhub/output/상방동초등영어과외/index.html,/상방동초등영어과외/,1
C:/Projects/studyhub/output/상봉동고등과외/index.html,/상봉동고등과외/,1
C:/Projects/studyhub/output/상봉동고등수학과외/index.html,/상봉동고등수학과외/,1
C:/Projects/studyhub/output/상봉동고등영어과외/index.html,/상봉동고등영어과외/,1
C:/Projects/studyhub/output/상봉동과외/index.html,/상봉동과외/,2
C:/Projects/studyhub/output/상봉동수학과외/index.html,/상봉동수학과외/,2
C:/Projects/studyhub/output/상봉동영어과외/index.html,/상봉동영어과외/,2
C:/Projects/studyhub/output/상봉동중등과외/index.html,/상봉동중등과외/,2
C:/Projects/studyhub/output/상봉동중등수학과외/index.html,/상봉동중등수학과외/,1
C:/Projects/studyhub/output/상봉동중등영어과외/index.html,/상봉동중등영어과외/,1
C:/Projects/studyhub/output/상봉동초등과외/index.html,/상봉동초등과외/,2
C:/Projects/studyhub/output/상봉동초등수학과외/index.html,/상봉동초등수학과외/,1
C:/Projects/studyhub/output/상봉동초등영어과외/index.html,/상봉동초등영어과외/,1
C:/Projects/studyhub/output/상수동고등과외/index.html,/상수동고등과외/,1
C:/Projects/studyhub/output/상수동고등수학과외/index.html,/상수동고등수학과외/,1
C:/Projects/studyhub/output/상수동고등영어과외/index.html,/상수동고등영어과외/,1
C:/Projects/studyhub/output/상수동과외/index.html,/상수동과외/,2
C:/Projects/studyhub/output/상수동수학과외/index.html,/상수동수학과외/,2
C:/Projects/studyhub/output/상수동영어과외/index.html,/상수동영어과외/,2
C:/Projects/studyhub/output/상수동중등과외/index.html,/상수동중등과외/,2
C:/Projects/studyhub/output/상수동중등수학과외/index.html,/상수동중등수학과외/,1
C:/Projects/studyhub/output/상수동중등영어과외/index.html,/상수동중등영어과외/,1
C:/Projects/studyhub/output/상수동초등과외/index.html,/상수동초등과외/,2
C:/Projects/studyhub/output/상수동초등수학과외/index.html,/상수동초등수학과외/,1
C:/Projects/studyhub/output/상수동초등영어과외/index.html,/상수동초등영어과외/,1
C:/Projects/studyhub/output/상안동고등과외/index.html,/상안동고등과외/,1
C:/Projects/studyhub/output/상안동고등수학과외/index.html,/상안동고등수학과외/,1
C:/Projects/studyhub/output/상안동고등영어과외/index.html,/상안동고등영어과외/,1
C:/Projects/studyhub/output/상안동과외/index.html,/상안동과외/,2
C:/Projects/studyhub/output/상안동수학과외/index.html,/상안동수학과외/,2
C:/Projects/studyhub/output/상안동영어과외/index.html,/상안동영어과외/,2
C:/Projects/studyhub/output/상안동중등과외/index.html,/상안동중등과외/,2
C:/Projects/studyhub/output/상안동중등수학과외/index.html,/상안동중등수학과외/,1
C:/Projects/studyhub/output/상안동중등영어과외/index.html,/상안동중등영어과외/,1
C:/Projects/studyhub/output/상안동초등과외/index.html,/상안동초등과외/,2
C:/Projects/studyhub/output/상안동초등수학과외/index.html,/상안동초등수학과외/,1
C:/Projects/studyhub/output/상안동초등영어과외/index.html,/상안동초등영어과외/,1
C:/Projects/studyhub/output/상암동고등과외/index.html,/상암동고등과외/,1
C:/Projects/studyhub/output/상암동고등수학과외/index.html,/상암동고등수학과외/,1
C:/Projects/studyhub/output/상암동고등영어과외/index.html,/상암동고등영어과외/,1
C:/Projects/studyhub/output/상암동과외/index.html,/상암동과외/,2
C:/Projects/studyhub/output/상암동수학과외/index.html,/상암동수학과외/,2
C:/Projects/studyhub/output/상암동영어과외/index.html,/상암동영어과외/,2
C:/Projects/studyhub/output/상암동중등과외/index.html,/상암동중등과외/,2
C:/Projects/studyhub/output/상암동중등수학과외/index.html,/상암동중등수학과외/,1
C:/Projects/studyhub/output/상암동중등영어과외/index.html,/상암동중등영어과외/,1
C:/Projects/studyhub/output/상암동초등과외/index.html,/상암동초등과외/,2
C:/Projects/studyhub/output/상암동초등수학과외/index.html,/상암동초등수학과외/,1
C:/Projects/studyhub/output/상암동초등영어과외/index.html,/상암동초등영어과외/,1
C:/Projects/studyhub/output/상인동고등과외/index.html,/상인동고등과외/,1
C:/Projects/studyhub/output/상인동고등수학과외/index.html,/상인동고등수학과외/,1
C:/Projects/studyhub/output/상인동고등영어과외/index.html,/상인동고등영어과외/,1
C:/Projects/studyhub/output/상인동과외/index.html,/상인동과외/,2
C:/Projects/studyhub/output/상인동수학과외/index.html,/상인동수학과외/,2
C:/Projects/studyhub/output/상인동영어과외/index.html,/상인동영어과외/,2
C:/Projects/studyhub/output/상인동중등과외/index.html,/상인동중등과외/,2
C:/Projects/studyhub/output/상인동중등수학과외/index.html,/상인동중등수학과외/,1
C:/Projects/studyhub/output/상인동중등영어과외/index.html,/상인동중등영어과외/,1
C:/Projects/studyhub/output/상인동초등과외/index.html,/상인동초등과외/,2
C:/Projects/studyhub/output/상인동초등수학과외/index.html,/상인동초등수학과외/,1
C:/Projects/studyhub/output/상인동초등영어과외/index.html,/상인동초등영어과외/,1
C:/Projects/studyhub/output/상일동고등과외/index.html,/상일동고등과외/,1
C:/Projects/studyhub/output/상일동고등수학과외/index.html,/상일동고등수학과외/,1
C:/Projects/studyhub/output/상일동고등영어과외/index.html,/상일동고등영어과외/,1
C:/Projects/studyhub/output/상일동과외/index.html,/상일동과외/,2
C:/Projects/studyhub/output/상일동수학과외/index.html,/상일동수학과외/,2
C:/Projects/studyhub/output/상일동영어과외/index.html,/상일동영어과외/,2
C:/Projects/studyhub/output/상일동중등과외/index.html,/상일동중등과외/,2
C:/Projects/studyhub/output/상일동중등수학과외/index.html,/상일동중등수학과외/,1
C:/Projects/studyhub/output/상일동중등영어과외/index.html,/상일동중등영어과외/,1
C:/Projects/studyhub/output/상일동초등과외/index.html,/상일동초등과외/,2
C:/Projects/studyhub/output/상일동초등수학과외/index.html,/상일동초등수학과외/,1
C:/Projects/studyhub/output/상일동초등영어과외/index.html,/상일동초등영어과외/,1
C:/Projects/studyhub/output/상하동고등과외/index.html,/상하동고등과외/,1
C:/Projects/studyhub/output/상하동고등수학과외/index.html,/상하동고등수학과외/,1
C:/Projects/studyhub/output/상하동고등영어과외/index.html,/상하동고등영어과외/,1
C:/Projects/studyhub/output/상하동과외/index.html,/상하동과외/,2
C:/Projects/studyhub/output/상하동수학과외/index.html,/상하동수학과외/,2
C:/Projects/studyhub/output/상하동영어과외/index.html,/상하동영어과외/,2
C:/Projects/studyhub/output/상하동중등과외/index.html,/상하동중등과외/,2
C:/Projects/studyhub/output/상하동중등수학과외/index.html,/상하동중등수학과외/,1
C:/Projects/studyhub/output/상하동중등영어과외/index.html,/상하동중등영어과외/,1
C:/Projects/studyhub/output/상하동초등과외/index.html,/상하동초등과외/,2
C:/Projects/studyhub/output/상하동초등수학과외/index.html,/상하동초등수학과외/,1
C:/Projects/studyhub/output/상하동초등영어과외/index.html,/상하동초등영어과외/,1
C:/Projects/studyhub/output/상현동고등과외/index.html,/상현동고등과외/,1
C:/Projects/studyhub/output/상현동고등수학과외/index.html,/상현동고등수학과외/,1
C:/Projects/studyhub/output/상현동고등영어과외/index.html,/상현동고등영어과외/,1
C:/Projects/studyhub/output/상현동과외/index.html,/상현동과외/,2
C:/Projects/studyhub/output/상현동수학과외/index.html,/상현동수학과외/,2
C:/Projects/studyhub/output/상현동영어과외/index.html,/상현동영어과외/,2
C:/Projects/studyhub/output/상현동중등과외/index.html,/상현동중등과외/,2
C:/Projects/studyhub/output/상현동중등수학과외/index.html,/상현동중등수학과외/,1
C:/Projects/studyhub/output/상현동중등영어과외/index.html,/상현동중등영어과외/,1
C:/Projects/studyhub/output/상현동초등과외/index.html,/상현동초등과외/,2
C:/Projects/studyhub/output/상현동초등수학과외/index.html,/상현동초등수학과외/,1
C:/Projects/studyhub/output/상현동초등영어과외/index.html,/상현동초등영어과외/,1
C:/Projects/studyhub/output/새롬동고등과외/index.html,/새롬동고등과외/,1
C:/Projects/studyhub/output/새롬동고등수학과외/index.html,/새롬동고등수학과외/,1
C:/Projects/studyhub/output/새롬동고등영어과외/index.html,/새롬동고등영어과외/,1
C:/Projects/studyhub/output/새롬동과외/index.html,/새롬동과외/,2
C:/Projects/studyhub/output/새롬동수학과외/index.html,/새롬동수학과외/,2
C:/Projects/studyhub/output/새롬동영어과외/index.html,/새롬동영어과외/,2
C:/Projects/studyhub/output/새롬동중등과외/index.html,/새롬동중등과외/,2
C:/Projects/studyhub/output/새롬동중등수학과외/index.html,/새롬동중등수학과외/,1
C:/Projects/studyhub/output/새롬동중등영어과외/index.html,/새롬동중등영어과외/,1
C:/Projects/studyhub/output/새롬동초등과외/index.html,/새롬동초등과외/,2
C:/Projects/studyhub/output/새롬동초등수학과외/index.html,/새롬동초등수학과외/,1
C:/Projects/studyhub/output/새롬동초등영어과외/index.html,/새롬동초등영어과외/,1
C:/Projects/studyhub/output/서구고등과외/index.html,/서구고등과외/,1
C:/Projects/studyhub/output/서구고등수학과외/index.html,/서구고등수학과외/,1
C:/Projects/studyhub/output/서구고등영어과외/index.html,/서구고등영어과외/,1
C:/Projects/studyhub/output/서구수학과외/index.html,/서구수학과외/,2
C:/Projects/studyhub/output/서구영어과외/index.html,/서구영어과외/,2
C:/Projects/studyhub/output/서구중등과외/index.html,/서구중등과외/,2
C:/Projects/studyhub/output/서구중등수학과외/index.html,/서구중등수학과외/,1
C:/Projects/studyhub/output/서구중등영어과외/index.html,/서구중등영어과외/,1
C:/Projects/studyhub/output/서구초등과외/index.html,/서구초등과외/,2
C:/Projects/studyhub/output/서구초등수학과외/index.html,/서구초등수학과외/,1
C:/Projects/studyhub/output/서구초등영어과외/index.html,/서구초등영어과외/,1
C:/Projects/studyhub/output/서대문고등과외/index.html,/서대문고등과외/,1
C:/Projects/studyhub/output/서대문고등수학과외/index.html,/서대문고등수학과외/,1
C:/Projects/studyhub/output/서대문고등영어과외/index.html,/서대문고등영어과외/,1
C:/Projects/studyhub/output/서대문과외/index.html,/서대문과외/,2
C:/Projects/studyhub/output/서대문구고등과외/index.html,/서대문구고등과외/,1
C:/Projects/studyhub/output/서대문구고등수학과외/index.html,/서대문구고등수학과외/,1
C:/Projects/studyhub/output/서대문구고등영어과외/index.html,/서대문구고등영어과외/,1
C:/Projects/studyhub/output/서대문구과외/index.html,/서대문구과외/,2
C:/Projects/studyhub/output/서대문구수학과외/index.html,/서대문구수학과외/,2
C:/Projects/studyhub/output/서대문구영어과외/index.html,/서대문구영어과외/,2
C:/Projects/studyhub/output/서대문구중등과외/index.html,/서대문구중등과외/,2
C:/Projects/studyhub/output/서대문구중등수학과외/index.html,/서대문구중등수학과외/,1
C:/Projects/studyhub/output/서대문구중등영어과외/index.html,/서대문구중등영어과외/,1
C:/Projects/studyhub/output/서대문구초등과외/index.html,/서대문구초등과외/,2
C:/Projects/studyhub/output/서대문구초등수학과외/index.html,/서대문구초등수학과외/,1
C:/Projects/studyhub/output/서대문구초등영어과외/index.html,/서대문구초등영어과외/,1
C:/Projects/studyhub/output/서대문수학과외/index.html,/서대문수학과외/,2
C:/Projects/studyhub/output/서대문영어과외/index.html,/서대문영어과외/,2
C:/Projects/studyhub/output/서대문중등과외/index.html,/서대문중등과외/,2
C:/Projects/studyhub/output/서대문중등수학과외/index.html,/서대문중등수학과외/,1
C:/Projects/studyhub/output/서대문중등영어과외/index.html,/서대문중등영어과외/,1
C:/Projects/studyhub/output/서대문초등과외/index.html,/서대문초등과외/,2
C:/Projects/studyhub/output/서대문초등수학과외/index.html,/서대문초등수학과외/,1
C:/Projects/studyhub/output/서대문초등영어과외/index.html,/서대문초등영어과외/,1
C:/Projects/studyhub/output/서둔동고등과외/index.html,/서둔동고등과외/,1
C:/Projects/studyhub/output/서둔동고등수학과외/index.html,/서둔동고등수학과외/,1
C:/Projects/studyhub/output/서둔동고등영어과외/index.html,/서둔동고등영어과외/,1
C:/Projects/studyhub/output/서둔동과외/index.html,/서둔동과외/,2
C:/Projects/studyhub/output/서둔동수학과외/index.html,/서둔동수학과외/,2
C:/Projects/studyhub/output/서둔동영어과외/index.html,/서둔동영어과외/,2
C:/Projects/studyhub/output/서둔동중등과외/index.html,/서둔동중등과외/,2
C:/Projects/studyhub/output/서둔동중등수학과외/index.html,/서둔동중등수학과외/,1
C:/Projects/studyhub/output/서둔동중등영어과외/index.html,/서둔동중등영어과외/,1
C:/Projects/studyhub/output/서둔동초등과외/index.html,/서둔동초등과외/,2
C:/Projects/studyhub/output/서둔동초등수학과외/index.html,/서둔동초등수학과외/,1
C:/Projects/studyhub/output/서둔동초등영어과외/index.html,/서둔동초등영어과외/,1
C:/Projects/studyhub/output/서신동고등과외/index.html,/서신동고등과외/,1
C:/Projects/studyhub/output/서신동고등수학과외/index.html,/서신동고등수학과외/,1
C:/Projects/studyhub/output/서신동고등영어과외/index.html,/서신동고등영어과외/,1
C:/Projects/studyhub/output/서신동과외/index.html,/서신동과외/,2
C:/Projects/studyhub/output/서신동수학과외/index.html,/서신동수학과외/,2
C:/Projects/studyhub/output/서신동영어과외/index.html,/서신동영어과외/,2
C:/Projects/studyhub/output/서신동중등과외/index.html,/서신동중등과외/,2
C:/Projects/studyhub/output/서신동중등수학과외/index.html,/서신동중등수학과외/,1
C:/Projects/studyhub/output/서신동중등영어과외/index.html,/서신동중등영어과외/,1
C:/Projects/studyhub/output/서신동초등과외/index.html,/서신동초등과외/,2
C:/Projects/studyhub/output/서신동초등수학과외/index.html,/서신동초등수학과외/,1
C:/Projects/studyhub/output/서신동초등영어과외/index.html,/서신동초등영어과외/,1
C:/Projects/studyhub/output/서울고등과외/index.html,/서울고등과외/,1
C:/Projects/studyhub/output/서울고등수학과외/index.html,/서울고등수학과외/,1
C:/Projects/studyhub/output/서울고등영어과외/index.html,/서울고등영어과외/,1
C:/Projects/studyhub/output/서울과외/index.html,/서울과외/,2
C:/Projects/studyhub/output/서울수학과외/index.html,/서울수학과외/,2
C:/Projects/studyhub/output/서울영어과외/index.html,/서울영어과외/,2
C:/Projects/studyhub/output/서울중등과외/index.html,/서울중등과외/,2
C:/Projects/studyhub/output/서울중등수학과외/index.html,/서울중등수학과외/,1
C:/Projects/studyhub/output/서울중등영어과외/index.html,/서울중등영어과외/,1
C:/Projects/studyhub/output/서울초등과외/index.html,/서울초등과외/,2
C:/Projects/studyhub/output/서울초등수학과외/index.html,/서울초등수학과외/,1
C:/Projects/studyhub/output/서울초등영어과외/index.html,/서울초등영어과외/,1
C:/Projects/studyhub/output/서창동고등과외/index.html,/서창동고등과외/,1
C:/Projects/studyhub/output/서창동고등수학과외/index.html,/서창동고등수학과외/,1
C:/Projects/studyhub/output/서창동고등영어과외/index.html,/서창동고등영어과외/,1
C:/Projects/studyhub/output/서창동과외/index.html,/서창동과외/,2
C:/Projects/studyhub/output/서창동수학과외/index.html,/서창동수학과외/,2
C:/Projects/studyhub/output/서창동영어과외/index.html,/서창동영어과외/,2
C:/Projects/studyhub/output/서창동중등과외/index.html,/서창동중등과외/,2
C:/Projects/studyhub/output/서창동중등수학과외/index.html,/서창동중등수학과외/,1
C:/Projects/studyhub/output/서창동중등영어과외/index.html,/서창동중등영어과외/,1
C:/Projects/studyhub/output/서창동초등과외/index.html,/서창동초등과외/,2
C:/Projects/studyhub/output/서창동초등수학과외/index.html,/서창동초등수학과외/,1
C:/Projects/studyhub/output/서창동초등영어과외/index.html,/서창동초등영어과외/,1
C:/Projects/studyhub/output/서초구고등과외/index.html,/서초구고등과외/,1
C:/Projects/studyhub/output/서초구고등수학과외/index.html,/서초구고등수학과외/,1
C:/Projects/studyhub/output/서초구고등영어과외/index.html,/서초구고등영어과외/,1
C:/Projects/studyhub/output/서초구수학과외/index.html,/서초구수학과외/,2
C:/Projects/studyhub/output/서초구영어과외/index.html,/서초구영어과외/,2
C:/Projects/studyhub/output/서초구중등과외/index.html,/서초구중등과외/,2
C:/Projects/studyhub/output/서초구중등수학과외/index.html,/서초구중등수학과외/,1
C:/Projects/studyhub/output/서초구중등영어과외/index.html,/서초구중등영어과외/,1
C:/Projects/studyhub/output/서초구초등과외/index.html,/서초구초등과외/,2
C:/Projects/studyhub/output/서초구초등수학과외/index.html,/서초구초등수학과외/,1
C:/Projects/studyhub/output/서초구초등영어과외/index.html,/서초구초등영어과외/,1
C:/Projects/studyhub/output/서초동고등과외/index.html,/서초동고등과외/,1
C:/Projects/studyhub/output/서초동고등수학과외/index.html,/서초동고등수학과외/,1
C:/Projects/studyhub/output/서초동고등영어과외/index.html,/서초동고등영어과외/,1
C:/Projects/studyhub/output/서초동과외/index.html,/서초동과외/,2
C:/Projects/studyhub/output/서초동수학과외/index.html,/서초동수학과외/,2
C:/Projects/studyhub/output/서초동영어과외/index.html,/서초동영어과외/,2
C:/Projects/studyhub/output/서초동중등과외/index.html,/서초동중등과외/,2
C:/Projects/studyhub/output/서초동중등수학과외/index.html,/서초동중등수학과외/,1
C:/Projects/studyhub/output/서초동중등영어과외/index.html,/서초동중등영어과외/,1
C:/Projects/studyhub/output/서초동초등과외/index.html,/서초동초등과외/,2
C:/Projects/studyhub/output/서초동초등수학과외/index.html,/서초동초등수학과외/,1
C:/Projects/studyhub/output/서초동초등영어과외/index.html,/서초동초등영어과외/,1
C:/Projects/studyhub/output/서현동고등과외/index.html,/서현동고등과외/,1
C:/Projects/studyhub/output/서현동고등수학과외/index.html,/서현동고등수학과외/,1
C:/Projects/studyhub/output/서현동고등영어과외/index.html,/서현동고등영어과외/,1
C:/Projects/studyhub/output/서현동과외/index.html,/서현동과외/,2
C:/Projects/studyhub/output/서현동수학과외/index.html,/서현동수학과외/,2
C:/Projects/studyhub/output/서현동영어과외/index.html,/서현동영어과외/,2
C:/Projects/studyhub/output/서현동중등과외/index.html,/서현동중등과외/,2
C:/Projects/studyhub/output/서현동중등수학과외/index.html,/서현동중등수학과외/,1
C:/Projects/studyhub/output/서현동중등영어과외/index.html,/서현동중등영어과외/,1
C:/Projects/studyhub/output/서현동초등과외/index.html,/서현동초등과외/,2
C:/Projects/studyhub/output/서현동초등수학과외/index.html,/서현동초등수학과외/,1
C:/Projects/studyhub/output/서현동초등영어과외/index.html,/서현동초등영어과외/,1
C:/Projects/studyhub/output/석관동고등과외/index.html,/석관동고등과외/,1
C:/Projects/studyhub/output/석관동고등수학과외/index.html,/석관동고등수학과외/,1
C:/Projects/studyhub/output/석관동고등영어과외/index.html,/석관동고등영어과외/,1
C:/Projects/studyhub/output/석관동과외/index.html,/석관동과외/,2
C:/Projects/studyhub/output/석관동수학과외/index.html,/석관동수학과외/,2
C:/Projects/studyhub/output/석관동영어과외/index.html,/석관동영어과외/,2
C:/Projects/studyhub/output/석관동중등과외/index.html,/석관동중등과외/,2
C:/Projects/studyhub/output/석관동중등수학과외/index.html,/석관동중등수학과외/,1
C:/Projects/studyhub/output/석관동중등영어과외/index.html,/석관동중등영어과외/,1
C:/Projects/studyhub/output/석관동초등과외/index.html,/석관동초등과외/,2
C:/Projects/studyhub/output/석관동초등수학과외/index.html,/석관동초등수학과외/,1
C:/Projects/studyhub/output/석관동초등영어과외/index.html,/석관동초등영어과외/,1
C:/Projects/studyhub/output/석봉동고등과외/index.html,/석봉동고등과외/,1
C:/Projects/studyhub/output/석봉동고등수학과외/index.html,/석봉동고등수학과외/,1
C:/Projects/studyhub/output/석봉동고등영어과외/index.html,/석봉동고등영어과외/,1
C:/Projects/studyhub/output/석봉동과외/index.html,/석봉동과외/,2
C:/Projects/studyhub/output/석봉동수학과외/index.html,/석봉동수학과외/,2
C:/Projects/studyhub/output/석봉동영어과외/index.html,/석봉동영어과외/,2
C:/Projects/studyhub/output/석봉동중등과외/index.html,/석봉동중등과외/,2
C:/Projects/studyhub/output/석봉동중등수학과외/index.html,/석봉동중등수학과외/,1
C:/Projects/studyhub/output/석봉동중등영어과외/index.html,/석봉동중등영어과외/,1
C:/Projects/studyhub/output/석봉동초등과외/index.html,/석봉동초등과외/,2
C:/Projects/studyhub/output/석봉동초등수학과외/index.html,/석봉동초등수학과외/,1
C:/Projects/studyhub/output/석봉동초등영어과외/index.html,/석봉동초등영어과외/,1
C:/Projects/studyhub/output/석사동고등과외/index.html,/석사동고등과외/,1
C:/Projects/studyhub/output/석사동고등수학과외/index.html,/석사동고등수학과외/,1
C:/Projects/studyhub/output/석사동고등영어과외/index.html,/석사동고등영어과외/,1
C:/Projects/studyhub/output/석사동수학과외/index.html,/석사동수학과외/,2
C:/Projects/studyhub/output/석사동영어과외/index.html,/석사동영어과외/,2
C:/Projects/studyhub/output/석사동중등과외/index.html,/석사동중등과외/,2
C:/Projects/studyhub/output/석사동중등수학과외/index.html,/석사동중등수학과외/,1
C:/Projects/studyhub/output/석사동중등영어과외/index.html,/석사동중등영어과외/,1
C:/Projects/studyhub/output/석사동초등과외/index.html,/석사동초등과외/,2
C:/Projects/studyhub/output/석사동초등수학과외/index.html,/석사동초등수학과외/,1
C:/Projects/studyhub/output/석사동초등영어과외/index.html,/석사동초등영어과외/,1
C:/Projects/studyhub/output/석수동고등과외/index.html,/석수동고등과외/,1
C:/Projects/studyhub/output/석수동고등수학과외/index.html,/석수동고등수학과외/,1
C:/Projects/studyhub/output/석수동고등영어과외/index.html,/석수동고등영어과외/,1
C:/Projects/studyhub/output/석수동과외/index.html,/석수동과외/,2
C:/Projects/studyhub/output/석수동수학과외/index.html,/석수동수학과외/,2
C:/Projects/studyhub/output/석수동영어과외/index.html,/석수동영어과외/,2
C:/Projects/studyhub/output/석수동중등과외/index.html,/석수동중등과외/,2
C:/Projects/studyhub/output/석수동중등수학과외/index.html,/석수동중등수학과외/,1
C:/Projects/studyhub/output/석수동중등영어과외/index.html,/석수동중등영어과외/,1
C:/Projects/studyhub/output/석수동초등과외/index.html,/석수동초등과외/,2
C:/Projects/studyhub/output/석수동초등수학과외/index.html,/석수동초등수학과외/,1
C:/Projects/studyhub/output/석수동초등영어과외/index.html,/석수동초등영어과외/,1
C:/Projects/studyhub/output/석우동고등과외/index.html,/석우동고등과외/,1
C:/Projects/studyhub/output/석우동고등수학과외/index.html,/석우동고등수학과외/,1
C:/Projects/studyhub/output/석우동고등영어과외/index.html,/석우동고등영어과외/,1
C:/Projects/studyhub/output/석우동과외/index.html,/석우동과외/,2
C:/Projects/studyhub/output/석우동수학과외/index.html,/석우동수학과외/,2
C:/Projects/studyhub/output/석우동영어과외/index.html,/석우동영어과외/,2
C:/Projects/studyhub/output/석우동중등과외/index.html,/석우동중등과외/,2
C:/Projects/studyhub/output/석우동중등수학과외/index.html,/석우동중등수학과외/,1
C:/Projects/studyhub/output/석우동중등영어과외/index.html,/석우동중등영어과외/,1
C:/Projects/studyhub/output/석우동초등과외/index.html,/석우동초등과외/,2
C:/Projects/studyhub/output/석우동초등수학과외/index.html,/석우동초등수학과외/,1
C:/Projects/studyhub/output/석우동초등영어과외/index.html,/석우동초등영어과외/,1
C:/Projects/studyhub/output/석촌동고등과외/index.html,/석촌동고등과외/,1
C:/Projects/studyhub/output/석촌동고등수학과외/index.html,/석촌동고등수학과외/,1
C:/Projects/studyhub/output/석촌동고등영어과외/index.html,/석촌동고등영어과외/,1
C:/Projects/studyhub/output/석촌동과외/index.html,/석촌동과외/,2
C:/Projects/studyhub/output/석촌동수학과외/index.html,/석촌동수학과외/,2
C:/Projects/studyhub/output/석촌동영어과외/index.html,/석촌동영어과외/,2
C:/Projects/studyhub/output/석촌동중등과외/index.html,/석촌동중등과외/,2
C:/Projects/studyhub/output/석촌동중등수학과외/index.html,/석촌동중등수학과외/,1
C:/Projects/studyhub/output/석촌동중등영어과외/index.html,/석촌동중등영어과외/,1
C:/Projects/studyhub/output/석촌동초등과외/index.html,/석촌동초등과외/,2
C:/Projects/studyhub/output/석촌동초등수학과외/index.html,/석촌동초등수학과외/,1
C:/Projects/studyhub/output/석촌동초등영어과외/index.html,/석촌동초등영어과외/,1
C:/Projects/studyhub/output/선부동고등과외/index.html,/선부동고등과외/,1
C:/Projects/studyhub/output/선부동고등수학과외/index.html,/선부동고등수학과외/,1
C:/Projects/studyhub/output/선부동고등영어과외/index.html,/선부동고등영어과외/,1
C:/Projects/studyhub/output/선부동과외/index.html,/선부동과외/,2
C:/Projects/studyhub/output/선부동수학과외/index.html,/선부동수학과외/,2
C:/Projects/studyhub/output/선부동영어과외/index.html,/선부동영어과외/,2
C:/Projects/studyhub/output/선부동중등과외/index.html,/선부동중등과외/,2
C:/Projects/studyhub/output/선부동중등수학과외/index.html,/선부동중등수학과외/,1
C:/Projects/studyhub/output/선부동중등영어과외/index.html,/선부동중등영어과외/,1
C:/Projects/studyhub/output/선부동초등과외/index.html,/선부동초등과외/,2
C:/Projects/studyhub/output/선부동초등수학과외/index.html,/선부동초등수학과외/,1
C:/Projects/studyhub/output/선부동초등영어과외/index.html,/선부동초등영어과외/,1
C:/Projects/studyhub/output/선암동고등과외/index.html,/선암동고등과외/,1
C:/Projects/studyhub/output/선암동고등수학과외/index.html,/선암동고등수학과외/,1
C:/Projects/studyhub/output/선암동고등영어과외/index.html,/선암동고등영어과외/,1
C:/Projects/studyhub/output/선암동과외/index.html,/선암동과외/,2
C:/Projects/studyhub/output/선암동수학과외/index.html,/선암동수학과외/,2
C:/Projects/studyhub/output/선암동영어과외/index.html,/선암동영어과외/,2
C:/Projects/studyhub/output/선암동중등과외/index.html,/선암동중등과외/,2
C:/Projects/studyhub/output/선암동중등수학과외/index.html,/선암동중등수학과외/,1
C:/Projects/studyhub/output/선암동중등영어과외/index.html,/선암동중등영어과외/,1
C:/Projects/studyhub/output/선암동초등과외/index.html,/선암동초등과외/,2
C:/Projects/studyhub/output/선암동초등수학과외/index.html,/선암동초등수학과외/,1
C:/Projects/studyhub/output/선암동초등영어과외/index.html,/선암동초등영어과외/,1
C:/Projects/studyhub/output/성남고등과외/index.html,/성남고등과외/,1
C:/Projects/studyhub/output/성남고등수학과외/index.html,/성남고등수학과외/,1
C:/Projects/studyhub/output/성남고등영어과외/index.html,/성남고등영어과외/,1
C:/Projects/studyhub/output/성남과외/index.html,/성남과외/,2
C:/Projects/studyhub/output/성남수학과외/index.html,/성남수학과외/,2
C:/Projects/studyhub/output/성남시-분당구고등과외/index.html,/성남시-분당구고등과외/,1
C:/Projects/studyhub/output/성남시-분당구고등수학과외/index.html,/성남시-분당구고등수학과외/,1
C:/Projects/studyhub/output/성남시-분당구고등영어과외/index.html,/성남시-분당구고등영어과외/,1
C:/Projects/studyhub/output/성남시-분당구수학과외/index.html,/성남시-분당구수학과외/,2
C:/Projects/studyhub/output/성남시-분당구영어과외/index.html,/성남시-분당구영어과외/,2
C:/Projects/studyhub/output/성남시-분당구중등과외/index.html,/성남시-분당구중등과외/,2
C:/Projects/studyhub/output/성남시-분당구중등수학과외/index.html,/성남시-분당구중등수학과외/,1
C:/Projects/studyhub/output/성남시-분당구중등영어과외/index.html,/성남시-분당구중등영어과외/,1
C:/Projects/studyhub/output/성남시-분당구초등과외/index.html,/성남시-분당구초등과외/,2
C:/Projects/studyhub/output/성남시-분당구초등수학과외/index.html,/성남시-분당구초등수학과외/,1
C:/Projects/studyhub/output/성남시-분당구초등영어과외/index.html,/성남시-분당구초등영어과외/,1
C:/Projects/studyhub/output/성남영어과외/index.html,/성남영어과외/,2
C:/Projects/studyhub/output/성남중등과외/index.html,/성남중등과외/,2
C:/Projects/studyhub/output/성남중등수학과외/index.html,/성남중등수학과외/,1
C:/Projects/studyhub/output/성남중등영어과외/index.html,/성남중등영어과외/,1
C:/Projects/studyhub/output/성남초등과외/index.html,/성남초등과외/,2
C:/Projects/studyhub/output/성남초등수학과외/index.html,/성남초등수학과외/,1
C:/Projects/studyhub/output/성남초등영어과외/index.html,/성남초등영어과외/,1
C:/Projects/studyhub/output/성내동고등과외/index.html,/성내동고등과외/,1
C:/Projects/studyhub/output/성내동고등수학과외/index.html,/성내동고등수학과외/,1
C:/Projects/studyhub/output/성내동고등영어과외/index.html,/성내동고등영어과외/,1
C:/Projects/studyhub/output/성내동과외/index.html,/성내동과외/,2
C:/Projects/studyhub/output/성내동수학과외/index.html,/성내동수학과외/,2
C:/Projects/studyhub/output/성내동영어과외/index.html,/성내동영어과외/,2
C:/Projects/studyhub/output/성내동중등과외/index.html,/성내동중등과외/,2
C:/Projects/studyhub/output/성내동중등수학과외/index.html,/성내동중등수학과외/,1
C:/Projects/studyhub/output/성내동중등영어과외/index.html,/성내동중등영어과외/,1
C:/Projects/studyhub/output/성내동초등과외/index.html,/성내동초등과외/,2
C:/Projects/studyhub/output/성내동초등수학과외/index.html,/성내동초등수학과외/,1
C:/Projects/studyhub/output/성내동초등영어과외/index.html,/성내동초등영어과외/,1
C:/Projects/studyhub/output/성당동고등과외/index.html,/성당동고등과외/,1
C:/Projects/studyhub/output/성당동고등수학과외/index.html,/성당동고등수학과외/,1
C:/Projects/studyhub/output/성당동고등영어과외/index.html,/성당동고등영어과외/,1
C:/Projects/studyhub/output/성당동과외/index.html,/성당동과외/,2
C:/Projects/studyhub/output/성당동수학과외/index.html,/성당동수학과외/,2
C:/Projects/studyhub/output/성당동영어과외/index.html,/성당동영어과외/,2
C:/Projects/studyhub/output/성당동중등과외/index.html,/성당동중등과외/,2
C:/Projects/studyhub/output/성당동중등수학과외/index.html,/성당동중등수학과외/,1
C:/Projects/studyhub/output/성당동중등영어과외/index.html,/성당동중등영어과외/,1
C:/Projects/studyhub/output/성당동초등과외/index.html,/성당동초등과외/,2
C:/Projects/studyhub/output/성당동초등수학과외/index.html,/성당동초등수학과외/,1
C:/Projects/studyhub/output/성당동초등영어과외/index.html,/성당동초등영어과외/,1
C:/Projects/studyhub/output/성동구고등과외/index.html,/성동구고등과외/,1
C:/Projects/studyhub/output/성동구고등수학과외/index.html,/성동구고등수학과외/,1
C:/Projects/studyhub/output/성동구고등영어과외/index.html,/성동구고등영어과외/,1
C:/Projects/studyhub/output/성동구과외/index.html,/성동구과외/,2
C:/Projects/studyhub/output/성동구수학과외/index.html,/성동구수학과외/,2
C:/Projects/studyhub/output/성동구영어과외/index.html,/성동구영어과외/,2
C:/Projects/studyhub/output/성동구중등과외/index.html,/성동구중등과외/,2
C:/Projects/studyhub/output/성동구중등수학과외/index.html,/성동구중등수학과외/,1
C:/Projects/studyhub/output/성동구중등영어과외/index.html,/성동구중등영어과외/,1
C:/Projects/studyhub/output/성동구초등과외/index.html,/성동구초등과외/,2
C:/Projects/studyhub/output/성동구초등수학과외/index.html,/성동구초등수학과외/,1
C:/Projects/studyhub/output/성동구초등영어과외/index.html,/성동구초등영어과외/,1
C:/Projects/studyhub/output/성복동고등과외/index.html,/성복동고등과외/,1
C:/Projects/studyhub/output/성복동고등수학과외/index.html,/성복동고등수학과외/,1
C:/Projects/studyhub/output/성복동고등영어과외/index.html,/성복동고등영어과외/,1
C:/Projects/studyhub/output/성복동과외/index.html,/성복동과외/,2
C:/Projects/studyhub/output/성복동수학과외/index.html,/성복동수학과외/,2
C:/Projects/studyhub/output/성복동영어과외/index.html,/성복동영어과외/,2
C:/Projects/studyhub/output/성복동중등과외/index.html,/성복동중등과외/,2
C:/Projects/studyhub/output/성복동중등수학과외/index.html,/성복동중등수학과외/,1
C:/Projects/studyhub/output/성복동중등영어과외/index.html,/성복동중등영어과외/,1
C:/Projects/studyhub/output/성복동초등과외/index.html,/성복동초등과외/,2
C:/Projects/studyhub/output/성복동초등수학과외/index.html,/성복동초등수학과외/,1
C:/Projects/studyhub/output/성복동초등영어과외/index.html,/성복동초등영어과외/,1
C:/Projects/studyhub/output/성북구고등과외/index.html,/성북구고등과외/,1
C:/Projects/studyhub/output/성북구고등수학과외/index.html,/성북구고등수학과외/,1
C:/Projects/studyhub/output/성북구고등영어과외/index.html,/성북구고등영어과외/,1
C:/Projects/studyhub/output/성북구과외/index.html,/성북구과외/,2
C:/Projects/studyhub/output/성북구수학과외/index.html,/성북구수학과외/,2
C:/Projects/studyhub/output/성북구영어과외/index.html,/성북구영어과외/,2
C:/Projects/studyhub/output/성북구중등과외/index.html,/성북구중등과외/,2
C:/Projects/studyhub/output/성북구중등수학과외/index.html,/성북구중등수학과외/,1
C:/Projects/studyhub/output/성북구중등영어과외/index.html,/성북구중등영어과외/,1
C:/Projects/studyhub/output/성북구초등과외/index.html,/성북구초등과외/,2
C:/Projects/studyhub/output/성북구초등수학과외/index.html,/성북구초등수학과외/,1
C:/Projects/studyhub/output/성북구초등영어과외/index.html,/성북구초등영어과외/,1
C:/Projects/studyhub/output/성북동고등과외/index.html,/성북동고등과외/,1
C:/Projects/studyhub/output/성북동고등수학과외/index.html,/성북동고등수학과외/,1
C:/Projects/studyhub/output/성북동고등영어과외/index.html,/성북동고등영어과외/,1
C:/Projects/studyhub/output/성북동과외/index.html,/성북동과외/,2
C:/Projects/studyhub/output/성북동수학과외/index.html,/성북동수학과외/,2
C:/Projects/studyhub/output/성북동영어과외/index.html,/성북동영어과외/,2
C:/Projects/studyhub/output/성북동중등과외/index.html,/성북동중등과외/,2
C:/Projects/studyhub/output/성북동중등수학과외/index.html,/성북동중등수학과외/,1
C:/Projects/studyhub/output/성북동중등영어과외/index.html,/성북동중등영어과외/,1
C:/Projects/studyhub/output/성북동초등과외/index.html,/성북동초등과외/,2
C:/Projects/studyhub/output/성북동초등수학과외/index.html,/성북동초등수학과외/,1
C:/Projects/studyhub/output/성북동초등영어과외/index.html,/성북동초등영어과외/,1
C:/Projects/studyhub/output/성사동고등과외/index.html,/성사동고등과외/,1
C:/Projects/studyhub/output/성사동고등수학과외/index.html,/성사동고등수학과외/,1
C:/Projects/studyhub/output/성사동고등영어과외/index.html,/성사동고등영어과외/,1
C:/Projects/studyhub/output/성사동과외/index.html,/성사동과외/,2
C:/Projects/studyhub/output/성사동수학과외/index.html,/성사동수학과외/,2
C:/Projects/studyhub/output/성사동영어과외/index.html,/성사동영어과외/,2
C:/Projects/studyhub/output/성사동중등과외/index.html,/성사동중등과외/,2
C:/Projects/studyhub/output/성사동중등수학과외/index.html,/성사동중등수학과외/,1
C:/Projects/studyhub/output/성사동중등영어과외/index.html,/성사동중등영어과외/,1
C:/Projects/studyhub/output/성사동초등과외/index.html,/성사동초등과외/,2
C:/Projects/studyhub/output/성사동초등수학과외/index.html,/성사동초등수학과외/,1
C:/Projects/studyhub/output/성사동초등영어과외/index.html,/성사동초등영어과외/,1
C:/Projects/studyhub/output/성산동고등과외/index.html,/성산동고등과외/,1
C:/Projects/studyhub/output/성산동고등수학과외/index.html,/성산동고등수학과외/,1
C:/Projects/studyhub/output/성산동고등영어과외/index.html,/성산동고등영어과외/,1
C:/Projects/studyhub/output/성산동과외/index.html,/성산동과외/,2
C:/Projects/studyhub/output/성산동수학과외/index.html,/성산동수학과외/,2
C:/Projects/studyhub/output/성산동영어과외/index.html,/성산동영어과외/,2
C:/Projects/studyhub/output/성산동중등과외/index.html,/성산동중등과외/,2
C:/Projects/studyhub/output/성산동중등수학과외/index.html,/성산동중등수학과외/,1
C:/Projects/studyhub/output/성산동중등영어과외/index.html,/성산동중등영어과외/,1
C:/Projects/studyhub/output/성산동초등과외/index.html,/성산동초등과외/,2
C:/Projects/studyhub/output/성산동초등수학과외/index.html,/성산동초등수학과외/,1
C:/Projects/studyhub/output/성산동초등영어과외/index.html,/성산동초등영어과외/,1
C:/Projects/studyhub/output/성성동고등과외/index.html,/성성동고등과외/,1
C:/Projects/studyhub/output/성성동고등수학과외/index.html,/성성동고등수학과외/,1
C:/Projects/studyhub/output/성성동고등영어과외/index.html,/성성동고등영어과외/,1
C:/Projects/studyhub/output/성성동과외/index.html,/성성동과외/,2
C:/Projects/studyhub/output/성성동수학과외/index.html,/성성동수학과외/,2
C:/Projects/studyhub/output/성성동영어과외/index.html,/성성동영어과외/,2
C:/Projects/studyhub/output/성성동중등과외/index.html,/성성동중등과외/,2
C:/Projects/studyhub/output/성성동중등수학과외/index.html,/성성동중등수학과외/,1
C:/Projects/studyhub/output/성성동중등영어과외/index.html,/성성동중등영어과외/,1
C:/Projects/studyhub/output/성성동초등과외/index.html,/성성동초등과외/,2
C:/Projects/studyhub/output/성성동초등수학과외/index.html,/성성동초등수학과외/,1
C:/Projects/studyhub/output/성성동초등영어과외/index.html,/성성동초등영어과외/,1
C:/Projects/studyhub/output/성수동고등과외/index.html,/성수동고등과외/,1
C:/Projects/studyhub/output/성수동고등수학과외/index.html,/성수동고등수학과외/,1
C:/Projects/studyhub/output/성수동고등영어과외/index.html,/성수동고등영어과외/,1
C:/Projects/studyhub/output/성수동과외/index.html,/성수동과외/,2
C:/Projects/studyhub/output/성수동수학과외/index.html,/성수동수학과외/,2
C:/Projects/studyhub/output/성수동영어과외/index.html,/성수동영어과외/,2
C:/Projects/studyhub/output/성수동중등과외/index.html,/성수동중등과외/,2
C:/Projects/studyhub/output/성수동중등수학과외/index.html,/성수동중등수학과외/,1
C:/Projects/studyhub/output/성수동중등영어과외/index.html,/성수동중등영어과외/,1
C:/Projects/studyhub/output/성수동초등과외/index.html,/성수동초등과외/,2
C:/Projects/studyhub/output/성수동초등수학과외/index.html,/성수동초등수학과외/,1
C:/Projects/studyhub/output/성수동초등영어과외/index.html,/성수동초등영어과외/,1
C:/Projects/studyhub/output/성안동고등과외/index.html,/성안동고등과외/,1
C:/Projects/studyhub/output/성안동고등수학과외/index.html,/성안동고등수학과외/,1
C:/Projects/studyhub/output/성안동고등영어과외/index.html,/성안동고등영어과외/,1
C:/Projects/studyhub/output/성안동과외/index.html,/성안동과외/,2
C:/Projects/studyhub/output/성안동수학과외/index.html,/성안동수학과외/,2
C:/Projects/studyhub/output/성안동영어과외/index.html,/성안동영어과외/,2
C:/Projects/studyhub/output/성안동중등과외/index.html,/성안동중등과외/,2
C:/Projects/studyhub/output/성안동중등수학과외/index.html,/성안동중등수학과외/,1
C:/Projects/studyhub/output/성안동중등영어과외/index.html,/성안동중등영어과외/,1
C:/Projects/studyhub/output/성안동초등과외/index.html,/성안동초등과외/,2
C:/Projects/studyhub/output/성안동초등수학과외/index.html,/성안동초등수학과외/,1
C:/Projects/studyhub/output/성안동초등영어과외/index.html,/성안동초등영어과외/,1
C:/Projects/studyhub/output/성정동고등과외/index.html,/성정동고등과외/,1
C:/Projects/studyhub/output/성정동고등수학과외/index.html,/성정동고등수학과외/,1
C:/Projects/studyhub/output/성정동고등영어과외/index.html,/성정동고등영어과외/,1
C:/Projects/studyhub/output/성정동과외/index.html,/성정동과외/,2
C:/Projects/studyhub/output/성정동수학과외/index.html,/성정동수학과외/,2
C:/Projects/studyhub/output/성정동영어과외/index.html,/성정동영어과외/,2
C:/Projects/studyhub/output/성정동중등과외/index.html,/성정동중등과외/,2
C:/Projects/studyhub/output/성정동중등수학과외/index.html,/성정동중등수학과외/,1
C:/Projects/studyhub/output/성정동중등영어과외/index.html,/성정동중등영어과외/,1
C:/Projects/studyhub/output/성정동초등과외/index.html,/성정동초등과외/,2
C:/Projects/studyhub/output/성정동초등수학과외/index.html,/성정동초등수학과외/,1
C:/Projects/studyhub/output/성정동초등영어과외/index.html,/성정동초등영어과외/,1
C:/Projects/studyhub/output/성포동고등과외/index.html,/성포동고등과외/,1
C:/Projects/studyhub/output/성포동고등수학과외/index.html,/성포동고등수학과외/,1
C:/Projects/studyhub/output/성포동고등영어과외/index.html,/성포동고등영어과외/,1
C:/Projects/studyhub/output/성포동과외/index.html,/성포동과외/,2
C:/Projects/studyhub/output/성포동수학과외/index.html,/성포동수학과외/,2
C:/Projects/studyhub/output/성포동영어과외/index.html,/성포동영어과외/,2
C:/Projects/studyhub/output/성포동중등과외/index.html,/성포동중등과외/,2
C:/Projects/studyhub/output/성포동중등수학과외/index.html,/성포동중등수학과외/,1
C:/Projects/studyhub/output/성포동중등영어과외/index.html,/성포동중등영어과외/,1
C:/Projects/studyhub/output/성포동초등과외/index.html,/성포동초등과외/,2
C:/Projects/studyhub/output/성포동초등수학과외/index.html,/성포동초등수학과외/,1
C:/Projects/studyhub/output/성포동초등영어과외/index.html,/성포동초등영어과외/,1
C:/Projects/studyhub/output/성화동고등과외/index.html,/성화동고등과외/,1
C:/Projects/studyhub/output/성화동고등수학과외/index.html,/성화동고등수학과외/,1
C:/Projects/studyhub/output/성화동고등영어과외/index.html,/성화동고등영어과외/,1
C:/Projects/studyhub/output/성화동과외/index.html,/성화동과외/,2
C:/Projects/studyhub/output/성화동수학과외/index.html,/성화동수학과외/,2
C:/Projects/studyhub/output/성화동영어과외/index.html,/성화동영어과외/,2
C:/Projects/studyhub/output/성화동중등과외/index.html,/성화동중등과외/,2
C:/Projects/studyhub/output/성화동중등수학과외/index.html,/성화동중등수학과외/,1
C:/Projects/studyhub/output/성화동중등영어과외/index.html,/성화동중등영어과외/,1
C:/Projects/studyhub/output/성화동초등과외/index.html,/성화동초등과외/,2
C:/Projects/studyhub/output/성화동초등수학과외/index.html,/성화동초등수학과외/,1
C:/Projects/studyhub/output/성화동초등영어과외/index.html,/성화동초등영어과외/,1
C:/Projects/studyhub/output/세곡동고등과외/index.html,/세곡동고등과외/,1
C:/Projects/studyhub/output/세곡동고등수학과외/index.html,/세곡동고등수학과외/,1
C:/Projects/studyhub/output/세곡동고등영어과외/index.html,/세곡동고등영어과외/,1
C:/Projects/studyhub/output/세곡동과외/index.html,/세곡동과외/,2
C:/Projects/studyhub/output/세곡동수학과외/index.html,/세곡동수학과외/,2
C:/Projects/studyhub/output/세곡동영어과외/index.html,/세곡동영어과외/,2
C:/Projects/studyhub/output/세곡동중등과외/index.html,/세곡동중등과외/,2
C:/Projects/studyhub/output/세곡동중등수학과외/index.html,/세곡동중등수학과외/,1
C:/Projects/studyhub/output/세곡동중등영어과외/index.html,/세곡동중등영어과외/,1
C:/Projects/studyhub/output/세곡동초등과외/index.html,/세곡동초등과외/,2
C:/Projects/studyhub/output/세곡동초등수학과외/index.html,/세곡동초등수학과외/,1
C:/Projects/studyhub/output/세곡동초등영어과외/index.html,/세곡동초등영어과외/,1
C:/Projects/studyhub/output/세교동고등과외/index.html,/세교동고등과외/,1
C:/Projects/studyhub/output/세교동고등수학과외/index.html,/세교동고등수학과외/,1
C:/Projects/studyhub/output/세교동고등영어과외/index.html,/세교동고등영어과외/,1
C:/Projects/studyhub/output/세교동과외/index.html,/세교동과외/,2
C:/Projects/studyhub/output/세교동수학과외/index.html,/세교동수학과외/,2
C:/Projects/studyhub/output/세교동영어과외/index.html,/세교동영어과외/,2
C:/Projects/studyhub/output/세교동중등과외/index.html,/세교동중등과외/,2
C:/Projects/studyhub/output/세교동중등수학과외/index.html,/세교동중등수학과외/,1
C:/Projects/studyhub/output/세교동중등영어과외/index.html,/세교동중등영어과외/,1
C:/Projects/studyhub/output/세교동초등과외/index.html,/세교동초등과외/,2
C:/Projects/studyhub/output/세교동초등수학과외/index.html,/세교동초등수학과외/,1
C:/Projects/studyhub/output/세교동초등영어과외/index.html,/세교동초등영어과외/,1
C:/Projects/studyhub/output/세류동고등과외/index.html,/세류동고등과외/,1
C:/Projects/studyhub/output/세류동고등수학과외/index.html,/세류동고등수학과외/,1
C:/Projects/studyhub/output/세류동고등영어과외/index.html,/세류동고등영어과외/,1
C:/Projects/studyhub/output/세류동과외/index.html,/세류동과외/,2
C:/Projects/studyhub/output/세류동수학과외/index.html,/세류동수학과외/,2
C:/Projects/studyhub/output/세류동영어과외/index.html,/세류동영어과외/,2
C:/Projects/studyhub/output/세류동중등과외/index.html,/세류동중등과외/,2
C:/Projects/studyhub/output/세류동중등수학과외/index.html,/세류동중등수학과외/,1
C:/Projects/studyhub/output/세류동중등영어과외/index.html,/세류동중등영어과외/,1
C:/Projects/studyhub/output/세류동초등과외/index.html,/세류동초등과외/,2
C:/Projects/studyhub/output/세류동초등수학과외/index.html,/세류동초등수학과외/,1
C:/Projects/studyhub/output/세류동초등영어과외/index.html,/세류동초등영어과외/,1
C:/Projects/studyhub/output/세종고등과외/index.html,/세종고등과외/,1
C:/Projects/studyhub/output/세종고등수학과외/index.html,/세종고등수학과외/,1
C:/Projects/studyhub/output/세종고등영어과외/index.html,/세종고등영어과외/,1
C:/Projects/studyhub/output/세종과외/index.html,/세종과외/,2
C:/Projects/studyhub/output/세종수학과외/index.html,/세종수학과외/,2
C:/Projects/studyhub/output/세종시고등과외/index.html,/세종시고등과외/,1
C:/Projects/studyhub/output/세종시고등수학과외/index.html,/세종시고등수학과외/,1
C:/Projects/studyhub/output/세종시고등영어과외/index.html,/세종시고등영어과외/,1
C:/Projects/studyhub/output/세종시수학과외/index.html,/세종시수학과외/,2
C:/Projects/studyhub/output/세종시영어과외/index.html,/세종시영어과외/,2
C:/Projects/studyhub/output/세종시중등과외/index.html,/세종시중등과외/,2
C:/Projects/studyhub/output/세종시중등수학과외/index.html,/세종시중등수학과외/,1
C:/Projects/studyhub/output/세종시중등영어과외/index.html,/세종시중등영어과외/,1
C:/Projects/studyhub/output/세종시초등과외/index.html,/세종시초등과외/,2
C:/Projects/studyhub/output/세종시초등수학과외/index.html,/세종시초등수학과외/,1
C:/Projects/studyhub/output/세종시초등영어과외/index.html,/세종시초등영어과외/,1
C:/Projects/studyhub/output/세종영어과외/index.html,/세종영어과외/,2
C:/Projects/studyhub/output/세종중등과외/index.html,/세종중등과외/,2
C:/Projects/studyhub/output/세종중등수학과외/index.html,/세종중등수학과외/,1
C:/Projects/studyhub/output/세종중등영어과외/index.html,/세종중등영어과외/,1
C:/Projects/studyhub/output/세종초등과외/index.html,/세종초등과외/,2
C:/Projects/studyhub/output/세종초등수학과외/index.html,/세종초등수학과외/,1
C:/Projects/studyhub/output/세종초등영어과외/index.html,/세종초등영어과외/,1
C:/Projects/studyhub/output/소사구고등과외/index.html,/소사구고등과외/,1
C:/Projects/studyhub/output/소사구고등수학과외/index.html,/소사구고등수학과외/,1
C:/Projects/studyhub/output/소사구고등영어과외/index.html,/소사구고등영어과외/,1
C:/Projects/studyhub/output/소사구과외/index.html,/소사구과외/,2
C:/Projects/studyhub/output/소사구수학과외/index.html,/소사구수학과외/,2
C:/Projects/studyhub/output/소사구영어과외/index.html,/소사구영어과외/,2
C:/Projects/studyhub/output/소사구중등과외/index.html,/소사구중등과외/,2
C:/Projects/studyhub/output/소사구중등수학과외/index.html,/소사구중등수학과외/,1
C:/Projects/studyhub/output/소사구중등영어과외/index.html,/소사구중등영어과외/,1
C:/Projects/studyhub/output/소사구초등과외/index.html,/소사구초등과외/,2
C:/Projects/studyhub/output/소사구초등수학과외/index.html,/소사구초등수학과외/,1
C:/Projects/studyhub/output/소사구초등영어과외/index.html,/소사구초등영어과외/,1
C:/Projects/studyhub/output/소사본동고등과외/index.html,/소사본동고등과외/,1
C:/Projects/studyhub/output/소사본동고등수학과외/index.html,/소사본동고등수학과외/,1
C:/Projects/studyhub/output/소사본동고등영어과외/index.html,/소사본동고등영어과외/,1
C:/Projects/studyhub/output/소사본동과외/index.html,/소사본동과외/,2
C:/Projects/studyhub/output/소사본동수학과외/index.html,/소사본동수학과외/,2
C:/Projects/studyhub/output/소사본동영어과외/index.html,/소사본동영어과외/,2
C:/Projects/studyhub/output/소사본동중등과외/index.html,/소사본동중등과외/,2
C:/Projects/studyhub/output/소사본동중등수학과외/index.html,/소사본동중등수학과외/,1
C:/Projects/studyhub/output/소사본동중등영어과외/index.html,/소사본동중등영어과외/,1
C:/Projects/studyhub/output/소사본동초등과외/index.html,/소사본동초등과외/,2
C:/Projects/studyhub/output/소사본동초등수학과외/index.html,/소사본동초등수학과외/,1
C:/Projects/studyhub/output/소사본동초등영어과외/index.html,/소사본동초등영어과외/,1
C:/Projects/studyhub/output/소촌동고등과외/index.html,/소촌동고등과외/,1
C:/Projects/studyhub/output/소촌동고등수학과외/index.html,/소촌동고등수학과외/,1
C:/Projects/studyhub/output/소촌동고등영어과외/index.html,/소촌동고등영어과외/,1
C:/Projects/studyhub/output/소촌동과외/index.html,/소촌동과외/,2
C:/Projects/studyhub/output/소촌동수학과외/index.html,/소촌동수학과외/,2
C:/Projects/studyhub/output/소촌동영어과외/index.html,/소촌동영어과외/,2
C:/Projects/studyhub/output/소촌동중등과외/index.html,/소촌동중등과외/,2
C:/Projects/studyhub/output/소촌동중등수학과외/index.html,/소촌동중등수학과외/,1
C:/Projects/studyhub/output/소촌동중등영어과외/index.html,/소촌동중등영어과외/,1
C:/Projects/studyhub/output/소촌동초등과외/index.html,/소촌동초등과외/,2
C:/Projects/studyhub/output/소촌동초등수학과외/index.html,/소촌동초등수학과외/,1
C:/Projects/studyhub/output/소촌동초등영어과외/index.html,/소촌동초등영어과외/,1
C:/Projects/studyhub/output/소하동고등과외/index.html,/소하동고등과외/,1
C:/Projects/studyhub/output/소하동고등수학과외/index.html,/소하동고등수학과외/,1
C:/Projects/studyhub/output/소하동고등영어과외/index.html,/소하동고등영어과외/,1
C:/Projects/studyhub/output/소하동과외/index.html,/소하동과외/,2
C:/Projects/studyhub/output/소하동수학과외/index.html,/소하동수학과외/,2
C:/Projects/studyhub/output/소하동영어과외/index.html,/소하동영어과외/,2
C:/Projects/studyhub/output/소하동중등과외/index.html,/소하동중등과외/,2
C:/Projects/studyhub/output/소하동중등수학과외/index.html,/소하동중등수학과외/,1
C:/Projects/studyhub/output/소하동중등영어과외/index.html,/소하동중등영어과외/,1
C:/Projects/studyhub/output/소하동초등과외/index.html,/소하동초등과외/,2
C:/Projects/studyhub/output/소하동초등수학과외/index.html,/소하동초등수학과외/,1
C:/Projects/studyhub/output/소하동초등영어과외/index.html,/소하동초등영어과외/,1
C:/Projects/studyhub/output/소흘읍고등과외/index.html,/소흘읍고등과외/,1
C:/Projects/studyhub/output/소흘읍고등수학과외/index.html,/소흘읍고등수학과외/,1
C:/Projects/studyhub/output/소흘읍고등영어과외/index.html,/소흘읍고등영어과외/,1
C:/Projects/studyhub/output/소흘읍과외/index.html,/소흘읍과외/,2
C:/Projects/studyhub/output/소흘읍수학과외/index.html,/소흘읍수학과외/,2
C:/Projects/studyhub/output/소흘읍영어과외/index.html,/소흘읍영어과외/,2
C:/Projects/studyhub/output/소흘읍중등과외/index.html,/소흘읍중등과외/,2
C:/Projects/studyhub/output/소흘읍중등수학과외/index.html,/소흘읍중등수학과외/,1
C:/Projects/studyhub/output/소흘읍중등영어과외/index.html,/소흘읍중등영어과외/,1
C:/Projects/studyhub/output/소흘읍초등과외/index.html,/소흘읍초등과외/,2
C:/Projects/studyhub/output/소흘읍초등수학과외/index.html,/소흘읍초등수학과외/,1
C:/Projects/studyhub/output/소흘읍초등영어과외/index.html,/소흘읍초등영어과외/,1
C:/Projects/studyhub/output/송내동고등과외/index.html,/송내동고등과외/,1
C:/Projects/studyhub/output/송내동고등수학과외/index.html,/송내동고등수학과외/,1
C:/Projects/studyhub/output/송내동고등영어과외/index.html,/송내동고등영어과외/,1
C:/Projects/studyhub/output/송내동과외/index.html,/송내동과외/,2
C:/Projects/studyhub/output/송내동수학과외/index.html,/송내동수학과외/,2
C:/Projects/studyhub/output/송내동영어과외/index.html,/송내동영어과외/,2
C:/Projects/studyhub/output/송내동중등과외/index.html,/송내동중등과외/,2
C:/Projects/studyhub/output/송내동중등수학과외/index.html,/송내동중등수학과외/,1
C:/Projects/studyhub/output/송내동중등영어과외/index.html,/송내동중등영어과외/,1
C:/Projects/studyhub/output/송내동초등과외/index.html,/송내동초등과외/,2
C:/Projects/studyhub/output/송내동초등수학과외/index.html,/송내동초등수학과외/,1
C:/Projects/studyhub/output/송내동초등영어과외/index.html,/송내동초등영어과외/,1
C:/Projects/studyhub/output/송도동고등과외/index.html,/송도동고등과외/,1
C:/Projects/studyhub/output/송도동고등수학과외/index.html,/송도동고등수학과외/,1
C:/Projects/studyhub/output/송도동고등영어과외/index.html,/송도동고등영어과외/,1
C:/Projects/studyhub/output/송도동수학과외/index.html,/송도동수학과외/,2
C:/Projects/studyhub/output/송도동영어과외/index.html,/송도동영어과외/,2
C:/Projects/studyhub/output/송도동중등과외/index.html,/송도동중등과외/,2
C:/Projects/studyhub/output/송도동중등수학과외/index.html,/송도동중등수학과외/,1
C:/Projects/studyhub/output/송도동중등영어과외/index.html,/송도동중등영어과외/,1
C:/Projects/studyhub/output/송도동초등과외/index.html,/송도동초등과외/,2
C:/Projects/studyhub/output/송도동초등수학과외/index.html,/송도동초등수학과외/,1
C:/Projects/studyhub/output/송도동초등영어과외/index.html,/송도동초등영어과외/,1
C:/Projects/studyhub/output/송정동고등과외/index.html,/송정동고등과외/,1
C:/Projects/studyhub/output/송정동고등수학과외/index.html,/송정동고등수학과외/,1
C:/Projects/studyhub/output/송정동고등영어과외/index.html,/송정동고등영어과외/,1
C:/Projects/studyhub/output/송정동과외/index.html,/송정동과외/,2
C:/Projects/studyhub/output/송정동수학과외/index.html,/송정동수학과외/,2
C:/Projects/studyhub/output/송정동영어과외/index.html,/송정동영어과외/,2
C:/Projects/studyhub/output/송정동중등과외/index.html,/송정동중등과외/,2
C:/Projects/studyhub/output/송정동중등수학과외/index.html,/송정동중등수학과외/,1
C:/Projects/studyhub/output/송정동중등영어과외/index.html,/송정동중등영어과외/,1
C:/Projects/studyhub/output/송정동초등과외/index.html,/송정동초등과외/,2
C:/Projects/studyhub/output/송정동초등수학과외/index.html,/송정동초등수학과외/,1
C:/Projects/studyhub/output/송정동초등영어과외/index.html,/송정동초등영어과외/,1
C:/Projects/studyhub/output/송천동고등과외/index.html,/송천동고등과외/,1
C:/Projects/studyhub/output/송천동고등수학과외/index.html,/송천동고등수학과외/,1
C:/Projects/studyhub/output/송천동고등영어과외/index.html,/송천동고등영어과외/,1
C:/Projects/studyhub/output/송천동과외/index.html,/송천동과외/,2
C:/Projects/studyhub/output/송천동수학과외/index.html,/송천동수학과외/,2
C:/Projects/studyhub/output/송천동영어과외/index.html,/송천동영어과외/,2
C:/Projects/studyhub/output/송천동중등과외/index.html,/송천동중등과외/,2
C:/Projects/studyhub/output/송천동중등수학과외/index.html,/송천동중등수학과외/,1
C:/Projects/studyhub/output/송천동중등영어과외/index.html,/송천동중등영어과외/,1
C:/Projects/studyhub/output/송천동초등과외/index.html,/송천동초등과외/,2
C:/Projects/studyhub/output/송천동초등수학과외/index.html,/송천동초등수학과외/,1
C:/Projects/studyhub/output/송천동초등영어과외/index.html,/송천동초등영어과외/,1
C:/Projects/studyhub/output/송촌동고등과외/index.html,/송촌동고등과외/,1
C:/Projects/studyhub/output/송촌동고등수학과외/index.html,/송촌동고등수학과외/,1
C:/Projects/studyhub/output/송촌동고등영어과외/index.html,/송촌동고등영어과외/,1
C:/Projects/studyhub/output/송촌동과외/index.html,/송촌동과외/,2
C:/Projects/studyhub/output/송촌동수학과외/index.html,/송촌동수학과외/,2
C:/Projects/studyhub/output/송촌동영어과외/index.html,/송촌동영어과외/,2
C:/Projects/studyhub/output/송촌동중등과외/index.html,/송촌동중등과외/,2
C:/Projects/studyhub/output/송촌동중등수학과외/index.html,/송촌동중등수학과외/,1
C:/Projects/studyhub/output/송촌동중등영어과외/index.html,/송촌동중등영어과외/,1
C:/Projects/studyhub/output/송촌동초등과외/index.html,/송촌동초등과외/,2
C:/Projects/studyhub/output/송촌동초등수학과외/index.html,/송촌동초등수학과외/,1
C:/Projects/studyhub/output/송촌동초등영어과외/index.html,/송촌동초등영어과외/,1
C:/Projects/studyhub/output/송파구고등과외/index.html,/송파구고등과외/,1
C:/Projects/studyhub/output/송파구고등수학과외/index.html,/송파구고등수학과외/,1
C:/Projects/studyhub/output/송파구고등영어과외/index.html,/송파구고등영어과외/,1
C:/Projects/studyhub/output/송파구수학과외/index.html,/송파구수학과외/,2
C:/Projects/studyhub/output/송파구영어과외/index.html,/송파구영어과외/,2
C:/Projects/studyhub/output/송파구중등과외/index.html,/송파구중등과외/,2
C:/Projects/studyhub/output/송파구중등수학과외/index.html,/송파구중등수학과외/,1
C:/Projects/studyhub/output/송파구중등영어과외/index.html,/송파구중등영어과외/,1
C:/Projects/studyhub/output/송파구초등과외/index.html,/송파구초등과외/,2
C:/Projects/studyhub/output/송파구초등수학과외/index.html,/송파구초등수학과외/,1
C:/Projects/studyhub/output/송파구초등영어과외/index.html,/송파구초등영어과외/,1
C:/Projects/studyhub/output/송파동고등과외/index.html,/송파동고등과외/,1
C:/Projects/studyhub/output/송파동고등수학과외/index.html,/송파동고등수학과외/,1
C:/Projects/studyhub/output/송파동고등영어과외/index.html,/송파동고등영어과외/,1
C:/Projects/studyhub/output/송파동과외/index.html,/송파동과외/,2
C:/Projects/studyhub/output/송파동수학과외/index.html,/송파동수학과외/,2
C:/Projects/studyhub/output/송파동영어과외/index.html,/송파동영어과외/,2
C:/Projects/studyhub/output/송파동중등과외/index.html,/송파동중등과외/,2
C:/Projects/studyhub/output/송파동중등수학과외/index.html,/송파동중등수학과외/,1
C:/Projects/studyhub/output/송파동중등영어과외/index.html,/송파동중등영어과외/,1
C:/Projects/studyhub/output/송파동초등과외/index.html,/송파동초등과외/,2
C:/Projects/studyhub/output/송파동초등수학과외/index.html,/송파동초등수학과외/,1
C:/Projects/studyhub/output/송파동초등영어과외/index.html,/송파동초등영어과외/,1
C:/Projects/studyhub/output/수곡동고등과외/index.html,/수곡동고등과외/,1
C:/Projects/studyhub/output/수곡동고등수학과외/index.html,/수곡동고등수학과외/,1
C:/Projects/studyhub/output/수곡동고등영어과외/index.html,/수곡동고등영어과외/,1
C:/Projects/studyhub/output/수곡동과외/index.html,/수곡동과외/,2
C:/Projects/studyhub/output/수곡동수학과외/index.html,/수곡동수학과외/,2
C:/Projects/studyhub/output/수곡동영어과외/index.html,/수곡동영어과외/,2
C:/Projects/studyhub/output/수곡동중등과외/index.html,/수곡동중등과외/,2
C:/Projects/studyhub/output/수곡동중등수학과외/index.html,/수곡동중등수학과외/,1
C:/Projects/studyhub/output/수곡동중등영어과외/index.html,/수곡동중등영어과외/,1
C:/Projects/studyhub/output/수곡동초등과외/index.html,/수곡동초등과외/,2
C:/Projects/studyhub/output/수곡동초등수학과외/index.html,/수곡동초등수학과외/,1
C:/Projects/studyhub/output/수곡동초등영어과외/index.html,/수곡동초등영어과외/,1
C:/Projects/studyhub/output/수내동고등과외/index.html,/수내동고등과외/,1
C:/Projects/studyhub/output/수내동고등수학과외/index.html,/수내동고등수학과외/,1
C:/Projects/studyhub/output/수내동고등영어과외/index.html,/수내동고등영어과외/,1
C:/Projects/studyhub/output/수내동과외/index.html,/수내동과외/,2
C:/Projects/studyhub/output/수내동수학과외/index.html,/수내동수학과외/,2
C:/Projects/studyhub/output/수내동영어과외/index.html,/수내동영어과외/,2
C:/Projects/studyhub/output/수내동중등과외/index.html,/수내동중등과외/,2
C:/Projects/studyhub/output/수내동중등수학과외/index.html,/수내동중등수학과외/,1
C:/Projects/studyhub/output/수내동중등영어과외/index.html,/수내동중등영어과외/,1
C:/Projects/studyhub/output/수내동초등과외/index.html,/수내동초등과외/,2
C:/Projects/studyhub/output/수내동초등수학과외/index.html,/수내동초등수학과외/,1
C:/Projects/studyhub/output/수내동초등영어과외/index.html,/수내동초등영어과외/,1
C:/Projects/studyhub/output/수색동고등과외/index.html,/수색동고등과외/,1
C:/Projects/studyhub/output/수색동고등수학과외/index.html,/수색동고등수학과외/,1
C:/Projects/studyhub/output/수색동고등영어과외/index.html,/수색동고등영어과외/,1
C:/Projects/studyhub/output/수색동과외/index.html,/수색동과외/,2
C:/Projects/studyhub/output/수색동수학과외/index.html,/수색동수학과외/,2
C:/Projects/studyhub/output/수색동영어과외/index.html,/수색동영어과외/,2
C:/Projects/studyhub/output/수색동중등과외/index.html,/수색동중등과외/,2
C:/Projects/studyhub/output/수색동중등수학과외/index.html,/수색동중등수학과외/,1
C:/Projects/studyhub/output/수색동중등영어과외/index.html,/수색동중등영어과외/,1
C:/Projects/studyhub/output/수색동초등과외/index.html,/수색동초등과외/,2
C:/Projects/studyhub/output/수색동초등수학과외/index.html,/수색동초등수학과외/,1
C:/Projects/studyhub/output/수색동초등영어과외/index.html,/수색동초등영어과외/,1
C:/Projects/studyhub/output/수서동고등과외/index.html,/수서동고등과외/,1
C:/Projects/studyhub/output/수서동고등수학과외/index.html,/수서동고등수학과외/,1
C:/Projects/studyhub/output/수서동고등영어과외/index.html,/수서동고등영어과외/,1
C:/Projects/studyhub/output/수서동과외/index.html,/수서동과외/,2
C:/Projects/studyhub/output/수서동수학과외/index.html,/수서동수학과외/,2
C:/Projects/studyhub/output/수서동영어과외/index.html,/수서동영어과외/,2
C:/Projects/studyhub/output/수서동중등과외/index.html,/수서동중등과외/,2
C:/Projects/studyhub/output/수서동중등수학과외/index.html,/수서동중등수학과외/,1
C:/Projects/studyhub/output/수서동중등영어과외/index.html,/수서동중등영어과외/,1
C:/Projects/studyhub/output/수서동초등과외/index.html,/수서동초등과외/,2
C:/Projects/studyhub/output/수서동초등수학과외/index.html,/수서동초등수학과외/,1
C:/Projects/studyhub/output/수서동초등영어과외/index.html,/수서동초등영어과외/,1
C:/Projects/studyhub/output/수성구고등과외/index.html,/수성구고등과외/,1
C:/Projects/studyhub/output/수성구고등수학과외/index.html,/수성구고등수학과외/,1
C:/Projects/studyhub/output/수성구고등영어과외/index.html,/수성구고등영어과외/,1
C:/Projects/studyhub/output/수성구수학과외/index.html,/수성구수학과외/,2
C:/Projects/studyhub/output/수성구영어과외/index.html,/수성구영어과외/,2
C:/Projects/studyhub/output/수성구중등과외/index.html,/수성구중등과외/,2
C:/Projects/studyhub/output/수성구중등수학과외/index.html,/수성구중등수학과외/,1
C:/Projects/studyhub/output/수성구중등영어과외/index.html,/수성구중등영어과외/,1
C:/Projects/studyhub/output/수성구초등과외/index.html,/수성구초등과외/,2
C:/Projects/studyhub/output/수성구초등수학과외/index.html,/수성구초등수학과외/,1
C:/Projects/studyhub/output/수성구초등영어과외/index.html,/수성구초등영어과외/,1
C:/Projects/studyhub/output/수성동고등과외/index.html,/수성동고등과외/,1
C:/Projects/studyhub/output/수성동고등수학과외/index.html,/수성동고등수학과외/,1
C:/Projects/studyhub/output/수성동고등영어과외/index.html,/수성동고등영어과외/,1
C:/Projects/studyhub/output/수성동과외/index.html,/수성동과외/,2
C:/Projects/studyhub/output/수성동수학과외/index.html,/수성동수학과외/,2
C:/Projects/studyhub/output/수성동영어과외/index.html,/수성동영어과외/,2
C:/Projects/studyhub/output/수성동중등과외/index.html,/수성동중등과외/,2
C:/Projects/studyhub/output/수성동중등수학과외/index.html,/수성동중등수학과외/,1
C:/Projects/studyhub/output/수성동중등영어과외/index.html,/수성동중등영어과외/,1
C:/Projects/studyhub/output/수성동초등과외/index.html,/수성동초등과외/,2
C:/Projects/studyhub/output/수성동초등수학과외/index.html,/수성동초등수학과외/,1
C:/Projects/studyhub/output/수성동초등영어과외/index.html,/수성동초등영어과외/,1
C:/Projects/studyhub/output/수안동고등과외/index.html,/수안동고등과외/,1
C:/Projects/studyhub/output/수안동고등수학과외/index.html,/수안동고등수학과외/,1
C:/Projects/studyhub/output/수안동고등영어과외/index.html,/수안동고등영어과외/,1
C:/Projects/studyhub/output/수안동과외/index.html,/수안동과외/,2
C:/Projects/studyhub/output/수안동수학과외/index.html,/수안동수학과외/,2
C:/Projects/studyhub/output/수안동영어과외/index.html,/수안동영어과외/,2
C:/Projects/studyhub/output/수안동중등과외/index.html,/수안동중등과외/,2
C:/Projects/studyhub/output/수안동중등수학과외/index.html,/수안동중등수학과외/,1
C:/Projects/studyhub/output/수안동중등영어과외/index.html,/수안동중등영어과외/,1
C:/Projects/studyhub/output/수안동초등과외/index.html,/수안동초등과외/,2
C:/Projects/studyhub/output/수안동초등수학과외/index.html,/수안동초등수학과외/,1
C:/Projects/studyhub/output/수안동초등영어과외/index.html,/수안동초등영어과외/,1
C:/Projects/studyhub/output/수영구고등과외/index.html,/수영구고등과외/,1
C:/Projects/studyhub/output/수영구고등수학과외/index.html,/수영구고등수학과외/,1
C:/Projects/studyhub/output/수영구고등영어과외/index.html,/수영구고등영어과외/,1
C:/Projects/studyhub/output/수영구과외/index.html,/수영구과외/,2
C:/Projects/studyhub/output/수영구수학과외/index.html,/수영구수학과외/,2
C:/Projects/studyhub/output/수영구영어과외/index.html,/수영구영어과외/,2
C:/Projects/studyhub/output/수영구중등과외/index.html,/수영구중등과외/,2
C:/Projects/studyhub/output/수영구중등수학과외/index.html,/수영구중등수학과외/,1
C:/Projects/studyhub/output/수영구중등영어과외/index.html,/수영구중등영어과외/,1
C:/Projects/studyhub/output/수영구초등과외/index.html,/수영구초등과외/,2
C:/Projects/studyhub/output/수영구초등수학과외/index.html,/수영구초등수학과외/,1
C:/Projects/studyhub/output/수영구초등영어과외/index.html,/수영구초등영어과외/,1
C:/Projects/studyhub/output/수완동고등과외/index.html,/수완동고등과외/,1
C:/Projects/studyhub/output/수완동고등수학과외/index.html,/수완동고등수학과외/,1
C:/Projects/studyhub/output/수완동고등영어과외/index.html,/수완동고등영어과외/,1
C:/Projects/studyhub/output/수완동과외/index.html,/수완동과외/,2
C:/Projects/studyhub/output/수완동수학과외/index.html,/수완동수학과외/,2
C:/Projects/studyhub/output/수완동영어과외/index.html,/수완동영어과외/,2
C:/Projects/studyhub/output/수완동중등과외/index.html,/수완동중등과외/,2
C:/Projects/studyhub/output/수완동중등수학과외/index.html,/수완동중등수학과외/,1
C:/Projects/studyhub/output/수완동중등영어과외/index.html,/수완동중등영어과외/,1
C:/Projects/studyhub/output/수완동초등과외/index.html,/수완동초등과외/,2
C:/Projects/studyhub/output/수완동초등수학과외/index.html,/수완동초등수학과외/,1
C:/Projects/studyhub/output/수완동초등영어과외/index.html,/수완동초등영어과외/,1
C:/Projects/studyhub/output/수원고등과외/index.html,/수원고등과외/,1
C:/Projects/studyhub/output/수원고등수학과외/index.html,/수원고등수학과외/,1
C:/Projects/studyhub/output/수원고등영어과외/index.html,/수원고등영어과외/,1
C:/Projects/studyhub/output/수원과외/index.html,/수원과외/,2
C:/Projects/studyhub/output/수원수학과외/index.html,/수원수학과외/,2
C:/Projects/studyhub/output/수원시-영통구고등과외/index.html,/수원시-영통구고등과외/,1
C:/Projects/studyhub/output/수원시-영통구고등수학과외/index.html,/수원시-영통구고등수학과외/,1
C:/Projects/studyhub/output/수원시-영통구고등영어과외/index.html,/수원시-영통구고등영어과외/,1
C:/Projects/studyhub/output/수원시-영통구수학과외/index.html,/수원시-영통구수학과외/,2
C:/Projects/studyhub/output/수원시-영통구영어과외/index.html,/수원시-영통구영어과외/,2
C:/Projects/studyhub/output/수원시-영통구중등과외/index.html,/수원시-영통구중등과외/,2
C:/Projects/studyhub/output/수원시-영통구중등수학과외/index.html,/수원시-영통구중등수학과외/,1
C:/Projects/studyhub/output/수원시-영통구중등영어과외/index.html,/수원시-영통구중등영어과외/,1
C:/Projects/studyhub/output/수원시-영통구초등과외/index.html,/수원시-영통구초등과외/,2
C:/Projects/studyhub/output/수원시-영통구초등수학과외/index.html,/수원시-영통구초등수학과외/,1
C:/Projects/studyhub/output/수원시-영통구초등영어과외/index.html,/수원시-영통구초등영어과외/,1
C:/Projects/studyhub/output/수원영어과외/index.html,/수원영어과외/,2
C:/Projects/studyhub/output/수원중등과외/index.html,/수원중등과외/,2
C:/Projects/studyhub/output/수원중등수학과외/index.html,/수원중등수학과외/,1
C:/Projects/studyhub/output/수원중등영어과외/index.html,/수원중등영어과외/,1
C:/Projects/studyhub/output/수원초등과외/index.html,/수원초등과외/,2
C:/Projects/studyhub/output/수원초등수학과외/index.html,/수원초등수학과외/,1
C:/Projects/studyhub/output/수원초등영어과외/index.html,/수원초등영어과외/,1
C:/Projects/studyhub/output/수원하동고등과외/index.html,/수원하동고등과외/,1
C:/Projects/studyhub/output/수원하동고등수학과외/index.html,/수원하동고등수학과외/,1
C:/Projects/studyhub/output/수원하동고등영어과외/index.html,/수원하동고등영어과외/,1
C:/Projects/studyhub/output/수원하동과외/index.html,/수원하동과외/,2
C:/Projects/studyhub/output/수원하동수학과외/index.html,/수원하동수학과외/,2
C:/Projects/studyhub/output/수원하동영어과외/index.html,/수원하동영어과외/,2
C:/Projects/studyhub/output/수원하동중등과외/index.html,/수원하동중등과외/,2
C:/Projects/studyhub/output/수원하동중등수학과외/index.html,/수원하동중등수학과외/,1
C:/Projects/studyhub/output/수원하동중등영어과외/index.html,/수원하동중등영어과외/,1
C:/Projects/studyhub/output/수원하동초등과외/index.html,/수원하동초등과외/,2
C:/Projects/studyhub/output/수원하동초등수학과외/index.html,/수원하동초등수학과외/,1
C:/Projects/studyhub/output/수원하동초등영어과외/index.html,/수원하동초등영어과외/,1
C:/Projects/studyhub/output/수유동고등과외/index.html,/수유동고등과외/,1
C:/Projects/studyhub/output/수유동고등수학과외/index.html,/수유동고등수학과외/,1
C:/Projects/studyhub/output/수유동고등영어과외/index.html,/수유동고등영어과외/,1
C:/Projects/studyhub/output/수유동과외/index.html,/수유동과외/,2
C:/Projects/studyhub/output/수유동수학과외/index.html,/수유동수학과외/,2
C:/Projects/studyhub/output/수유동영어과외/index.html,/수유동영어과외/,2
C:/Projects/studyhub/output/수유동중등과외/index.html,/수유동중등과외/,2
C:/Projects/studyhub/output/수유동중등수학과외/index.html,/수유동중등수학과외/,1
C:/Projects/studyhub/output/수유동중등영어과외/index.html,/수유동중등영어과외/,1
C:/Projects/studyhub/output/수유동초등과외/index.html,/수유동초등과외/,2
C:/Projects/studyhub/output/수유동초등수학과외/index.html,/수유동초등수학과외/,1
C:/Projects/studyhub/output/수유동초등영어과외/index.html,/수유동초등영어과외/,1
C:/Projects/studyhub/output/수정구고등과외/index.html,/수정구고등과외/,1
C:/Projects/studyhub/output/수정구고등수학과외/index.html,/수정구고등수학과외/,1
C:/Projects/studyhub/output/수정구고등영어과외/index.html,/수정구고등영어과외/,1
C:/Projects/studyhub/output/수정구과외/index.html,/수정구과외/,2
C:/Projects/studyhub/output/수정구수학과외/index.html,/수정구수학과외/,2
C:/Projects/studyhub/output/수정구영어과외/index.html,/수정구영어과외/,2
C:/Projects/studyhub/output/수정구중등과외/index.html,/수정구중등과외/,2
C:/Projects/studyhub/output/수정구중등수학과외/index.html,/수정구중등수학과외/,1
C:/Projects/studyhub/output/수정구중등영어과외/index.html,/수정구중등영어과외/,1
C:/Projects/studyhub/output/수정구초등과외/index.html,/수정구초등과외/,2
C:/Projects/studyhub/output/수정구초등수학과외/index.html,/수정구초등수학과외/,1
C:/Projects/studyhub/output/수정구초등영어과외/index.html,/수정구초등영어과외/,1
C:/Projects/studyhub/output/수지구고등과외/index.html,/수지구고등과외/,1
C:/Projects/studyhub/output/수지구고등수학과외/index.html,/수지구고등수학과외/,1
C:/Projects/studyhub/output/수지구고등영어과외/index.html,/수지구고등영어과외/,1
C:/Projects/studyhub/output/수지구과외/index.html,/수지구과외/,2
C:/Projects/studyhub/output/수지구수학과외/index.html,/수지구수학과외/,2
C:/Projects/studyhub/output/수지구영어과외/index.html,/수지구영어과외/,2
C:/Projects/studyhub/output/수지구중등과외/index.html,/수지구중등과외/,2
C:/Projects/studyhub/output/수지구중등수학과외/index.html,/수지구중등수학과외/,1
C:/Projects/studyhub/output/수지구중등영어과외/index.html,/수지구중등영어과외/,1
C:/Projects/studyhub/output/수지구초등과외/index.html,/수지구초등과외/,2
C:/Projects/studyhub/output/수지구초등수학과외/index.html,/수지구초등수학과외/,1
C:/Projects/studyhub/output/수지구초등영어과외/index.html,/수지구초등영어과외/,1
C:/Projects/studyhub/output/수진동고등과외/index.html,/수진동고등과외/,1
C:/Projects/studyhub/output/수진동고등수학과외/index.html,/수진동고등수학과외/,1
C:/Projects/studyhub/output/수진동고등영어과외/index.html,/수진동고등영어과외/,1
C:/Projects/studyhub/output/수진동과외/index.html,/수진동과외/,2
C:/Projects/studyhub/output/수진동수학과외/index.html,/수진동수학과외/,2
C:/Projects/studyhub/output/수진동영어과외/index.html,/수진동영어과외/,2
C:/Projects/studyhub/output/수진동중등과외/index.html,/수진동중등과외/,2
C:/Projects/studyhub/output/수진동중등수학과외/index.html,/수진동중등수학과외/,1
C:/Projects/studyhub/output/수진동중등영어과외/index.html,/수진동중등영어과외/,1
C:/Projects/studyhub/output/수진동초등과외/index.html,/수진동초등과외/,2
C:/Projects/studyhub/output/수진동초등수학과외/index.html,/수진동초등수학과외/,1
C:/Projects/studyhub/output/수진동초등영어과외/index.html,/수진동초등영어과외/,1
C:/Projects/studyhub/output/수창동고등과외/index.html,/수창동고등과외/,1
C:/Projects/studyhub/output/수창동고등수학과외/index.html,/수창동고등수학과외/,1
C:/Projects/studyhub/output/수창동고등영어과외/index.html,/수창동고등영어과외/,1
C:/Projects/studyhub/output/수창동과외/index.html,/수창동과외/,2
C:/Projects/studyhub/output/수창동수학과외/index.html,/수창동수학과외/,2
C:/Projects/studyhub/output/수창동영어과외/index.html,/수창동영어과외/,2
C:/Projects/studyhub/output/수창동중등과외/index.html,/수창동중등과외/,2
C:/Projects/studyhub/output/수창동중등수학과외/index.html,/수창동중등수학과외/,1
C:/Projects/studyhub/output/수창동중등영어과외/index.html,/수창동중등영어과외/,1
C:/Projects/studyhub/output/수창동초등과외/index.html,/수창동초등과외/,2
C:/Projects/studyhub/output/수창동초등수학과외/index.html,/수창동초등수학과외/,1
C:/Projects/studyhub/output/수창동초등영어과외/index.html,/수창동초등영어과외/,1
C:/Projects/studyhub/output/수청동고등과외/index.html,/수청동고등과외/,1
C:/Projects/studyhub/output/수청동고등수학과외/index.html,/수청동고등수학과외/,1
C:/Projects/studyhub/output/수청동고등영어과외/index.html,/수청동고등영어과외/,1
C:/Projects/studyhub/output/수청동과외/index.html,/수청동과외/,2
C:/Projects/studyhub/output/수청동수학과외/index.html,/수청동수학과외/,2
C:/Projects/studyhub/output/수청동영어과외/index.html,/수청동영어과외/,2
C:/Projects/studyhub/output/수청동중등과외/index.html,/수청동중등과외/,2
C:/Projects/studyhub/output/수청동중등수학과외/index.html,/수청동중등수학과외/,1
C:/Projects/studyhub/output/수청동중등영어과외/index.html,/수청동중등영어과외/,1
C:/Projects/studyhub/output/수청동초등과외/index.html,/수청동초등과외/,2
C:/Projects/studyhub/output/수청동초등수학과외/index.html,/수청동초등수학과외/,1
C:/Projects/studyhub/output/수청동초등영어과외/index.html,/수청동초등영어과외/,1
C:/Projects/studyhub/output/수택동고등과외/index.html,/수택동고등과외/,1
C:/Projects/studyhub/output/수택동고등수학과외/index.html,/수택동고등수학과외/,1
C:/Projects/studyhub/output/수택동고등영어과외/index.html,/수택동고등영어과외/,1
C:/Projects/studyhub/output/수택동과외/index.html,/수택동과외/,2
C:/Projects/studyhub/output/수택동수학과외/index.html,/수택동수학과외/,2
C:/Projects/studyhub/output/수택동영어과외/index.html,/수택동영어과외/,2
C:/Projects/studyhub/output/수택동중등과외/index.html,/수택동중등과외/,2
C:/Projects/studyhub/output/수택동중등수학과외/index.html,/수택동중등수학과외/,1
C:/Projects/studyhub/output/수택동중등영어과외/index.html,/수택동중등영어과외/,1
C:/Projects/studyhub/output/수택동초등과외/index.html,/수택동초등과외/,2
C:/Projects/studyhub/output/수택동초등수학과외/index.html,/수택동초등수학과외/,1
C:/Projects/studyhub/output/수택동초등영어과외/index.html,/수택동초등영어과외/,1
C:/Projects/studyhub/output/수학과외/index.html,/수학과외/,1
C:/Projects/studyhub/output/시지동고등과외/index.html,/시지동고등과외/,1
C:/Projects/studyhub/output/시지동고등수학과외/index.html,/시지동고등수학과외/,1
C:/Projects/studyhub/output/시지동고등영어과외/index.html,/시지동고등영어과외/,1
C:/Projects/studyhub/output/시지동과외/index.html,/시지동과외/,2
C:/Projects/studyhub/output/시지동수학과외/index.html,/시지동수학과외/,2
C:/Projects/studyhub/output/시지동영어과외/index.html,/시지동영어과외/,2
C:/Projects/studyhub/output/시지동중등과외/index.html,/시지동중등과외/,2
C:/Projects/studyhub/output/시지동중등수학과외/index.html,/시지동중등수학과외/,1
C:/Projects/studyhub/output/시지동중등영어과외/index.html,/시지동중등영어과외/,1
C:/Projects/studyhub/output/시지동초등과외/index.html,/시지동초등과외/,2
C:/Projects/studyhub/output/시지동초등수학과외/index.html,/시지동초등수학과외/,1
C:/Projects/studyhub/output/시지동초등영어과외/index.html,/시지동초등영어과외/,1
C:/Projects/studyhub/output/시흥고등과외/index.html,/시흥고등과외/,1
C:/Projects/studyhub/output/시흥고등수학과외/index.html,/시흥고등수학과외/,1
C:/Projects/studyhub/output/시흥고등영어과외/index.html,/시흥고등영어과외/,1
C:/Projects/studyhub/output/시흥과외/index.html,/시흥과외/,2
C:/Projects/studyhub/output/시흥동고등과외/index.html,/시흥동고등과외/,1
C:/Projects/studyhub/output/시흥동고등수학과외/index.html,/시흥동고등수학과외/,1
C:/Projects/studyhub/output/시흥동고등영어과외/index.html,/시흥동고등영어과외/,1
C:/Projects/studyhub/output/시흥동과외/index.html,/시흥동과외/,2
C:/Projects/studyhub/output/시흥동수학과외/index.html,/시흥동수학과외/,2
C:/Projects/studyhub/output/시흥동영어과외/index.html,/시흥동영어과외/,2
C:/Projects/studyhub/output/시흥동중등과외/index.html,/시흥동중등과외/,2
C:/Projects/studyhub/output/시흥동중등수학과외/index.html,/시흥동중등수학과외/,1
C:/Projects/studyhub/output/시흥동중등영어과외/index.html,/시흥동중등영어과외/,1
C:/Projects/studyhub/output/시흥동초등과외/index.html,/시흥동초등과외/,2
C:/Projects/studyhub/output/시흥동초등수학과외/index.html,/시흥동초등수학과외/,1
C:/Projects/studyhub/output/시흥동초등영어과외/index.html,/시흥동초등영어과외/,1
C:/Projects/studyhub/output/시흥수학과외/index.html,/시흥수학과외/,2
C:/Projects/studyhub/output/시흥영어과외/index.html,/시흥영어과외/,2
C:/Projects/studyhub/output/시흥중등과외/index.html,/시흥중등과외/,2
C:/Projects/studyhub/output/시흥중등수학과외/index.html,/시흥중등수학과외/,1
C:/Projects/studyhub/output/시흥중등영어과외/index.html,/시흥중등영어과외/,1
C:/Projects/studyhub/output/시흥초등과외/index.html,/시흥초등과외/,2
C:/Projects/studyhub/output/시흥초등수학과외/index.html,/시흥초등수학과외/,1
C:/Projects/studyhub/output/시흥초등영어과외/index.html,/시흥초등영어과외/,1
C:/Projects/studyhub/output/식사동고등과외/index.html,/식사동고등과외/,1
C:/Projects/studyhub/output/식사동고등수학과외/index.html,/식사동고등수학과외/,1
C:/Projects/studyhub/output/식사동고등영어과외/index.html,/식사동고등영어과외/,1
C:/Projects/studyhub/output/식사동과외/index.html,/식사동과외/,2
C:/Projects/studyhub/output/식사동수학과외/index.html,/식사동수학과외/,2
C:/Projects/studyhub/output/식사동영어과외/index.html,/식사동영어과외/,2
C:/Projects/studyhub/output/식사동중등과외/index.html,/식사동중등과외/,2
C:/Projects/studyhub/output/식사동중등수학과외/index.html,/식사동중등수학과외/,1
C:/Projects/studyhub/output/식사동중등영어과외/index.html,/식사동중등영어과외/,1
C:/Projects/studyhub/output/식사동초등과외/index.html,/식사동초등과외/,2
C:/Projects/studyhub/output/식사동초등수학과외/index.html,/식사동초등수학과외/,1
C:/Projects/studyhub/output/식사동초등영어과외/index.html,/식사동초등영어과외/,1
C:/Projects/studyhub/output/신가동고등과외/index.html,/신가동고등과외/,1
C:/Projects/studyhub/output/신가동고등수학과외/index.html,/신가동고등수학과외/,1
C:/Projects/studyhub/output/신가동고등영어과외/index.html,/신가동고등영어과외/,1
C:/Projects/studyhub/output/신가동과외/index.html,/신가동과외/,2
C:/Projects/studyhub/output/신가동수학과외/index.html,/신가동수학과외/,2
C:/Projects/studyhub/output/신가동영어과외/index.html,/신가동영어과외/,2
C:/Projects/studyhub/output/신가동중등과외/index.html,/신가동중등과외/,2
C:/Projects/studyhub/output/신가동중등수학과외/index.html,/신가동중등수학과외/,1
C:/Projects/studyhub/output/신가동중등영어과외/index.html,/신가동중등영어과외/,1
C:/Projects/studyhub/output/신가동초등과외/index.html,/신가동초등과외/,2
C:/Projects/studyhub/output/신가동초등수학과외/index.html,/신가동초등수학과외/,1
C:/Projects/studyhub/output/신가동초등영어과외/index.html,/신가동초등영어과외/,1
C:/Projects/studyhub/output/신갈동고등과외/index.html,/신갈동고등과외/,1
C:/Projects/studyhub/output/신갈동고등수학과외/index.html,/신갈동고등수학과외/,1
C:/Projects/studyhub/output/신갈동고등영어과외/index.html,/신갈동고등영어과외/,1
C:/Projects/studyhub/output/신갈동과외/index.html,/신갈동과외/,2
C:/Projects/studyhub/output/신갈동수학과외/index.html,/신갈동수학과외/,2
C:/Projects/studyhub/output/신갈동영어과외/index.html,/신갈동영어과외/,2
C:/Projects/studyhub/output/신갈동중등과외/index.html,/신갈동중등과외/,2
C:/Projects/studyhub/output/신갈동중등수학과외/index.html,/신갈동중등수학과외/,1
C:/Projects/studyhub/output/신갈동중등영어과외/index.html,/신갈동중등영어과외/,1
C:/Projects/studyhub/output/신갈동초등과외/index.html,/신갈동초등과외/,2
C:/Projects/studyhub/output/신갈동초등수학과외/index.html,/신갈동초등수학과외/,1
C:/Projects/studyhub/output/신갈동초등영어과외/index.html,/신갈동초등영어과외/,1
C:/Projects/studyhub/output/신곡동고등과외/index.html,/신곡동고등과외/,1
C:/Projects/studyhub/output/신곡동고등수학과외/index.html,/신곡동고등수학과외/,1
C:/Projects/studyhub/output/신곡동고등영어과외/index.html,/신곡동고등영어과외/,1
C:/Projects/studyhub/output/신곡동과외/index.html,/신곡동과외/,2
C:/Projects/studyhub/output/신곡동수학과외/index.html,/신곡동수학과외/,2
C:/Projects/studyhub/output/신곡동영어과외/index.html,/신곡동영어과외/,2
C:/Projects/studyhub/output/신곡동중등과외/index.html,/신곡동중등과외/,2
C:/Projects/studyhub/output/신곡동중등수학과외/index.html,/신곡동중등수학과외/,1
C:/Projects/studyhub/output/신곡동중등영어과외/index.html,/신곡동중등영어과외/,1
C:/Projects/studyhub/output/신곡동초등과외/index.html,/신곡동초등과외/,2
C:/Projects/studyhub/output/신곡동초등수학과외/index.html,/신곡동초등수학과외/,1
C:/Projects/studyhub/output/신곡동초등영어과외/index.html,/신곡동초등영어과외/,1
C:/Projects/studyhub/output/신기동고등과외/index.html,/신기동고등과외/,1
C:/Projects/studyhub/output/신기동고등수학과외/index.html,/신기동고등수학과외/,1
C:/Projects/studyhub/output/신기동고등영어과외/index.html,/신기동고등영어과외/,1
C:/Projects/studyhub/output/신기동과외/index.html,/신기동과외/,2
C:/Projects/studyhub/output/신기동수학과외/index.html,/신기동수학과외/,2
C:/Projects/studyhub/output/신기동영어과외/index.html,/신기동영어과외/,2
C:/Projects/studyhub/output/신기동중등과외/index.html,/신기동중등과외/,2
C:/Projects/studyhub/output/신기동중등수학과외/index.html,/신기동중등수학과외/,1
C:/Projects/studyhub/output/신기동중등영어과외/index.html,/신기동중등영어과외/,1
C:/Projects/studyhub/output/신기동초등과외/index.html,/신기동초등과외/,2
C:/Projects/studyhub/output/신기동초등수학과외/index.html,/신기동초등수학과외/,1
C:/Projects/studyhub/output/신기동초등영어과외/index.html,/신기동초등영어과외/,1
C:/Projects/studyhub/output/신길동고등과외/index.html,/신길동고등과외/,1
C:/Projects/studyhub/output/신길동고등수학과외/index.html,/신길동고등수학과외/,1
C:/Projects/studyhub/output/신길동고등영어과외/index.html,/신길동고등영어과외/,1
C:/Projects/studyhub/output/신길동과외/index.html,/신길동과외/,2
C:/Projects/studyhub/output/신길동수학과외/index.html,/신길동수학과외/,2
C:/Projects/studyhub/output/신길동영어과외/index.html,/신길동영어과외/,2
C:/Projects/studyhub/output/신길동중등과외/index.html,/신길동중등과외/,2
C:/Projects/studyhub/output/신길동중등수학과외/index.html,/신길동중등수학과외/,1
C:/Projects/studyhub/output/신길동중등영어과외/index.html,/신길동중등영어과외/,1
C:/Projects/studyhub/output/신길동초등과외/index.html,/신길동초등과외/,2
C:/Projects/studyhub/output/신길동초등수학과외/index.html,/신길동초등수학과외/,1
C:/Projects/studyhub/output/신길동초등영어과외/index.html,/신길동초등영어과외/,1
C:/Projects/studyhub/output/신내동고등과외/index.html,/신내동고등과외/,1
C:/Projects/studyhub/output/신내동고등수학과외/index.html,/신내동고등수학과외/,1
C:/Projects/studyhub/output/신내동고등영어과외/index.html,/신내동고등영어과외/,1
C:/Projects/studyhub/output/신내동과외/index.html,/신내동과외/,2
C:/Projects/studyhub/output/신내동수학과외/index.html,/신내동수학과외/,2
C:/Projects/studyhub/output/신내동영어과외/index.html,/신내동영어과외/,2
C:/Projects/studyhub/output/신내동중등과외/index.html,/신내동중등과외/,2
C:/Projects/studyhub/output/신내동중등수학과외/index.html,/신내동중등수학과외/,1
C:/Projects/studyhub/output/신내동중등영어과외/index.html,/신내동중등영어과외/,1
C:/Projects/studyhub/output/신내동초등과외/index.html,/신내동초등과외/,2
C:/Projects/studyhub/output/신내동초등수학과외/index.html,/신내동초등수학과외/,1
C:/Projects/studyhub/output/신내동초등영어과외/index.html,/신내동초등영어과외/,1
C:/Projects/studyhub/output/신대방고등과외/index.html,/신대방고등과외/,1
C:/Projects/studyhub/output/신대방고등수학과외/index.html,/신대방고등수학과외/,1
C:/Projects/studyhub/output/신대방고등영어과외/index.html,/신대방고등영어과외/,1
C:/Projects/studyhub/output/신대방과외/index.html,/신대방과외/,2
C:/Projects/studyhub/output/신대방수학과외/index.html,/신대방수학과외/,2
C:/Projects/studyhub/output/신대방영어과외/index.html,/신대방영어과외/,2
C:/Projects/studyhub/output/신대방중등과외/index.html,/신대방중등과외/,2
C:/Projects/studyhub/output/신대방중등수학과외/index.html,/신대방중등수학과외/,1
C:/Projects/studyhub/output/신대방중등영어과외/index.html,/신대방중등영어과외/,1
C:/Projects/studyhub/output/신대방초등과외/index.html,/신대방초등과외/,2
C:/Projects/studyhub/output/신대방초등수학과외/index.html,/신대방초등수학과외/,1
C:/Projects/studyhub/output/신대방초등영어과외/index.html,/신대방초등영어과외/,1
C:/Projects/studyhub/output/신도림고등과외/index.html,/신도림고등과외/,1
C:/Projects/studyhub/output/신도림고등수학과외/index.html,/신도림고등수학과외/,1
C:/Projects/studyhub/output/신도림고등영어과외/index.html,/신도림고등영어과외/,1
C:/Projects/studyhub/output/신도림과외/index.html,/신도림과외/,2
C:/Projects/studyhub/output/신도림수학과외/index.html,/신도림수학과외/,2
C:/Projects/studyhub/output/신도림영어과외/index.html,/신도림영어과외/,2
C:/Projects/studyhub/output/신도림중등과외/index.html,/신도림중등과외/,2
C:/Projects/studyhub/output/신도림중등수학과외/index.html,/신도림중등수학과외/,1
C:/Projects/studyhub/output/신도림중등영어과외/index.html,/신도림중등영어과외/,1
C:/Projects/studyhub/output/신도림초등과외/index.html,/신도림초등과외/,2
C:/Projects/studyhub/output/신도림초등수학과외/index.html,/신도림초등수학과외/,1
C:/Projects/studyhub/output/신도림초등영어과외/index.html,/신도림초등영어과외/,1
C:/Projects/studyhub/output/신림동고등과외/index.html,/신림동고등과외/,1
C:/Projects/studyhub/output/신림동고등수학과외/index.html,/신림동고등수학과외/,1
C:/Projects/studyhub/output/신림동고등영어과외/index.html,/신림동고등영어과외/,1
C:/Projects/studyhub/output/신림동과외/index.html,/신림동과외/,2
C:/Projects/studyhub/output/신림동수학과외/index.html,/신림동수학과외/,2
C:/Projects/studyhub/output/신림동영어과외/index.html,/신림동영어과외/,2
C:/Projects/studyhub/output/신림동중등과외/index.html,/신림동중등과외/,2
C:/Projects/studyhub/output/신림동중등수학과외/index.html,/신림동중등수학과외/,1
C:/Projects/studyhub/output/신림동중등영어과외/index.html,/신림동중등영어과외/,1
C:/Projects/studyhub/output/신림동초등과외/index.html,/신림동초등과외/,2
C:/Projects/studyhub/output/신림동초등수학과외/index.html,/신림동초등수학과외/,1
C:/Projects/studyhub/output/신림동초등영어과외/index.html,/신림동초등영어과외/,1
C:/Projects/studyhub/output/신매동고등과외/index.html,/신매동고등과외/,1
C:/Projects/studyhub/output/신매동고등수학과외/index.html,/신매동고등수학과외/,1
C:/Projects/studyhub/output/신매동고등영어과외/index.html,/신매동고등영어과외/,1
C:/Projects/studyhub/output/신매동과외/index.html,/신매동과외/,2
C:/Projects/studyhub/output/신매동수학과외/index.html,/신매동수학과외/,2
C:/Projects/studyhub/output/신매동영어과외/index.html,/신매동영어과외/,2
C:/Projects/studyhub/output/신매동중등과외/index.html,/신매동중등과외/,2
C:/Projects/studyhub/output/신매동중등수학과외/index.html,/신매동중등수학과외/,1
C:/Projects/studyhub/output/신매동중등영어과외/index.html,/신매동중등영어과외/,1
C:/Projects/studyhub/output/신매동초등과외/index.html,/신매동초등과외/,2
C:/Projects/studyhub/output/신매동초등수학과외/index.html,/신매동초등수학과외/,1
C:/Projects/studyhub/output/신매동초등영어과외/index.html,/신매동초등영어과외/,1
C:/Projects/studyhub/output/신방동고등과외/index.html,/신방동고등과외/,1
C:/Projects/studyhub/output/신방동고등수학과외/index.html,/신방동고등수학과외/,1
C:/Projects/studyhub/output/신방동고등영어과외/index.html,/신방동고등영어과외/,1
C:/Projects/studyhub/output/신방동과외/index.html,/신방동과외/,2
C:/Projects/studyhub/output/신방동수학과외/index.html,/신방동수학과외/,2
C:/Projects/studyhub/output/신방동영어과외/index.html,/신방동영어과외/,2
C:/Projects/studyhub/output/신방동중등과외/index.html,/신방동중등과외/,2
C:/Projects/studyhub/output/신방동중등수학과외/index.html,/신방동중등수학과외/,1
C:/Projects/studyhub/output/신방동중등영어과외/index.html,/신방동중등영어과외/,1
C:/Projects/studyhub/output/신방동초등과외/index.html,/신방동초등과외/,2
C:/Projects/studyhub/output/신방동초등수학과외/index.html,/신방동초등수학과외/,1
C:/Projects/studyhub/output/신방동초등영어과외/index.html,/신방동초등영어과외/,1
C:/Projects/studyhub/output/신봉동고등과외/index.html,/신봉동고등과외/,1
C:/Projects/studyhub/output/신봉동고등수학과외/index.html,/신봉동고등수학과외/,1
C:/Projects/studyhub/output/신봉동고등영어과외/index.html,/신봉동고등영어과외/,1
C:/Projects/studyhub/output/신봉동과외/index.html,/신봉동과외/,2
C:/Projects/studyhub/output/신봉동수학과외/index.html,/신봉동수학과외/,2
C:/Projects/studyhub/output/신봉동영어과외/index.html,/신봉동영어과외/,2
C:/Projects/studyhub/output/신봉동중등과외/index.html,/신봉동중등과외/,2
C:/Projects/studyhub/output/신봉동중등수학과외/index.html,/신봉동중등수학과외/,1
C:/Projects/studyhub/output/신봉동중등영어과외/index.html,/신봉동중등영어과외/,1
C:/Projects/studyhub/output/신봉동초등과외/index.html,/신봉동초등과외/,2
C:/Projects/studyhub/output/신봉동초등수학과외/index.html,/신봉동초등수학과외/,1
C:/Projects/studyhub/output/신봉동초등영어과외/index.html,/신봉동초등영어과외/,1
C:/Projects/studyhub/output/신부동고등과외/index.html,/신부동고등과외/,1
C:/Projects/studyhub/output/신부동고등수학과외/index.html,/신부동고등수학과외/,1
C:/Projects/studyhub/output/신부동고등영어과외/index.html,/신부동고등영어과외/,1
C:/Projects/studyhub/output/신부동과외/index.html,/신부동과외/,2
C:/Projects/studyhub/output/신부동수학과외/index.html,/신부동수학과외/,2
C:/Projects/studyhub/output/신부동영어과외/index.html,/신부동영어과외/,2
C:/Projects/studyhub/output/신부동중등과외/index.html,/신부동중등과외/,2
C:/Projects/studyhub/output/신부동중등수학과외/index.html,/신부동중등수학과외/,1
C:/Projects/studyhub/output/신부동중등영어과외/index.html,/신부동중등영어과외/,1
C:/Projects/studyhub/output/신부동초등과외/index.html,/신부동초등과외/,2
C:/Projects/studyhub/output/신부동초등수학과외/index.html,/신부동초등수학과외/,1
C:/Projects/studyhub/output/신부동초등영어과외/index.html,/신부동초등영어과외/,1
C:/Projects/studyhub/output/신사동고등과외/index.html,/신사동고등과외/,1
C:/Projects/studyhub/output/신사동고등수학과외/index.html,/신사동고등수학과외/,1
C:/Projects/studyhub/output/신사동고등영어과외/index.html,/신사동고등영어과외/,1
C:/Projects/studyhub/output/신사동과외/index.html,/신사동과외/,2
C:/Projects/studyhub/output/신사동수학과외/index.html,/신사동수학과외/,2
C:/Projects/studyhub/output/신사동영어과외/index.html,/신사동영어과외/,2
C:/Projects/studyhub/output/신사동중등과외/index.html,/신사동중등과외/,2
C:/Projects/studyhub/output/신사동중등수학과외/index.html,/신사동중등수학과외/,1
C:/Projects/studyhub/output/신사동중등영어과외/index.html,/신사동중등영어과외/,1
C:/Projects/studyhub/output/신사동초등과외/index.html,/신사동초등과외/,2
C:/Projects/studyhub/output/신사동초등수학과외/index.html,/신사동초등수학과외/,1
C:/Projects/studyhub/output/신사동초등영어과외/index.html,/신사동초등영어과외/,1
C:/Projects/studyhub/output/신서동고등과외/index.html,/신서동고등과외/,1
C:/Projects/studyhub/output/신서동고등수학과외/index.html,/신서동고등수학과외/,1
C:/Projects/studyhub/output/신서동고등영어과외/index.html,/신서동고등영어과외/,1
C:/Projects/studyhub/output/신서동과외/index.html,/신서동과외/,2
C:/Projects/studyhub/output/신서동수학과외/index.html,/신서동수학과외/,2
C:/Projects/studyhub/output/신서동영어과외/index.html,/신서동영어과외/,2
C:/Projects/studyhub/output/신서동중등과외/index.html,/신서동중등과외/,2
C:/Projects/studyhub/output/신서동중등수학과외/index.html,/신서동중등수학과외/,1
C:/Projects/studyhub/output/신서동중등영어과외/index.html,/신서동중등영어과외/,1
C:/Projects/studyhub/output/신서동초등과외/index.html,/신서동초등과외/,2
C:/Projects/studyhub/output/신서동초등수학과외/index.html,/신서동초등수학과외/,1
C:/Projects/studyhub/output/신서동초등영어과외/index.html,/신서동초등영어과외/,1
C:/Projects/studyhub/output/신설동고등과외/index.html,/신설동고등과외/,1
C:/Projects/studyhub/output/신설동고등수학과외/index.html,/신설동고등수학과외/,1
C:/Projects/studyhub/output/신설동고등영어과외/index.html,/신설동고등영어과외/,1
C:/Projects/studyhub/output/신설동과외/index.html,/신설동과외/,2
C:/Projects/studyhub/output/신설동수학과외/index.html,/신설동수학과외/,2
C:/Projects/studyhub/output/신설동영어과외/index.html,/신설동영어과외/,2
C:/Projects/studyhub/output/신설동중등과외/index.html,/신설동중등과외/,2
C:/Projects/studyhub/output/신설동중등수학과외/index.html,/신설동중등수학과외/,1
C:/Projects/studyhub/output/신설동중등영어과외/index.html,/신설동중등영어과외/,1
C:/Projects/studyhub/output/신설동초등과외/index.html,/신설동초등과외/,2
C:/Projects/studyhub/output/신설동초등수학과외/index.html,/신설동초등수학과외/,1
C:/Projects/studyhub/output/신설동초등영어과외/index.html,/신설동초등영어과외/,1
C:/Projects/studyhub/output/신수동고등과외/index.html,/신수동고등과외/,1
C:/Projects/studyhub/output/신수동고등수학과외/index.html,/신수동고등수학과외/,1
C:/Projects/studyhub/output/신수동고등영어과외/index.html,/신수동고등영어과외/,1
C:/Projects/studyhub/output/신수동과외/index.html,/신수동과외/,2
C:/Projects/studyhub/output/신수동수학과외/index.html,/신수동수학과외/,2
C:/Projects/studyhub/output/신수동영어과외/index.html,/신수동영어과외/,2
C:/Projects/studyhub/output/신수동중등과외/index.html,/신수동중등과외/,2
C:/Projects/studyhub/output/신수동중등수학과외/index.html,/신수동중등수학과외/,1
C:/Projects/studyhub/output/신수동중등영어과외/index.html,/신수동중등영어과외/,1
C:/Projects/studyhub/output/신수동초등과외/index.html,/신수동초등과외/,2
C:/Projects/studyhub/output/신수동초등수학과외/index.html,/신수동초등수학과외/,1
C:/Projects/studyhub/output/신수동초등영어과외/index.html,/신수동초등영어과외/,1
C:/Projects/studyhub/output/신암동고등과외/index.html,/신암동고등과외/,1
C:/Projects/studyhub/output/신암동고등수학과외/index.html,/신암동고등수학과외/,1
C:/Projects/studyhub/output/신암동고등영어과외/index.html,/신암동고등영어과외/,1
C:/Projects/studyhub/output/신암동과외/index.html,/신암동과외/,2
C:/Projects/studyhub/output/신암동수학과외/index.html,/신암동수학과외/,2
C:/Projects/studyhub/output/신암동영어과외/index.html,/신암동영어과외/,2
C:/Projects/studyhub/output/신암동중등과외/index.html,/신암동중등과외/,2
C:/Projects/studyhub/output/신암동중등수학과외/index.html,/신암동중등수학과외/,1
C:/Projects/studyhub/output/신암동중등영어과외/index.html,/신암동중등영어과외/,1
C:/Projects/studyhub/output/신암동초등과외/index.html,/신암동초등과외/,2
C:/Projects/studyhub/output/신암동초등수학과외/index.html,/신암동초등수학과외/,1
C:/Projects/studyhub/output/신암동초등영어과외/index.html,/신암동초등영어과외/,1
C:/Projects/studyhub/output/신용동고등과외/index.html,/신용동고등과외/,1
C:/Projects/studyhub/output/신용동고등수학과외/index.html,/신용동고등수학과외/,1
C:/Projects/studyhub/output/신용동고등영어과외/index.html,/신용동고등영어과외/,1
C:/Projects/studyhub/output/신용동과외/index.html,/신용동과외/,2
C:/Projects/studyhub/output/신용동수학과외/index.html,/신용동수학과외/,2
C:/Projects/studyhub/output/신용동영어과외/index.html,/신용동영어과외/,2
C:/Projects/studyhub/output/신용동중등과외/index.html,/신용동중등과외/,2
C:/Projects/studyhub/output/신용동중등수학과외/index.html,/신용동중등수학과외/,1
C:/Projects/studyhub/output/신용동중등영어과외/index.html,/신용동중등영어과외/,1
C:/Projects/studyhub/output/신용동초등과외/index.html,/신용동초등과외/,2
C:/Projects/studyhub/output/신용동초등수학과외/index.html,/신용동초등수학과외/,1
C:/Projects/studyhub/output/신용동초등영어과외/index.html,/신용동초등영어과외/,1
C:/Projects/studyhub/output/신원동고등과외/index.html,/신원동고등과외/,1
C:/Projects/studyhub/output/신원동고등수학과외/index.html,/신원동고등수학과외/,1
C:/Projects/studyhub/output/신원동고등영어과외/index.html,/신원동고등영어과외/,1
C:/Projects/studyhub/output/신원동과외/index.html,/신원동과외/,2
C:/Projects/studyhub/output/신원동수학과외/index.html,/신원동수학과외/,2
C:/Projects/studyhub/output/신원동영어과외/index.html,/신원동영어과외/,2
C:/Projects/studyhub/output/신원동중등과외/index.html,/신원동중등과외/,2
C:/Projects/studyhub/output/신원동중등수학과외/index.html,/신원동중등수학과외/,1
C:/Projects/studyhub/output/신원동중등영어과외/index.html,/신원동중등영어과외/,1
C:/Projects/studyhub/output/신원동초등과외/index.html,/신원동초등과외/,2
C:/Projects/studyhub/output/신원동초등수학과외/index.html,/신원동초등수학과외/,1
C:/Projects/studyhub/output/신원동초등영어과외/index.html,/신원동초등영어과외/,1
C:/Projects/studyhub/output/신월동고등과외/index.html,/신월동고등과외/,1
C:/Projects/studyhub/output/신월동고등수학과외/index.html,/신월동고등수학과외/,1
C:/Projects/studyhub/output/신월동고등영어과외/index.html,/신월동고등영어과외/,1
C:/Projects/studyhub/output/신월동과외/index.html,/신월동과외/,2
C:/Projects/studyhub/output/신월동수학과외/index.html,/신월동수학과외/,2
C:/Projects/studyhub/output/신월동영어과외/index.html,/신월동영어과외/,2
C:/Projects/studyhub/output/신월동중등과외/index.html,/신월동중등과외/,2
C:/Projects/studyhub/output/신월동중등수학과외/index.html,/신월동중등수학과외/,1
C:/Projects/studyhub/output/신월동중등영어과외/index.html,/신월동중등영어과외/,1
C:/Projects/studyhub/output/신월동초등과외/index.html,/신월동초등과외/,2
C:/Projects/studyhub/output/신월동초등수학과외/index.html,/신월동초등수학과외/,1
C:/Projects/studyhub/output/신월동초등영어과외/index.html,/신월동초등영어과외/,1
C:/Projects/studyhub/output/신장동고등과외/index.html,/신장동고등과외/,1
C:/Projects/studyhub/output/신장동고등수학과외/index.html,/신장동고등수학과외/,1
C:/Projects/studyhub/output/신장동고등영어과외/index.html,/신장동고등영어과외/,1
C:/Projects/studyhub/output/신장동과외/index.html,/신장동과외/,2
C:/Projects/studyhub/output/신장동수학과외/index.html,/신장동수학과외/,2
C:/Projects/studyhub/output/신장동영어과외/index.html,/신장동영어과외/,2
C:/Projects/studyhub/output/신장동중등과외/index.html,/신장동중등과외/,2
C:/Projects/studyhub/output/신장동중등수학과외/index.html,/신장동중등수학과외/,1
C:/Projects/studyhub/output/신장동중등영어과외/index.html,/신장동중등영어과외/,1
C:/Projects/studyhub/output/신장동초등과외/index.html,/신장동초등과외/,2
C:/Projects/studyhub/output/신장동초등수학과외/index.html,/신장동초등수학과외/,1
C:/Projects/studyhub/output/신장동초등영어과외/index.html,/신장동초등영어과외/,1
C:/Projects/studyhub/output/신정동고등과외/index.html,/신정동고등과외/,1
C:/Projects/studyhub/output/신정동고등수학과외/index.html,/신정동고등수학과외/,1
C:/Projects/studyhub/output/신정동고등영어과외/index.html,/신정동고등영어과외/,1
C:/Projects/studyhub/output/신정동과외/index.html,/신정동과외/,2
C:/Projects/studyhub/output/신정동수학과외/index.html,/신정동수학과외/,2
C:/Projects/studyhub/output/신정동영어과외/index.html,/신정동영어과외/,2
C:/Projects/studyhub/output/신정동중등과외/index.html,/신정동중등과외/,2
C:/Projects/studyhub/output/신정동중등수학과외/index.html,/신정동중등수학과외/,1
C:/Projects/studyhub/output/신정동중등영어과외/index.html,/신정동중등영어과외/,1
C:/Projects/studyhub/output/신정동초등과외/index.html,/신정동초등과외/,2
C:/Projects/studyhub/output/신정동초등수학과외/index.html,/신정동초등수학과외/,1
C:/Projects/studyhub/output/신정동초등영어과외/index.html,/신정동초등영어과외/,1
C:/Projects/studyhub/output/신창동고등과외/index.html,/신창동고등과외/,1
C:/Projects/studyhub/output/신창동고등수학과외/index.html,/신창동고등수학과외/,1
C:/Projects/studyhub/output/신창동고등영어과외/index.html,/신창동고등영어과외/,1
C:/Projects/studyhub/output/신창동과외/index.html,/신창동과외/,2
C:/Projects/studyhub/output/신창동수학과외/index.html,/신창동수학과외/,2
C:/Projects/studyhub/output/신창동영어과외/index.html,/신창동영어과외/,2
C:/Projects/studyhub/output/신창동중등과외/index.html,/신창동중등과외/,2
C:/Projects/studyhub/output/신창동중등수학과외/index.html,/신창동중등수학과외/,1
C:/Projects/studyhub/output/신창동중등영어과외/index.html,/신창동중등영어과외/,1
C:/Projects/studyhub/output/신창동초등과외/index.html,/신창동초등과외/,2
C:/Projects/studyhub/output/신창동초등수학과외/index.html,/신창동초등수학과외/,1
C:/Projects/studyhub/output/신창동초등영어과외/index.html,/신창동초등영어과외/,1
C:/Projects/studyhub/output/신천동고등과외/index.html,/신천동고등과외/,1
C:/Projects/studyhub/output/신천동고등수학과외/index.html,/신천동고등수학과외/,1
C:/Projects/studyhub/output/신천동고등영어과외/index.html,/신천동고등영어과외/,1
C:/Projects/studyhub/output/신천동과외/index.html,/신천동과외/,2
C:/Projects/studyhub/output/신천동수학과외/index.html,/신천동수학과외/,2
C:/Projects/studyhub/output/신천동영어과외/index.html,/신천동영어과외/,2
C:/Projects/studyhub/output/신천동중등과외/index.html,/신천동중등과외/,2
C:/Projects/studyhub/output/신천동중등수학과외/index.html,/신천동중등수학과외/,1
C:/Projects/studyhub/output/신천동중등영어과외/index.html,/신천동중등영어과외/,1
C:/Projects/studyhub/output/신천동초등과외/index.html,/신천동초등과외/,2
C:/Projects/studyhub/output/신천동초등수학과외/index.html,/신천동초등수학과외/,1
C:/Projects/studyhub/output/신천동초등영어과외/index.html,/신천동초등영어과외/,1
C:/Projects/studyhub/output/신탄진동고등과외/index.html,/신탄진동고등과외/,1
C:/Projects/studyhub/output/신탄진동고등수학과외/index.html,/신탄진동고등수학과외/,1
C:/Projects/studyhub/output/신탄진동고등영어과외/index.html,/신탄진동고등영어과외/,1
C:/Projects/studyhub/output/신탄진동과외/index.html,/신탄진동과외/,2
C:/Projects/studyhub/output/신탄진동수학과외/index.html,/신탄진동수학과외/,2
C:/Projects/studyhub/output/신탄진동영어과외/index.html,/신탄진동영어과외/,2
C:/Projects/studyhub/output/신탄진동중등과외/index.html,/신탄진동중등과외/,2
C:/Projects/studyhub/output/신탄진동중등수학과외/index.html,/신탄진동중등수학과외/,1
C:/Projects/studyhub/output/신탄진동중등영어과외/index.html,/신탄진동중등영어과외/,1
C:/Projects/studyhub/output/신탄진동초등과외/index.html,/신탄진동초등과외/,2
C:/Projects/studyhub/output/신탄진동초등수학과외/index.html,/신탄진동초등수학과외/,1
C:/Projects/studyhub/output/신탄진동초등영어과외/index.html,/신탄진동초등영어과외/,1
C:/Projects/studyhub/output/신흥동고등과외/index.html,/신흥동고등과외/,1
C:/Projects/studyhub/output/신흥동고등수학과외/index.html,/신흥동고등수학과외/,1
C:/Projects/studyhub/output/신흥동고등영어과외/index.html,/신흥동고등영어과외/,1
C:/Projects/studyhub/output/신흥동과외/index.html,/신흥동과외/,2
C:/Projects/studyhub/output/신흥동수학과외/index.html,/신흥동수학과외/,2
C:/Projects/studyhub/output/신흥동영어과외/index.html,/신흥동영어과외/,2
C:/Projects/studyhub/output/신흥동중등과외/index.html,/신흥동중등과외/,2
C:/Projects/studyhub/output/신흥동중등수학과외/index.html,/신흥동중등수학과외/,1
C:/Projects/studyhub/output/신흥동중등영어과외/index.html,/신흥동중등영어과외/,1
C:/Projects/studyhub/output/신흥동초등과외/index.html,/신흥동초등과외/,2
C:/Projects/studyhub/output/신흥동초등수학과외/index.html,/신흥동초등수학과외/,1
C:/Projects/studyhub/output/신흥동초등영어과외/index.html,/신흥동초등영어과외/,1
C:/Projects/studyhub/output/심곡동고등과외/index.html,/심곡동고등과외/,1
C:/Projects/studyhub/output/심곡동고등수학과외/index.html,/심곡동고등수학과외/,1
C:/Projects/studyhub/output/심곡동고등영어과외/index.html,/심곡동고등영어과외/,1
C:/Projects/studyhub/output/심곡동과외/index.html,/심곡동과외/,2
C:/Projects/studyhub/output/심곡동수학과외/index.html,/심곡동수학과외/,2
C:/Projects/studyhub/output/심곡동영어과외/index.html,/심곡동영어과외/,2
C:/Projects/studyhub/output/심곡동중등과외/index.html,/심곡동중등과외/,2
C:/Projects/studyhub/output/심곡동중등수학과외/index.html,/심곡동중등수학과외/,1
C:/Projects/studyhub/output/심곡동중등영어과외/index.html,/심곡동중등영어과외/,1
C:/Projects/studyhub/output/심곡동초등과외/index.html,/심곡동초등과외/,2
C:/Projects/studyhub/output/심곡동초등수학과외/index.html,/심곡동초등수학과외/,1
C:/Projects/studyhub/output/심곡동초등영어과외/index.html,/심곡동초등영어과외/,1
C:/Projects/studyhub/output/심곡본동고등과외/index.html,/심곡본동고등과외/,1
C:/Projects/studyhub/output/심곡본동고등수학과외/index.html,/심곡본동고등수학과외/,1
C:/Projects/studyhub/output/심곡본동고등영어과외/index.html,/심곡본동고등영어과외/,1
C:/Projects/studyhub/output/심곡본동과외/index.html,/심곡본동과외/,2
C:/Projects/studyhub/output/심곡본동수학과외/index.html,/심곡본동수학과외/,2
C:/Projects/studyhub/output/심곡본동영어과외/index.html,/심곡본동영어과외/,2
C:/Projects/studyhub/output/심곡본동중등과외/index.html,/심곡본동중등과외/,2
C:/Projects/studyhub/output/심곡본동중등수학과외/index.html,/심곡본동중등수학과외/,1
C:/Projects/studyhub/output/심곡본동중등영어과외/index.html,/심곡본동중등영어과외/,1
C:/Projects/studyhub/output/심곡본동초등과외/index.html,/심곡본동초등과외/,2
C:/Projects/studyhub/output/심곡본동초등수학과외/index.html,/심곡본동초등수학과외/,1
C:/Projects/studyhub/output/심곡본동초등영어과외/index.html,/심곡본동초등영어과외/,1
C:/Projects/studyhub/output/쌍령동고등과외/index.html,/쌍령동고등과외/,1
C:/Projects/studyhub/output/쌍령동고등수학과외/index.html,/쌍령동고등수학과외/,1
C:/Projects/studyhub/output/쌍령동고등영어과외/index.html,/쌍령동고등영어과외/,1
C:/Projects/studyhub/output/쌍령동과외/index.html,/쌍령동과외/,2
C:/Projects/studyhub/output/쌍령동수학과외/index.html,/쌍령동수학과외/,2
C:/Projects/studyhub/output/쌍령동영어과외/index.html,/쌍령동영어과외/,2
C:/Projects/studyhub/output/쌍령동중등과외/index.html,/쌍령동중등과외/,2
C:/Projects/studyhub/output/쌍령동중등수학과외/index.html,/쌍령동중등수학과외/,1
C:/Projects/studyhub/output/쌍령동중등영어과외/index.html,/쌍령동중등영어과외/,1
C:/Projects/studyhub/output/쌍령동초등과외/index.html,/쌍령동초등과외/,2
C:/Projects/studyhub/output/쌍령동초등수학과외/index.html,/쌍령동초등수학과외/,1
C:/Projects/studyhub/output/쌍령동초등영어과외/index.html,/쌍령동초등영어과외/,1
C:/Projects/studyhub/output/쌍문동고등수학과외/index.html,/쌍문동고등수학과외/,1
C:/Projects/studyhub/output/쌍문동고등영어과외/index.html,/쌍문동고등영어과외/,1
C:/Projects/studyhub/output/쌍문동과외/index.html,/쌍문동과외/,2
C:/Projects/studyhub/output/쌍문동수학과외/index.html,/쌍문동수학과외/,2
C:/Projects/studyhub/output/쌍문동영어과외/index.html,/쌍문동영어과외/,2
C:/Projects/studyhub/output/쌍문동중등과외/index.html,/쌍문동중등과외/,2
C:/Projects/studyhub/output/쌍문동중등수학과외/index.html,/쌍문동중등수학과외/,1
C:/Projects/studyhub/output/쌍문동중등영어과외/index.html,/쌍문동중등영어과외/,1
C:/Projects/studyhub/output/쌍문동초등과외/index.html,/쌍문동초등과외/,2
C:/Projects/studyhub/output/쌍문동초등수학과외/index.html,/쌍문동초등수학과외/,1
C:/Projects/studyhub/output/쌍문동초등영어과외/index.html,/쌍문동초등영어과외/,1
C:/Projects/studyhub/output/쌍암동고등과외/index.html,/쌍암동고등과외/,1
C:/Projects/studyhub/output/쌍암동고등수학과외/index.html,/쌍암동고등수학과외/,1
C:/Projects/studyhub/output/쌍암동고등영어과외/index.html,/쌍암동고등영어과외/,1
C:/Projects/studyhub/output/쌍암동과외/index.html,/쌍암동과외/,2
C:/Projects/studyhub/output/쌍암동수학과외/index.html,/쌍암동수학과외/,2
C:/Projects/studyhub/output/쌍암동영어과외/index.html,/쌍암동영어과외/,2
C:/Projects/studyhub/output/쌍암동중등과외/index.html,/쌍암동중등과외/,2
C:/Projects/studyhub/output/쌍암동중등수학과외/index.html,/쌍암동중등수학과외/,1
C:/Projects/studyhub/output/쌍암동중등영어과외/index.html,/쌍암동중등영어과외/,1
C:/Projects/studyhub/output/쌍암동초등과외/index.html,/쌍암동초등과외/,2
C:/Projects/studyhub/output/쌍암동초등수학과외/index.html,/쌍암동초등수학과외/,1
C:/Projects/studyhub/output/쌍암동초등영어과외/index.html,/쌍암동초등영어과외/,1
C:/Projects/studyhub/output/쌍용동고등과외/index.html,/쌍용동고등과외/,1
C:/Projects/studyhub/output/쌍용동고등수학과외/index.html,/쌍용동고등수학과외/,1
C:/Projects/studyhub/output/쌍용동고등영어과외/index.html,/쌍용동고등영어과외/,1
C:/Projects/studyhub/output/쌍용동과외/index.html,/쌍용동과외/,2
C:/Projects/studyhub/output/쌍용동수학과외/index.html,/쌍용동수학과외/,2
C:/Projects/studyhub/output/쌍용동영어과외/index.html,/쌍용동영어과외/,2
C:/Projects/studyhub/output/쌍용동중등과외/index.html,/쌍용동중등과외/,2
C:/Projects/studyhub/output/쌍용동중등수학과외/index.html,/쌍용동중등수학과외/,1
C:/Projects/studyhub/output/쌍용동중등영어과외/index.html,/쌍용동중등영어과외/,1
C:/Projects/studyhub/output/쌍용동초등과외/index.html,/쌍용동초등과외/,2
C:/Projects/studyhub/output/쌍용동초등수학과외/index.html,/쌍용동초등수학과외/,1
C:/Projects/studyhub/output/쌍용동초등영어과외/index.html,/쌍용동초등영어과외/,1
C:/Projects/studyhub/output/쌍촌동고등과외/index.html,/쌍촌동고등과외/,1
C:/Projects/studyhub/output/쌍촌동고등수학과외/index.html,/쌍촌동고등수학과외/,1
C:/Projects/studyhub/output/쌍촌동고등영어과외/index.html,/쌍촌동고등영어과외/,1
C:/Projects/studyhub/output/쌍촌동과외/index.html,/쌍촌동과외/,2
C:/Projects/studyhub/output/쌍촌동수학과외/index.html,/쌍촌동수학과외/,2
C:/Projects/studyhub/output/쌍촌동영어과외/index.html,/쌍촌동영어과외/,2
C:/Projects/studyhub/output/쌍촌동중등과외/index.html,/쌍촌동중등과외/,2
C:/Projects/studyhub/output/쌍촌동중등수학과외/index.html,/쌍촌동중등수학과외/,1
C:/Projects/studyhub/output/쌍촌동중등영어과외/index.html,/쌍촌동중등영어과외/,1
C:/Projects/studyhub/output/쌍촌동초등과외/index.html,/쌍촌동초등과외/,2
C:/Projects/studyhub/output/쌍촌동초등수학과외/index.html,/쌍촌동초등수학과외/,1
C:/Projects/studyhub/output/쌍촌동초등영어과외/index.html,/쌍촌동초등영어과외/,1
C:/Projects/studyhub/output/아름동고등과외/index.html,/아름동고등과외/,1
C:/Projects/studyhub/output/아름동고등수학과외/index.html,/아름동고등수학과외/,1
C:/Projects/studyhub/output/아름동고등영어과외/index.html,/아름동고등영어과외/,1
C:/Projects/studyhub/output/아름동과외/index.html,/아름동과외/,2
C:/Projects/studyhub/output/아름동수학과외/index.html,/아름동수학과외/,2
C:/Projects/studyhub/output/아름동영어과외/index.html,/아름동영어과외/,2
C:/Projects/studyhub/output/아름동중등과외/index.html,/아름동중등과외/,2
C:/Projects/studyhub/output/아름동중등수학과외/index.html,/아름동중등수학과외/,1
C:/Projects/studyhub/output/아름동중등영어과외/index.html,/아름동중등영어과외/,1
C:/Projects/studyhub/output/아름동초등과외/index.html,/아름동초등과외/,2
C:/Projects/studyhub/output/아름동초등수학과외/index.html,/아름동초등수학과외/,1
C:/Projects/studyhub/output/아름동초등영어과외/index.html,/아름동초등영어과외/,1
C:/Projects/studyhub/output/아현동고등과외/index.html,/아현동고등과외/,1
C:/Projects/studyhub/output/아현동고등수학과외/index.html,/아현동고등수학과외/,1
C:/Projects/studyhub/output/아현동고등영어과외/index.html,/아현동고등영어과외/,1
C:/Projects/studyhub/output/아현동과외/index.html,/아현동과외/,2
C:/Projects/studyhub/output/아현동수학과외/index.html,/아현동수학과외/,2
C:/Projects/studyhub/output/아현동영어과외/index.html,/아현동영어과외/,2
C:/Projects/studyhub/output/아현동중등과외/index.html,/아현동중등과외/,2
C:/Projects/studyhub/output/아현동중등수학과외/index.html,/아현동중등수학과외/,1
C:/Projects/studyhub/output/아현동중등영어과외/index.html,/아현동중등영어과외/,1
C:/Projects/studyhub/output/아현동초등과외/index.html,/아현동초등과외/,2
C:/Projects/studyhub/output/아현동초등수학과외/index.html,/아현동초등수학과외/,1
C:/Projects/studyhub/output/아현동초등영어과외/index.html,/아현동초등영어과외/,1
C:/Projects/studyhub/output/안림동고등과외/index.html,/안림동고등과외/,1
C:/Projects/studyhub/output/안림동고등수학과외/index.html,/안림동고등수학과외/,1
C:/Projects/studyhub/output/안림동고등영어과외/index.html,/안림동고등영어과외/,1
C:/Projects/studyhub/output/안림동과외/index.html,/안림동과외/,2
C:/Projects/studyhub/output/안림동수학과외/index.html,/안림동수학과외/,2
C:/Projects/studyhub/output/안림동영어과외/index.html,/안림동영어과외/,2
C:/Projects/studyhub/output/안림동중등과외/index.html,/안림동중등과외/,2
C:/Projects/studyhub/output/안림동중등수학과외/index.html,/안림동중등수학과외/,1
C:/Projects/studyhub/output/안림동중등영어과외/index.html,/안림동중등영어과외/,1
C:/Projects/studyhub/output/안림동초등과외/index.html,/안림동초등과외/,2
C:/Projects/studyhub/output/안림동초등수학과외/index.html,/안림동초등수학과외/,1
C:/Projects/studyhub/output/안림동초등영어과외/index.html,/안림동초등영어과외/,1
C:/Projects/studyhub/output/안산고등과외/index.html,/안산고등과외/,1
C:/Projects/studyhub/output/안산고등수학과외/index.html,/안산고등수학과외/,1
C:/Projects/studyhub/output/안산고등영어과외/index.html,/안산고등영어과외/,1
C:/Projects/studyhub/output/안산과외/index.html,/안산과외/,2
C:/Projects/studyhub/output/안산수학과외/index.html,/안산수학과외/,2
C:/Projects/studyhub/output/안산영어과외/index.html,/안산영어과외/,2
C:/Projects/studyhub/output/안산중등과외/index.html,/안산중등과외/,2
C:/Projects/studyhub/output/안산중등수학과외/index.html,/안산중등수학과외/,1
C:/Projects/studyhub/output/안산중등영어과외/index.html,/안산중등영어과외/,1
C:/Projects/studyhub/output/안산초등과외/index.html,/안산초등과외/,2
C:/Projects/studyhub/output/안산초등수학과외/index.html,/안산초등수학과외/,1
C:/Projects/studyhub/output/안산초등영어과외/index.html,/안산초등영어과외/,1
C:/Projects/studyhub/output/안암동고등과외/index.html,/안암동고등과외/,1
C:/Projects/studyhub/output/안암동고등수학과외/index.html,/안암동고등수학과외/,1
C:/Projects/studyhub/output/안암동고등영어과외/index.html,/안암동고등영어과외/,1
C:/Projects/studyhub/output/안암동과외/index.html,/안암동과외/,2
C:/Projects/studyhub/output/안암동수학과외/index.html,/안암동수학과외/,2
C:/Projects/studyhub/output/안암동영어과외/index.html,/안암동영어과외/,2
C:/Projects/studyhub/output/안암동중등과외/index.html,/안암동중등과외/,2
C:/Projects/studyhub/output/안암동중등수학과외/index.html,/안암동중등수학과외/,1
C:/Projects/studyhub/output/안암동중등영어과외/index.html,/안암동중등영어과외/,1
C:/Projects/studyhub/output/안암동초등과외/index.html,/안암동초등과외/,2
C:/Projects/studyhub/output/안암동초등수학과외/index.html,/안암동초등수학과외/,1
C:/Projects/studyhub/output/안암동초등영어과외/index.html,/안암동초등영어과외/,1
C:/Projects/studyhub/output/안양고등과외/index.html,/안양고등과외/,1
C:/Projects/studyhub/output/안양고등수학과외/index.html,/안양고등수학과외/,1
C:/Projects/studyhub/output/안양고등영어과외/index.html,/안양고등영어과외/,1
C:/Projects/studyhub/output/안양과외/index.html,/안양과외/,2
C:/Projects/studyhub/output/안양동고등과외/index.html,/안양동고등과외/,1
C:/Projects/studyhub/output/안양동고등수학과외/index.html,/안양동고등수학과외/,1
C:/Projects/studyhub/output/안양동고등영어과외/index.html,/안양동고등영어과외/,1
C:/Projects/studyhub/output/안양동과외/index.html,/안양동과외/,2
C:/Projects/studyhub/output/안양동수학과외/index.html,/안양동수학과외/,2
C:/Projects/studyhub/output/안양동영어과외/index.html,/안양동영어과외/,2
C:/Projects/studyhub/output/안양동중등과외/index.html,/안양동중등과외/,2
C:/Projects/studyhub/output/안양동중등수학과외/index.html,/안양동중등수학과외/,1
C:/Projects/studyhub/output/안양동중등영어과외/index.html,/안양동중등영어과외/,1
C:/Projects/studyhub/output/안양동초등과외/index.html,/안양동초등과외/,2
C:/Projects/studyhub/output/안양동초등수학과외/index.html,/안양동초등수학과외/,1
C:/Projects/studyhub/output/안양동초등영어과외/index.html,/안양동초등영어과외/,1
C:/Projects/studyhub/output/안양수학과외/index.html,/안양수학과외/,2
C:/Projects/studyhub/output/안양영어과외/index.html,/안양영어과외/,2
C:/Projects/studyhub/output/안양중등과외/index.html,/안양중등과외/,2
C:/Projects/studyhub/output/안양중등수학과외/index.html,/안양중등수학과외/,1
C:/Projects/studyhub/output/안양중등영어과외/index.html,/안양중등영어과외/,1
C:/Projects/studyhub/output/안양초등과외/index.html,/안양초등과외/,2
C:/Projects/studyhub/output/안양초등수학과외/index.html,/안양초등수학과외/,1
C:/Projects/studyhub/output/안양초등영어과외/index.html,/안양초등영어과외/,1
C:/Projects/studyhub/output/암사동고등과외/index.html,/암사동고등과외/,1
C:/Projects/studyhub/output/암사동고등수학과외/index.html,/암사동고등수학과외/,1
C:/Projects/studyhub/output/암사동고등영어과외/index.html,/암사동고등영어과외/,1
C:/Projects/studyhub/output/암사동과외/index.html,/암사동과외/,2
C:/Projects/studyhub/output/암사동수학과외/index.html,/암사동수학과외/,2
C:/Projects/studyhub/output/암사동영어과외/index.html,/암사동영어과외/,2
C:/Projects/studyhub/output/암사동중등과외/index.html,/암사동중등과외/,2
C:/Projects/studyhub/output/암사동중등수학과외/index.html,/암사동중등수학과외/,1
C:/Projects/studyhub/output/암사동중등영어과외/index.html,/암사동중등영어과외/,1
C:/Projects/studyhub/output/암사동초등과외/index.html,/암사동초등과외/,2
C:/Projects/studyhub/output/암사동초등수학과외/index.html,/암사동초등수학과외/,1
C:/Projects/studyhub/output/암사동초등영어과외/index.html,/암사동초등영어과외/,1
C:/Projects/studyhub/output/압구정동고등과외/index.html,/압구정동고등과외/,1
C:/Projects/studyhub/output/압구정동고등수학과외/index.html,/압구정동고등수학과외/,1
C:/Projects/studyhub/output/압구정동고등영어과외/index.html,/압구정동고등영어과외/,1
C:/Projects/studyhub/output/압구정동과외/index.html,/압구정동과외/,2
C:/Projects/studyhub/output/압구정동수학과외/index.html,/압구정동수학과외/,2
C:/Projects/studyhub/output/압구정동영어과외/index.html,/압구정동영어과외/,2
C:/Projects/studyhub/output/압구정동중등과외/index.html,/압구정동중등과외/,2
C:/Projects/studyhub/output/압구정동중등수학과외/index.html,/압구정동중등수학과외/,1
C:/Projects/studyhub/output/압구정동중등영어과외/index.html,/압구정동중등영어과외/,1
C:/Projects/studyhub/output/압구정동초등과외/index.html,/압구정동초등과외/,2
C:/Projects/studyhub/output/압구정동초등수학과외/index.html,/압구정동초등수학과외/,1
C:/Projects/studyhub/output/압구정동초등영어과외/index.html,/압구정동초등영어과외/,1
C:/Projects/studyhub/output/야당동고등과외/index.html,/야당동고등과외/,1
C:/Projects/studyhub/output/야당동고등수학과외/index.html,/야당동고등수학과외/,1
C:/Projects/studyhub/output/야당동고등영어과외/index.html,/야당동고등영어과외/,1
C:/Projects/studyhub/output/야당동과외/index.html,/야당동과외/,2
C:/Projects/studyhub/output/야당동수학과외/index.html,/야당동수학과외/,2
C:/Projects/studyhub/output/야당동영어과외/index.html,/야당동영어과외/,2
C:/Projects/studyhub/output/야당동중등과외/index.html,/야당동중등과외/,2
C:/Projects/studyhub/output/야당동중등수학과외/index.html,/야당동중등수학과외/,1
C:/Projects/studyhub/output/야당동중등영어과외/index.html,/야당동중등영어과외/,1
C:/Projects/studyhub/output/야당동초등과외/index.html,/야당동초등과외/,2
C:/Projects/studyhub/output/야당동초등수학과외/index.html,/야당동초등수학과외/,1
C:/Projects/studyhub/output/야당동초등영어과외/index.html,/야당동초등영어과외/,1
C:/Projects/studyhub/output/야음동고등과외/index.html,/야음동고등과외/,1
C:/Projects/studyhub/output/야음동고등수학과외/index.html,/야음동고등수학과외/,1
C:/Projects/studyhub/output/야음동고등영어과외/index.html,/야음동고등영어과외/,1
C:/Projects/studyhub/output/야음동과외/index.html,/야음동과외/,2
C:/Projects/studyhub/output/야음동수학과외/index.html,/야음동수학과외/,2
C:/Projects/studyhub/output/야음동영어과외/index.html,/야음동영어과외/,2
C:/Projects/studyhub/output/야음동중등과외/index.html,/야음동중등과외/,2
C:/Projects/studyhub/output/야음동중등수학과외/index.html,/야음동중등수학과외/,1
C:/Projects/studyhub/output/야음동중등영어과외/index.html,/야음동중등영어과외/,1
C:/Projects/studyhub/output/야음동초등과외/index.html,/야음동초등과외/,2
C:/Projects/studyhub/output/야음동초등수학과외/index.html,/야음동초등수학과외/,1
C:/Projects/studyhub/output/야음동초등영어과외/index.html,/야음동초등영어과외/,1
C:/Projects/studyhub/output/야탑동고등과외/index.html,/야탑동고등과외/,1
C:/Projects/studyhub/output/야탑동고등수학과외/index.html,/야탑동고등수학과외/,1
C:/Projects/studyhub/output/야탑동고등영어과외/index.html,/야탑동고등영어과외/,1
C:/Projects/studyhub/output/야탑동과외/index.html,/야탑동과외/,2
C:/Projects/studyhub/output/야탑동수학과외/index.html,/야탑동수학과외/,2
C:/Projects/studyhub/output/야탑동영어과외/index.html,/야탑동영어과외/,2
C:/Projects/studyhub/output/야탑동중등과외/index.html,/야탑동중등과외/,2
C:/Projects/studyhub/output/야탑동중등수학과외/index.html,/야탑동중등수학과외/,1
C:/Projects/studyhub/output/야탑동중등영어과외/index.html,/야탑동중등영어과외/,1
C:/Projects/studyhub/output/야탑동초등과외/index.html,/야탑동초등과외/,2
C:/Projects/studyhub/output/야탑동초등수학과외/index.html,/야탑동초등수학과외/,1
C:/Projects/studyhub/output/야탑동초등영어과외/index.html,/야탑동초등영어과외/,1
C:/Projects/studyhub/output/약대동고등과외/index.html,/약대동고등과외/,1
C:/Projects/studyhub/output/약대동고등수학과외/index.html,/약대동고등수학과외/,1
C:/Projects/studyhub/output/약대동고등영어과외/index.html,/약대동고등영어과외/,1
C:/Projects/studyhub/output/약대동과외/index.html,/약대동과외/,2
C:/Projects/studyhub/output/약대동수학과외/index.html,/약대동수학과외/,2
C:/Projects/studyhub/output/약대동영어과외/index.html,/약대동영어과외/,2
C:/Projects/studyhub/output/약대동중등과외/index.html,/약대동중등과외/,2
C:/Projects/studyhub/output/약대동중등수학과외/index.html,/약대동중등수학과외/,1
C:/Projects/studyhub/output/약대동중등영어과외/index.html,/약대동중등영어과외/,1
C:/Projects/studyhub/output/약대동초등과외/index.html,/약대동초등과외/,2
C:/Projects/studyhub/output/약대동초등수학과외/index.html,/약대동초등수학과외/,1
C:/Projects/studyhub/output/약대동초등영어과외/index.html,/약대동초등영어과외/,1
C:/Projects/studyhub/output/약사동고등과외/index.html,/약사동고등과외/,1
C:/Projects/studyhub/output/약사동고등수학과외/index.html,/약사동고등수학과외/,1
C:/Projects/studyhub/output/약사동고등영어과외/index.html,/약사동고등영어과외/,1
C:/Projects/studyhub/output/약사동과외/index.html,/약사동과외/,2
C:/Projects/studyhub/output/약사동수학과외/index.html,/약사동수학과외/,2
C:/Projects/studyhub/output/약사동영어과외/index.html,/약사동영어과외/,2
C:/Projects/studyhub/output/약사동중등과외/index.html,/약사동중등과외/,2
C:/Projects/studyhub/output/약사동중등수학과외/index.html,/약사동중등수학과외/,1
C:/Projects/studyhub/output/약사동중등영어과외/index.html,/약사동중등영어과외/,1
C:/Projects/studyhub/output/약사동초등과외/index.html,/약사동초등과외/,2
C:/Projects/studyhub/output/약사동초등수학과외/index.html,/약사동초등수학과외/,1
C:/Projects/studyhub/output/약사동초등영어과외/index.html,/약사동초등영어과외/,1
C:/Projects/studyhub/output/양덕동고등과외/index.html,/양덕동고등과외/,1
C:/Projects/studyhub/output/양덕동고등수학과외/index.html,/양덕동고등수학과외/,1
C:/Projects/studyhub/output/양덕동고등영어과외/index.html,/양덕동고등영어과외/,1
C:/Projects/studyhub/output/양덕동과외/index.html,/양덕동과외/,2
C:/Projects/studyhub/output/양덕동수학과외/index.html,/양덕동수학과외/,2
C:/Projects/studyhub/output/양덕동영어과외/index.html,/양덕동영어과외/,2
C:/Projects/studyhub/output/양덕동중등과외/index.html,/양덕동중등과외/,2
C:/Projects/studyhub/output/양덕동중등수학과외/index.html,/양덕동중등수학과외/,1
C:/Projects/studyhub/output/양덕동중등영어과외/index.html,/양덕동중등영어과외/,1
C:/Projects/studyhub/output/양덕동초등과외/index.html,/양덕동초등과외/,2
C:/Projects/studyhub/output/양덕동초등수학과외/index.html,/양덕동초등수학과외/,1
C:/Projects/studyhub/output/양덕동초등영어과외/index.html,/양덕동초등영어과외/,1
C:/Projects/studyhub/output/양산고등과외/index.html,/양산고등과외/,1
C:/Projects/studyhub/output/양산고등수학과외/index.html,/양산고등수학과외/,1
C:/Projects/studyhub/output/양산고등영어과외/index.html,/양산고등영어과외/,1
C:/Projects/studyhub/output/양산과외/index.html,/양산과외/,2
C:/Projects/studyhub/output/양산동고등과외/index.html,/양산동고등과외/,1
C:/Projects/studyhub/output/양산동고등수학과외/index.html,/양산동고등수학과외/,1
C:/Projects/studyhub/output/양산동고등영어과외/index.html,/양산동고등영어과외/,1
C:/Projects/studyhub/output/양산동과외/index.html,/양산동과외/,2
C:/Projects/studyhub/output/양산동수학과외/index.html,/양산동수학과외/,2
C:/Projects/studyhub/output/양산동영어과외/index.html,/양산동영어과외/,2
C:/Projects/studyhub/output/양산동중등과외/index.html,/양산동중등과외/,2
C:/Projects/studyhub/output/양산동중등수학과외/index.html,/양산동중등수학과외/,1
C:/Projects/studyhub/output/양산동중등영어과외/index.html,/양산동중등영어과외/,1
C:/Projects/studyhub/output/양산동초등과외/index.html,/양산동초등과외/,2
C:/Projects/studyhub/output/양산동초등수학과외/index.html,/양산동초등수학과외/,1
C:/Projects/studyhub/output/양산동초등영어과외/index.html,/양산동초등영어과외/,1
C:/Projects/studyhub/output/양산수학과외/index.html,/양산수학과외/,2
C:/Projects/studyhub/output/양산영어과외/index.html,/양산영어과외/,2
C:/Projects/studyhub/output/양산중등과외/index.html,/양산중등과외/,2
C:/Projects/studyhub/output/양산중등수학과외/index.html,/양산중등수학과외/,1
C:/Projects/studyhub/output/양산중등영어과외/index.html,/양산중등영어과외/,1
C:/Projects/studyhub/output/양산초등과외/index.html,/양산초등과외/,2
C:/Projects/studyhub/output/양산초등수학과외/index.html,/양산초등수학과외/,1
C:/Projects/studyhub/output/양산초등영어과외/index.html,/양산초등영어과외/,1
C:/Projects/studyhub/output/양재동고등과외/index.html,/양재동고등과외/,1
C:/Projects/studyhub/output/양재동고등수학과외/index.html,/양재동고등수학과외/,1
C:/Projects/studyhub/output/양재동고등영어과외/index.html,/양재동고등영어과외/,1
C:/Projects/studyhub/output/양재동과외/index.html,/양재동과외/,2
C:/Projects/studyhub/output/양재동수학과외/index.html,/양재동수학과외/,2
C:/Projects/studyhub/output/양재동영어과외/index.html,/양재동영어과외/,2
C:/Projects/studyhub/output/양재동중등과외/index.html,/양재동중등과외/,2
C:/Projects/studyhub/output/양재동중등수학과외/index.html,/양재동중등수학과외/,1
C:/Projects/studyhub/output/양재동중등영어과외/index.html,/양재동중등영어과외/,1
C:/Projects/studyhub/output/양재동초등과외/index.html,/양재동초등과외/,2
C:/Projects/studyhub/output/양재동초등수학과외/index.html,/양재동초등수학과외/,1
C:/Projects/studyhub/output/양재동초등영어과외/index.html,/양재동초등영어과외/,1
C:/Projects/studyhub/output/양정동고등과외/index.html,/양정동고등과외/,1
C:/Projects/studyhub/output/양정동고등수학과외/index.html,/양정동고등수학과외/,1
C:/Projects/studyhub/output/양정동고등영어과외/index.html,/양정동고등영어과외/,1
C:/Projects/studyhub/output/양정동과외/index.html,/양정동과외/,2
C:/Projects/studyhub/output/양정동수학과외/index.html,/양정동수학과외/,2
C:/Projects/studyhub/output/양정동영어과외/index.html,/양정동영어과외/,2
C:/Projects/studyhub/output/양정동중등과외/index.html,/양정동중등과외/,2
C:/Projects/studyhub/output/양정동중등수학과외/index.html,/양정동중등수학과외/,1
C:/Projects/studyhub/output/양정동중등영어과외/index.html,/양정동중등영어과외/,1
C:/Projects/studyhub/output/양정동초등과외/index.html,/양정동초등과외/,2
C:/Projects/studyhub/output/양정동초등수학과외/index.html,/양정동초등수학과외/,1
C:/Projects/studyhub/output/양정동초등영어과외/index.html,/양정동초등영어과외/,1
C:/Projects/studyhub/output/양주고등과외/index.html,/양주고등과외/,1
C:/Projects/studyhub/output/양주고등수학과외/index.html,/양주고등수학과외/,1
C:/Projects/studyhub/output/양주고등영어과외/index.html,/양주고등영어과외/,1
C:/Projects/studyhub/output/양주과외/index.html,/양주과외/,2
C:/Projects/studyhub/output/양주수학과외/index.html,/양주수학과외/,2
C:/Projects/studyhub/output/양주영어과외/index.html,/양주영어과외/,2
C:/Projects/studyhub/output/양주중등과외/index.html,/양주중등과외/,2
C:/Projects/studyhub/output/양주중등수학과외/index.html,/양주중등수학과외/,1
C:/Projects/studyhub/output/양주중등영어과외/index.html,/양주중등영어과외/,1
C:/Projects/studyhub/output/양주초등과외/index.html,/양주초등과외/,2
C:/Projects/studyhub/output/양주초등수학과외/index.html,/양주초등수학과외/,1
C:/Projects/studyhub/output/양주초등영어과외/index.html,/양주초등영어과외/,1
C:/Projects/studyhub/output/양천구고등과외/index.html,/양천구고등과외/,1
C:/Projects/studyhub/output/양천구고등수학과외/index.html,/양천구고등수학과외/,1
C:/Projects/studyhub/output/양천구고등영어과외/index.html,/양천구고등영어과외/,1
C:/Projects/studyhub/output/양천구과외/index.html,/양천구과외/,2
C:/Projects/studyhub/output/양천구수학과외/index.html,/양천구수학과외/,2
C:/Projects/studyhub/output/양천구영어과외/index.html,/양천구영어과외/,2
C:/Projects/studyhub/output/양천구중등과외/index.html,/양천구중등과외/,2
C:/Projects/studyhub/output/양천구중등수학과외/index.html,/양천구중등수학과외/,1
C:/Projects/studyhub/output/양천구중등영어과외/index.html,/양천구중등영어과외/,1
C:/Projects/studyhub/output/양천구초등과외/index.html,/양천구초등과외/,2
C:/Projects/studyhub/output/양천구초등수학과외/index.html,/양천구초등수학과외/,1
C:/Projects/studyhub/output/양천구초등영어과외/index.html,/양천구초등영어과외/,1
C:/Projects/studyhub/output/양촌읍고등과외/index.html,/양촌읍고등과외/,1
C:/Projects/studyhub/output/양촌읍고등수학과외/index.html,/양촌읍고등수학과외/,1
C:/Projects/studyhub/output/양촌읍고등영어과외/index.html,/양촌읍고등영어과외/,1
C:/Projects/studyhub/output/양촌읍과외/index.html,/양촌읍과외/,2
C:/Projects/studyhub/output/양촌읍수학과외/index.html,/양촌읍수학과외/,2
C:/Projects/studyhub/output/양촌읍영어과외/index.html,/양촌읍영어과외/,2
C:/Projects/studyhub/output/양촌읍중등과외/index.html,/양촌읍중등과외/,2
C:/Projects/studyhub/output/양촌읍중등수학과외/index.html,/양촌읍중등수학과외/,1
C:/Projects/studyhub/output/양촌읍중등영어과외/index.html,/양촌읍중등영어과외/,1
C:/Projects/studyhub/output/양촌읍초등과외/index.html,/양촌읍초등과외/,2
C:/Projects/studyhub/output/양촌읍초등수학과외/index.html,/양촌읍초등수학과외/,1
C:/Projects/studyhub/output/양촌읍초등영어과외/index.html,/양촌읍초등영어과외/,1
C:/Projects/studyhub/output/양평동고등과외/index.html,/양평동고등과외/,1
C:/Projects/studyhub/output/양평동고등수학과외/index.html,/양평동고등수학과외/,1
C:/Projects/studyhub/output/양평동고등영어과외/index.html,/양평동고등영어과외/,1
C:/Projects/studyhub/output/양평동과외/index.html,/양평동과외/,2
C:/Projects/studyhub/output/양평동수학과외/index.html,/양평동수학과외/,2
C:/Projects/studyhub/output/양평동영어과외/index.html,/양평동영어과외/,2
C:/Projects/studyhub/output/양평동중등과외/index.html,/양평동중등과외/,2
C:/Projects/studyhub/output/양평동중등수학과외/index.html,/양평동중등수학과외/,1
C:/Projects/studyhub/output/양평동중등영어과외/index.html,/양평동중등영어과외/,1
C:/Projects/studyhub/output/양평동초등과외/index.html,/양평동초등과외/,2
C:/Projects/studyhub/output/양평동초등수학과외/index.html,/양평동초등수학과외/,1
C:/Projects/studyhub/output/양평동초등영어과외/index.html,/양평동초등영어과외/,1
C:/Projects/studyhub/output/언남동고등과외/index.html,/언남동고등과외/,1
C:/Projects/studyhub/output/언남동고등수학과외/index.html,/언남동고등수학과외/,1
C:/Projects/studyhub/output/언남동고등영어과외/index.html,/언남동고등영어과외/,1
C:/Projects/studyhub/output/언남동과외/index.html,/언남동과외/,2
C:/Projects/studyhub/output/언남동수학과외/index.html,/언남동수학과외/,2
C:/Projects/studyhub/output/언남동영어과외/index.html,/언남동영어과외/,2
C:/Projects/studyhub/output/언남동중등과외/index.html,/언남동중등과외/,2
C:/Projects/studyhub/output/언남동중등수학과외/index.html,/언남동중등수학과외/,1
C:/Projects/studyhub/output/언남동중등영어과외/index.html,/언남동중등영어과외/,1
C:/Projects/studyhub/output/언남동초등과외/index.html,/언남동초등과외/,2
C:/Projects/studyhub/output/언남동초등수학과외/index.html,/언남동초등수학과외/,1
C:/Projects/studyhub/output/언남동초등영어과외/index.html,/언남동초등영어과외/,1
C:/Projects/studyhub/output/여수동고등과외/index.html,/여수동고등과외/,1
C:/Projects/studyhub/output/여수동고등수학과외/index.html,/여수동고등수학과외/,1
C:/Projects/studyhub/output/여수동고등영어과외/index.html,/여수동고등영어과외/,1
C:/Projects/studyhub/output/여수동과외/index.html,/여수동과외/,2
C:/Projects/studyhub/output/여수동수학과외/index.html,/여수동수학과외/,2
C:/Projects/studyhub/output/여수동영어과외/index.html,/여수동영어과외/,2
C:/Projects/studyhub/output/여수동중등과외/index.html,/여수동중등과외/,2
C:/Projects/studyhub/output/여수동중등수학과외/index.html,/여수동중등수학과외/,1
C:/Projects/studyhub/output/여수동중등영어과외/index.html,/여수동중등영어과외/,1
C:/Projects/studyhub/output/여수동초등과외/index.html,/여수동초등과외/,2
C:/Projects/studyhub/output/여수동초등수학과외/index.html,/여수동초등수학과외/,1
C:/Projects/studyhub/output/여수동초등영어과외/index.html,/여수동초등영어과외/,1
C:/Projects/studyhub/output/여월동고등과외/index.html,/여월동고등과외/,1
C:/Projects/studyhub/output/여월동고등수학과외/index.html,/여월동고등수학과외/,1
C:/Projects/studyhub/output/여월동고등영어과외/index.html,/여월동고등영어과외/,1
C:/Projects/studyhub/output/여월동과외/index.html,/여월동과외/,2
C:/Projects/studyhub/output/여월동수학과외/index.html,/여월동수학과외/,2
C:/Projects/studyhub/output/여월동영어과외/index.html,/여월동영어과외/,2
C:/Projects/studyhub/output/여월동중등과외/index.html,/여월동중등과외/,2
C:/Projects/studyhub/output/여월동중등수학과외/index.html,/여월동중등수학과외/,1
C:/Projects/studyhub/output/여월동중등영어과외/index.html,/여월동중등영어과외/,1
C:/Projects/studyhub/output/여월동초등과외/index.html,/여월동초등과외/,2
C:/Projects/studyhub/output/여월동초등수학과외/index.html,/여월동초등수학과외/,1
C:/Projects/studyhub/output/여월동초등영어과외/index.html,/여월동초등영어과외/,1
C:/Projects/studyhub/output/여의동고등과외/index.html,/여의동고등과외/,1
C:/Projects/studyhub/output/여의동고등수학과외/index.html,/여의동고등수학과외/,1
C:/Projects/studyhub/output/여의동고등영어과외/index.html,/여의동고등영어과외/,1
C:/Projects/studyhub/output/여의동과외/index.html,/여의동과외/,2
C:/Projects/studyhub/output/여의동수학과외/index.html,/여의동수학과외/,2
C:/Projects/studyhub/output/여의동영어과외/index.html,/여의동영어과외/,2
C:/Projects/studyhub/output/여의동중등과외/index.html,/여의동중등과외/,2
C:/Projects/studyhub/output/여의동중등수학과외/index.html,/여의동중등수학과외/,1
C:/Projects/studyhub/output/여의동중등영어과외/index.html,/여의동중등영어과외/,1
C:/Projects/studyhub/output/여의동초등과외/index.html,/여의동초등과외/,2
C:/Projects/studyhub/output/여의동초등수학과외/index.html,/여의동초등수학과외/,1
C:/Projects/studyhub/output/여의동초등영어과외/index.html,/여의동초등영어과외/,1
C:/Projects/studyhub/output/역곡동고등과외/index.html,/역곡동고등과외/,1
C:/Projects/studyhub/output/역곡동고등수학과외/index.html,/역곡동고등수학과외/,1
C:/Projects/studyhub/output/역곡동고등영어과외/index.html,/역곡동고등영어과외/,1
C:/Projects/studyhub/output/역곡동과외/index.html,/역곡동과외/,2
C:/Projects/studyhub/output/역곡동수학과외/index.html,/역곡동수학과외/,2
C:/Projects/studyhub/output/역곡동영어과외/index.html,/역곡동영어과외/,2
C:/Projects/studyhub/output/역곡동중등과외/index.html,/역곡동중등과외/,2
C:/Projects/studyhub/output/역곡동중등수학과외/index.html,/역곡동중등수학과외/,1
C:/Projects/studyhub/output/역곡동중등영어과외/index.html,/역곡동중등영어과외/,1
C:/Projects/studyhub/output/역곡동초등과외/index.html,/역곡동초등과외/,2
C:/Projects/studyhub/output/역곡동초등수학과외/index.html,/역곡동초등수학과외/,1
C:/Projects/studyhub/output/역곡동초등영어과외/index.html,/역곡동초등영어과외/,1
C:/Projects/studyhub/output/역북동고등과외/index.html,/역북동고등과외/,1
C:/Projects/studyhub/output/역북동고등수학과외/index.html,/역북동고등수학과외/,1
C:/Projects/studyhub/output/역북동고등영어과외/index.html,/역북동고등영어과외/,1
C:/Projects/studyhub/output/역북동과외/index.html,/역북동과외/,2
C:/Projects/studyhub/output/역북동수학과외/index.html,/역북동수학과외/,2
C:/Projects/studyhub/output/역북동영어과외/index.html,/역북동영어과외/,2
C:/Projects/studyhub/output/역북동중등과외/index.html,/역북동중등과외/,2
C:/Projects/studyhub/output/역북동중등수학과외/index.html,/역북동중등수학과외/,1
C:/Projects/studyhub/output/역북동중등영어과외/index.html,/역북동중등영어과외/,1
C:/Projects/studyhub/output/역북동초등과외/index.html,/역북동초등과외/,2
C:/Projects/studyhub/output/역북동초등수학과외/index.html,/역북동초등수학과외/,1
C:/Projects/studyhub/output/역북동초등영어과외/index.html,/역북동초등영어과외/,1
C:/Projects/studyhub/output/역삼동고등과외/index.html,/역삼동고등과외/,1
C:/Projects/studyhub/output/역삼동고등수학과외/index.html,/역삼동고등수학과외/,1
C:/Projects/studyhub/output/역삼동고등영어과외/index.html,/역삼동고등영어과외/,1
C:/Projects/studyhub/output/역삼동수학과외/index.html,/역삼동수학과외/,2
C:/Projects/studyhub/output/역삼동영어과외/index.html,/역삼동영어과외/,2
C:/Projects/studyhub/output/역삼동중등과외/index.html,/역삼동중등과외/,2
C:/Projects/studyhub/output/역삼동중등수학과외/index.html,/역삼동중등수학과외/,1
C:/Projects/studyhub/output/역삼동중등영어과외/index.html,/역삼동중등영어과외/,1
C:/Projects/studyhub/output/역삼동초등과외/index.html,/역삼동초등과외/,2
C:/Projects/studyhub/output/역삼동초등수학과외/index.html,/역삼동초등수학과외/,1
C:/Projects/studyhub/output/역삼동초등영어과외/index.html,/역삼동초등영어과외/,1
C:/Projects/studyhub/output/역촌동고등과외/index.html,/역촌동고등과외/,1
C:/Projects/studyhub/output/역촌동고등수학과외/index.html,/역촌동고등수학과외/,1
C:/Projects/studyhub/output/역촌동고등영어과외/index.html,/역촌동고등영어과외/,1
C:/Projects/studyhub/output/역촌동과외/index.html,/역촌동과외/,2
C:/Projects/studyhub/output/역촌동수학과외/index.html,/역촌동수학과외/,2
C:/Projects/studyhub/output/역촌동영어과외/index.html,/역촌동영어과외/,2
C:/Projects/studyhub/output/역촌동중등과외/index.html,/역촌동중등과외/,2
C:/Projects/studyhub/output/역촌동중등수학과외/index.html,/역촌동중등수학과외/,1
C:/Projects/studyhub/output/역촌동중등영어과외/index.html,/역촌동중등영어과외/,1
C:/Projects/studyhub/output/역촌동초등과외/index.html,/역촌동초등과외/,2
C:/Projects/studyhub/output/역촌동초등수학과외/index.html,/역촌동초등수학과외/,1
C:/Projects/studyhub/output/역촌동초등영어과외/index.html,/역촌동초등영어과외/,1
C:/Projects/studyhub/output/연남동고등과외/index.html,/연남동고등과외/,1
C:/Projects/studyhub/output/연남동고등수학과외/index.html,/연남동고등수학과외/,1
C:/Projects/studyhub/output/연남동고등영어과외/index.html,/연남동고등영어과외/,1
C:/Projects/studyhub/output/연남동과외/index.html,/연남동과외/,2
C:/Projects/studyhub/output/연남동수학과외/index.html,/연남동수학과외/,2
C:/Projects/studyhub/output/연남동영어과외/index.html,/연남동영어과외/,2
C:/Projects/studyhub/output/연남동중등과외/index.html,/연남동중등과외/,2
C:/Projects/studyhub/output/연남동중등수학과외/index.html,/연남동중등수학과외/,1
C:/Projects/studyhub/output/연남동중등영어과외/index.html,/연남동중등영어과외/,1
C:/Projects/studyhub/output/연남동초등과외/index.html,/연남동초등과외/,2
C:/Projects/studyhub/output/연남동초등수학과외/index.html,/연남동초등수학과외/,1
C:/Projects/studyhub/output/연남동초등영어과외/index.html,/연남동초등영어과외/,1
C:/Projects/studyhub/output/연산동고등과외/index.html,/연산동고등과외/,1
C:/Projects/studyhub/output/연산동고등수학과외/index.html,/연산동고등수학과외/,1
C:/Projects/studyhub/output/연산동고등영어과외/index.html,/연산동고등영어과외/,1
C:/Projects/studyhub/output/연산동과외/index.html,/연산동과외/,2
C:/Projects/studyhub/output/연산동수학과외/index.html,/연산동수학과외/,2
C:/Projects/studyhub/output/연산동영어과외/index.html,/연산동영어과외/,2
C:/Projects/studyhub/output/연산동중등과외/index.html,/연산동중등과외/,2
C:/Projects/studyhub/output/연산동중등수학과외/index.html,/연산동중등수학과외/,1
C:/Projects/studyhub/output/연산동중등영어과외/index.html,/연산동중등영어과외/,1
C:/Projects/studyhub/output/연산동초등과외/index.html,/연산동초등과외/,2
C:/Projects/studyhub/output/연산동초등수학과외/index.html,/연산동초등수학과외/,1
C:/Projects/studyhub/output/연산동초등영어과외/index.html,/연산동초등영어과외/,1
C:/Projects/studyhub/output/연수구고등과외/index.html,/연수구고등과외/,1
C:/Projects/studyhub/output/연수구고등수학과외/index.html,/연수구고등수학과외/,1
C:/Projects/studyhub/output/연수구고등영어과외/index.html,/연수구고등영어과외/,1
C:/Projects/studyhub/output/연수구수학과외/index.html,/연수구수학과외/,2
C:/Projects/studyhub/output/연수구영어과외/index.html,/연수구영어과외/,2
C:/Projects/studyhub/output/연수구중등과외/index.html,/연수구중등과외/,2
C:/Projects/studyhub/output/연수구중등수학과외/index.html,/연수구중등수학과외/,1
C:/Projects/studyhub/output/연수구중등영어과외/index.html,/연수구중등영어과외/,1
C:/Projects/studyhub/output/연수구초등과외/index.html,/연수구초등과외/,2
C:/Projects/studyhub/output/연수구초등수학과외/index.html,/연수구초등수학과외/,1
C:/Projects/studyhub/output/연수구초등영어과외/index.html,/연수구초등영어과외/,1
C:/Projects/studyhub/output/연수동고등과외/index.html,/연수동고등과외/,1
C:/Projects/studyhub/output/연수동고등수학과외/index.html,/연수동고등수학과외/,1
C:/Projects/studyhub/output/연수동고등영어과외/index.html,/연수동고등영어과외/,1
C:/Projects/studyhub/output/연수동과외/index.html,/연수동과외/,2
C:/Projects/studyhub/output/연수동수학과외/index.html,/연수동수학과외/,2
C:/Projects/studyhub/output/연수동영어과외/index.html,/연수동영어과외/,2
C:/Projects/studyhub/output/연수동중등과외/index.html,/연수동중등과외/,2
C:/Projects/studyhub/output/연수동중등수학과외/index.html,/연수동중등수학과외/,1
C:/Projects/studyhub/output/연수동중등영어과외/index.html,/연수동중등영어과외/,1
C:/Projects/studyhub/output/연수동초등과외/index.html,/연수동초등과외/,2
C:/Projects/studyhub/output/연수동초등수학과외/index.html,/연수동초등수학과외/,1
C:/Projects/studyhub/output/연수동초등영어과외/index.html,/연수동초등영어과외/,1
C:/Projects/studyhub/output/연암동고등과외/index.html,/연암동고등과외/,1
C:/Projects/studyhub/output/연암동고등수학과외/index.html,/연암동고등수학과외/,1
C:/Projects/studyhub/output/연암동고등영어과외/index.html,/연암동고등영어과외/,1
C:/Projects/studyhub/output/연암동과외/index.html,/연암동과외/,2
C:/Projects/studyhub/output/연암동수학과외/index.html,/연암동수학과외/,2
C:/Projects/studyhub/output/연암동영어과외/index.html,/연암동영어과외/,2
C:/Projects/studyhub/output/연암동중등과외/index.html,/연암동중등과외/,2
C:/Projects/studyhub/output/연암동중등수학과외/index.html,/연암동중등수학과외/,1
C:/Projects/studyhub/output/연암동중등영어과외/index.html,/연암동중등영어과외/,1
C:/Projects/studyhub/output/연암동초등과외/index.html,/연암동초등과외/,2
C:/Projects/studyhub/output/연암동초등수학과외/index.html,/연암동초등수학과외/,1
C:/Projects/studyhub/output/연암동초등영어과외/index.html,/연암동초등영어과외/,1
C:/Projects/studyhub/output/연제구고등과외/index.html,/연제구고등과외/,1
C:/Projects/studyhub/output/연제구고등수학과외/index.html,/연제구고등수학과외/,1
C:/Projects/studyhub/output/연제구고등영어과외/index.html,/연제구고등영어과외/,1
C:/Projects/studyhub/output/연제구과외/index.html,/연제구과외/,2
C:/Projects/studyhub/output/연제구수학과외/index.html,/연제구수학과외/,2
C:/Projects/studyhub/output/연제구영어과외/index.html,/연제구영어과외/,2
C:/Projects/studyhub/output/연제구중등과외/index.html,/연제구중등과외/,2
C:/Projects/studyhub/output/연제구중등수학과외/index.html,/연제구중등수학과외/,1
C:/Projects/studyhub/output/연제구중등영어과외/index.html,/연제구중등영어과외/,1
C:/Projects/studyhub/output/연제구초등과외/index.html,/연제구초등과외/,2
C:/Projects/studyhub/output/연제구초등수학과외/index.html,/연제구초등수학과외/,1
C:/Projects/studyhub/output/연제구초등영어과외/index.html,/연제구초등영어과외/,1
C:/Projects/studyhub/output/연제동고등과외/index.html,/연제동고등과외/,1
C:/Projects/studyhub/output/연제동고등수학과외/index.html,/연제동고등수학과외/,1
C:/Projects/studyhub/output/연제동고등영어과외/index.html,/연제동고등영어과외/,1
C:/Projects/studyhub/output/연제동과외/index.html,/연제동과외/,2
C:/Projects/studyhub/output/연제동수학과외/index.html,/연제동수학과외/,2
C:/Projects/studyhub/output/연제동영어과외/index.html,/연제동영어과외/,2
C:/Projects/studyhub/output/연제동중등과외/index.html,/연제동중등과외/,2
C:/Projects/studyhub/output/연제동중등수학과외/index.html,/연제동중등수학과외/,1
C:/Projects/studyhub/output/연제동중등영어과외/index.html,/연제동중등영어과외/,1
C:/Projects/studyhub/output/연제동초등과외/index.html,/연제동초등과외/,2
C:/Projects/studyhub/output/연제동초등수학과외/index.html,/연제동초등수학과외/,1
C:/Projects/studyhub/output/연제동초등영어과외/index.html,/연제동초등영어과외/,1
C:/Projects/studyhub/output/연지동고등과외/index.html,/연지동고등과외/,1
C:/Projects/studyhub/output/연지동고등수학과외/index.html,/연지동고등수학과외/,1
C:/Projects/studyhub/output/연지동고등영어과외/index.html,/연지동고등영어과외/,1
C:/Projects/studyhub/output/연지동과외/index.html,/연지동과외/,2
C:/Projects/studyhub/output/연지동수학과외/index.html,/연지동수학과외/,2
C:/Projects/studyhub/output/연지동영어과외/index.html,/연지동영어과외/,2
C:/Projects/studyhub/output/연지동중등과외/index.html,/연지동중등과외/,2
C:/Projects/studyhub/output/연지동중등수학과외/index.html,/연지동중등수학과외/,1
C:/Projects/studyhub/output/연지동중등영어과외/index.html,/연지동중등영어과외/,1
C:/Projects/studyhub/output/연지동초등과외/index.html,/연지동초등과외/,2
C:/Projects/studyhub/output/연지동초등수학과외/index.html,/연지동초등수학과외/,1
C:/Projects/studyhub/output/연지동초등영어과외/index.html,/연지동초등영어과외/,1
C:/Projects/studyhub/output/연호동고등과외/index.html,/연호동고등과외/,1
C:/Projects/studyhub/output/연호동고등수학과외/index.html,/연호동고등수학과외/,1
C:/Projects/studyhub/output/연호동고등영어과외/index.html,/연호동고등영어과외/,1
C:/Projects/studyhub/output/연호동과외/index.html,/연호동과외/,2
C:/Projects/studyhub/output/연호동수학과외/index.html,/연호동수학과외/,2
C:/Projects/studyhub/output/연호동영어과외/index.html,/연호동영어과외/,2
C:/Projects/studyhub/output/연호동중등과외/index.html,/연호동중등과외/,2
C:/Projects/studyhub/output/연호동중등수학과외/index.html,/연호동중등수학과외/,1
C:/Projects/studyhub/output/연호동중등영어과외/index.html,/연호동중등영어과외/,1
C:/Projects/studyhub/output/연호동초등과외/index.html,/연호동초등과외/,2
C:/Projects/studyhub/output/연호동초등수학과외/index.html,/연호동초등수학과외/,1
C:/Projects/studyhub/output/연호동초등영어과외/index.html,/연호동초등영어과외/,1
C:/Projects/studyhub/output/염리동고등과외/index.html,/염리동고등과외/,1
C:/Projects/studyhub/output/염리동고등수학과외/index.html,/염리동고등수학과외/,1
C:/Projects/studyhub/output/염리동고등영어과외/index.html,/염리동고등영어과외/,1
C:/Projects/studyhub/output/염리동과외/index.html,/염리동과외/,2
C:/Projects/studyhub/output/염리동수학과외/index.html,/염리동수학과외/,2
C:/Projects/studyhub/output/염리동영어과외/index.html,/염리동영어과외/,2
C:/Projects/studyhub/output/염리동중등과외/index.html,/염리동중등과외/,2
C:/Projects/studyhub/output/염리동중등수학과외/index.html,/염리동중등수학과외/,1
C:/Projects/studyhub/output/염리동중등영어과외/index.html,/염리동중등영어과외/,1
C:/Projects/studyhub/output/염리동초등과외/index.html,/염리동초등과외/,2
C:/Projects/studyhub/output/염리동초등수학과외/index.html,/염리동초등수학과외/,1
C:/Projects/studyhub/output/염리동초등영어과외/index.html,/염리동초등영어과외/,1
C:/Projects/studyhub/output/염창동고등과외/index.html,/염창동고등과외/,1
C:/Projects/studyhub/output/염창동고등수학과외/index.html,/염창동고등수학과외/,1
C:/Projects/studyhub/output/염창동고등영어과외/index.html,/염창동고등영어과외/,1
C:/Projects/studyhub/output/염창동과외/index.html,/염창동과외/,2
C:/Projects/studyhub/output/염창동수학과외/index.html,/염창동수학과외/,2
C:/Projects/studyhub/output/염창동영어과외/index.html,/염창동영어과외/,2
C:/Projects/studyhub/output/염창동중등과외/index.html,/염창동중등과외/,2
C:/Projects/studyhub/output/염창동중등수학과외/index.html,/염창동중등수학과외/,1
C:/Projects/studyhub/output/염창동중등영어과외/index.html,/염창동중등영어과외/,1
C:/Projects/studyhub/output/염창동초등과외/index.html,/염창동초등과외/,2
C:/Projects/studyhub/output/염창동초등수학과외/index.html,/염창동초등수학과외/,1
C:/Projects/studyhub/output/염창동초등영어과외/index.html,/염창동초등영어과외/,1
C:/Projects/studyhub/output/영덕동고등과외/index.html,/영덕동고등과외/,1
C:/Projects/studyhub/output/영덕동고등수학과외/index.html,/영덕동고등수학과외/,1
C:/Projects/studyhub/output/영덕동고등영어과외/index.html,/영덕동고등영어과외/,1
C:/Projects/studyhub/output/영덕동과외/index.html,/영덕동과외/,2
C:/Projects/studyhub/output/영덕동수학과외/index.html,/영덕동수학과외/,2
C:/Projects/studyhub/output/영덕동영어과외/index.html,/영덕동영어과외/,2
C:/Projects/studyhub/output/영덕동중등과외/index.html,/영덕동중등과외/,2
C:/Projects/studyhub/output/영덕동중등수학과외/index.html,/영덕동중등수학과외/,1
C:/Projects/studyhub/output/영덕동중등영어과외/index.html,/영덕동중등영어과외/,1
C:/Projects/studyhub/output/영덕동초등과외/index.html,/영덕동초등과외/,2
C:/Projects/studyhub/output/영덕동초등수학과외/index.html,/영덕동초등수학과외/,1
C:/Projects/studyhub/output/영덕동초등영어과외/index.html,/영덕동초등영어과외/,1
C:/Projects/studyhub/output/영등동고등과외/index.html,/영등동고등과외/,1
C:/Projects/studyhub/output/영등동고등수학과외/index.html,/영등동고등수학과외/,1
C:/Projects/studyhub/output/영등동고등영어과외/index.html,/영등동고등영어과외/,1
C:/Projects/studyhub/output/영등동과외/index.html,/영등동과외/,2
C:/Projects/studyhub/output/영등동수학과외/index.html,/영등동수학과외/,2
C:/Projects/studyhub/output/영등동영어과외/index.html,/영등동영어과외/,2
C:/Projects/studyhub/output/영등동중등과외/index.html,/영등동중등과외/,2
C:/Projects/studyhub/output/영등동중등수학과외/index.html,/영등동중등수학과외/,1
C:/Projects/studyhub/output/영등동중등영어과외/index.html,/영등동중등영어과외/,1
C:/Projects/studyhub/output/영등동초등과외/index.html,/영등동초등과외/,2
C:/Projects/studyhub/output/영등동초등수학과외/index.html,/영등동초등수학과외/,1
C:/Projects/studyhub/output/영등동초등영어과외/index.html,/영등동초등영어과외/,1
C:/Projects/studyhub/output/영등포고등과외/index.html,/영등포고등과외/,1
C:/Projects/studyhub/output/영등포고등수학과외/index.html,/영등포고등수학과외/,1
C:/Projects/studyhub/output/영등포고등영어과외/index.html,/영등포고등영어과외/,1
C:/Projects/studyhub/output/영등포과외/index.html,/영등포과외/,2
C:/Projects/studyhub/output/영등포수학과외/index.html,/영등포수학과외/,2
C:/Projects/studyhub/output/영등포영어과외/index.html,/영등포영어과외/,2
C:/Projects/studyhub/output/영등포중등과외/index.html,/영등포중등과외/,2
C:/Projects/studyhub/output/영등포중등수학과외/index.html,/영등포중등수학과외/,1
C:/Projects/studyhub/output/영등포중등영어과외/index.html,/영등포중등영어과외/,1
C:/Projects/studyhub/output/영등포초등과외/index.html,/영등포초등과외/,2
C:/Projects/studyhub/output/영등포초등수학과외/index.html,/영등포초등수학과외/,1
C:/Projects/studyhub/output/영등포초등영어과외/index.html,/영등포초등영어과외/,1
C:/Projects/studyhub/output/영어과외/index.html,/영어과외/,1
C:/Projects/studyhub/output/영통구고등과외/index.html,/영통구고등과외/,1
C:/Projects/studyhub/output/영통구고등수학과외/index.html,/영통구고등수학과외/,1
C:/Projects/studyhub/output/영통구고등영어과외/index.html,/영통구고등영어과외/,1
C:/Projects/studyhub/output/영통구과외/index.html,/영통구과외/,2
C:/Projects/studyhub/output/영통구수학과외/index.html,/영통구수학과외/,2
C:/Projects/studyhub/output/영통구영어과외/index.html,/영통구영어과외/,2
C:/Projects/studyhub/output/영통구중등과외/index.html,/영통구중등과외/,2
C:/Projects/studyhub/output/영통구중등수학과외/index.html,/영통구중등수학과외/,1
C:/Projects/studyhub/output/영통구중등영어과외/index.html,/영통구중등영어과외/,1
C:/Projects/studyhub/output/영통구초등과외/index.html,/영통구초등과외/,2
C:/Projects/studyhub/output/영통구초등수학과외/index.html,/영통구초등수학과외/,1
C:/Projects/studyhub/output/영통구초등영어과외/index.html,/영통구초등영어과외/,1
C:/Projects/studyhub/output/영통동고등과외/index.html,/영통동고등과외/,1
C:/Projects/studyhub/output/영통동고등수학과외/index.html,/영통동고등수학과외/,1
C:/Projects/studyhub/output/영통동고등영어과외/index.html,/영통동고등영어과외/,1
C:/Projects/studyhub/output/영통동수학과외/index.html,/영통동수학과외/,2
C:/Projects/studyhub/output/영통동영어과외/index.html,/영통동영어과외/,2
C:/Projects/studyhub/output/영통동중등과외/index.html,/영통동중등과외/,2
C:/Projects/studyhub/output/영통동중등수학과외/index.html,/영통동중등수학과외/,1
C:/Projects/studyhub/output/영통동중등영어과외/index.html,/영통동중등영어과외/,1
C:/Projects/studyhub/output/영통동초등과외/index.html,/영통동초등과외/,2
C:/Projects/studyhub/output/영통동초등수학과외/index.html,/영통동초등수학과외/,1
C:/Projects/studyhub/output/영통동초등영어과외/index.html,/영통동초등영어과외/,1
C:/Projects/studyhub/output/오금동고등과외/index.html,/오금동고등과외/,1
C:/Projects/studyhub/output/오금동고등수학과외/index.html,/오금동고등수학과외/,1
C:/Projects/studyhub/output/오금동고등영어과외/index.html,/오금동고등영어과외/,1
C:/Projects/studyhub/output/오금동과외/index.html,/오금동과외/,2
C:/Projects/studyhub/output/오금동수학과외/index.html,/오금동수학과외/,2
C:/Projects/studyhub/output/오금동영어과외/index.html,/오금동영어과외/,2
C:/Projects/studyhub/output/오금동중등과외/index.html,/오금동중등과외/,2
C:/Projects/studyhub/output/오금동중등수학과외/index.html,/오금동중등수학과외/,1
C:/Projects/studyhub/output/오금동중등영어과외/index.html,/오금동중등영어과외/,1
C:/Projects/studyhub/output/오금동초등과외/index.html,/오금동초등과외/,2
C:/Projects/studyhub/output/오금동초등수학과외/index.html,/오금동초등수학과외/,1
C:/Projects/studyhub/output/오금동초등영어과외/index.html,/오금동초등영어과외/,1
C:/Projects/studyhub/output/오남읍고등과외/index.html,/오남읍고등과외/,1
C:/Projects/studyhub/output/오남읍고등수학과외/index.html,/오남읍고등수학과외/,1
C:/Projects/studyhub/output/오남읍고등영어과외/index.html,/오남읍고등영어과외/,1
C:/Projects/studyhub/output/오남읍과외/index.html,/오남읍과외/,2
C:/Projects/studyhub/output/오남읍수학과외/index.html,/오남읍수학과외/,2
C:/Projects/studyhub/output/오남읍영어과외/index.html,/오남읍영어과외/,2
C:/Projects/studyhub/output/오남읍중등과외/index.html,/오남읍중등과외/,2
C:/Projects/studyhub/output/오남읍중등수학과외/index.html,/오남읍중등수학과외/,1
C:/Projects/studyhub/output/오남읍중등영어과외/index.html,/오남읍중등영어과외/,1
C:/Projects/studyhub/output/오남읍초등과외/index.html,/오남읍초등과외/,2
C:/Projects/studyhub/output/오남읍초등수학과외/index.html,/오남읍초등수학과외/,1
C:/Projects/studyhub/output/오남읍초등영어과외/index.html,/오남읍초등영어과외/,1
C:/Projects/studyhub/output/오류동고등과외/index.html,/오류동고등과외/,1
C:/Projects/studyhub/output/오류동고등수학과외/index.html,/오류동고등수학과외/,1
C:/Projects/studyhub/output/오류동고등영어과외/index.html,/오류동고등영어과외/,1
C:/Projects/studyhub/output/오류동과외/index.html,/오류동과외/,2
C:/Projects/studyhub/output/오류동수학과외/index.html,/오류동수학과외/,2
C:/Projects/studyhub/output/오류동영어과외/index.html,/오류동영어과외/,2
C:/Projects/studyhub/output/오류동중등과외/index.html,/오류동중등과외/,2
C:/Projects/studyhub/output/오류동중등수학과외/index.html,/오류동중등수학과외/,1
C:/Projects/studyhub/output/오류동중등영어과외/index.html,/오류동중등영어과외/,1
C:/Projects/studyhub/output/오류동초등과외/index.html,/오류동초등과외/,2
C:/Projects/studyhub/output/오류동초등수학과외/index.html,/오류동초등수학과외/,1
C:/Projects/studyhub/output/오류동초등영어과외/index.html,/오류동초등영어과외/,1
C:/Projects/studyhub/output/오목천동고등과외/index.html,/오목천동고등과외/,1
C:/Projects/studyhub/output/오목천동고등수학과외/index.html,/오목천동고등수학과외/,1
C:/Projects/studyhub/output/오목천동고등영어과외/index.html,/오목천동고등영어과외/,1
C:/Projects/studyhub/output/오목천동과외/index.html,/오목천동과외/,2
C:/Projects/studyhub/output/오목천동수학과외/index.html,/오목천동수학과외/,2
C:/Projects/studyhub/output/오목천동영어과외/index.html,/오목천동영어과외/,2
C:/Projects/studyhub/output/오목천동중등과외/index.html,/오목천동중등과외/,2
C:/Projects/studyhub/output/오목천동중등수학과외/index.html,/오목천동중등수학과외/,1
C:/Projects/studyhub/output/오목천동중등영어과외/index.html,/오목천동중등영어과외/,1
C:/Projects/studyhub/output/오목천동초등과외/index.html,/오목천동초등과외/,2
C:/Projects/studyhub/output/오목천동초등수학과외/index.html,/오목천동초등수학과외/,1
C:/Projects/studyhub/output/오목천동초등영어과외/index.html,/오목천동초등영어과외/,1
C:/Projects/studyhub/output/오산고등과외/index.html,/오산고등과외/,1
C:/Projects/studyhub/output/오산고등수학과외/index.html,/오산고등수학과외/,1
C:/Projects/studyhub/output/오산고등영어과외/index.html,/오산고등영어과외/,1
C:/Projects/studyhub/output/오산과외/index.html,/오산과외/,2
C:/Projects/studyhub/output/오산수학과외/index.html,/오산수학과외/,2
C:/Projects/studyhub/output/오산영어과외/index.html,/오산영어과외/,2
C:/Projects/studyhub/output/오산중등과외/index.html,/오산중등과외/,2
C:/Projects/studyhub/output/오산중등수학과외/index.html,/오산중등수학과외/,1
C:/Projects/studyhub/output/오산중등영어과외/index.html,/오산중등영어과외/,1
C:/Projects/studyhub/output/오산초등과외/index.html,/오산초등과외/,2
C:/Projects/studyhub/output/오산초등수학과외/index.html,/오산초등수학과외/,1
C:/Projects/studyhub/output/오산초등영어과외/index.html,/오산초등영어과외/,1
C:/Projects/studyhub/output/오전동고등과외/index.html,/오전동고등과외/,1
C:/Projects/studyhub/output/오전동고등수학과외/index.html,/오전동고등수학과외/,1
C:/Projects/studyhub/output/오전동고등영어과외/index.html,/오전동고등영어과외/,1
C:/Projects/studyhub/output/오전동과외/index.html,/오전동과외/,2
C:/Projects/studyhub/output/오전동수학과외/index.html,/오전동수학과외/,2
C:/Projects/studyhub/output/오전동영어과외/index.html,/오전동영어과외/,2
C:/Projects/studyhub/output/오전동중등과외/index.html,/오전동중등과외/,2
C:/Projects/studyhub/output/오전동중등수학과외/index.html,/오전동중등수학과외/,1
C:/Projects/studyhub/output/오전동중등영어과외/index.html,/오전동중등영어과외/,1
C:/Projects/studyhub/output/오전동초등과외/index.html,/오전동초등과외/,2
C:/Projects/studyhub/output/오전동초등수학과외/index.html,/오전동초등수학과외/,1
C:/Projects/studyhub/output/오전동초등영어과외/index.html,/오전동초등영어과외/,1
C:/Projects/studyhub/output/오정구고등과외/index.html,/오정구고등과외/,1
C:/Projects/studyhub/output/오정구고등수학과외/index.html,/오정구고등수학과외/,1
C:/Projects/studyhub/output/오정구고등영어과외/index.html,/오정구고등영어과외/,1
C:/Projects/studyhub/output/오정구과외/index.html,/오정구과외/,2
C:/Projects/studyhub/output/오정구수학과외/index.html,/오정구수학과외/,2
C:/Projects/studyhub/output/오정구영어과외/index.html,/오정구영어과외/,2
C:/Projects/studyhub/output/오정구중등과외/index.html,/오정구중등과외/,2
C:/Projects/studyhub/output/오정구중등수학과외/index.html,/오정구중등수학과외/,1
C:/Projects/studyhub/output/오정구중등영어과외/index.html,/오정구중등영어과외/,1
C:/Projects/studyhub/output/오정구초등과외/index.html,/오정구초등과외/,2
C:/Projects/studyhub/output/오정구초등수학과외/index.html,/오정구초등수학과외/,1
C:/Projects/studyhub/output/오정구초등영어과외/index.html,/오정구초등영어과외/,1
C:/Projects/studyhub/output/오정동고등과외/index.html,/오정동고등과외/,1
C:/Projects/studyhub/output/오정동고등수학과외/index.html,/오정동고등수학과외/,1
C:/Projects/studyhub/output/오정동고등영어과외/index.html,/오정동고등영어과외/,1
C:/Projects/studyhub/output/오정동과외/index.html,/오정동과외/,2
C:/Projects/studyhub/output/오정동수학과외/index.html,/오정동수학과외/,2
C:/Projects/studyhub/output/오정동영어과외/index.html,/오정동영어과외/,2
C:/Projects/studyhub/output/오정동중등과외/index.html,/오정동중등과외/,2
C:/Projects/studyhub/output/오정동중등수학과외/index.html,/오정동중등수학과외/,1
C:/Projects/studyhub/output/오정동중등영어과외/index.html,/오정동중등영어과외/,1
C:/Projects/studyhub/output/오정동초등과외/index.html,/오정동초등과외/,2
C:/Projects/studyhub/output/오정동초등수학과외/index.html,/오정동초등수학과외/,1
C:/Projects/studyhub/output/오정동초등영어과외/index.html,/오정동초등영어과외/,1
C:/Projects/studyhub/output/오창읍고등과외/index.html,/오창읍고등과외/,1
C:/Projects/studyhub/output/오창읍고등수학과외/index.html,/오창읍고등수학과외/,1
C:/Projects/studyhub/output/오창읍고등영어과외/index.html,/오창읍고등영어과외/,1
C:/Projects/studyhub/output/오창읍과외/index.html,/오창읍과외/,2
C:/Projects/studyhub/output/오창읍수학과외/index.html,/오창읍수학과외/,2
C:/Projects/studyhub/output/오창읍영어과외/index.html,/오창읍영어과외/,2
C:/Projects/studyhub/output/오창읍중등과외/index.html,/오창읍중등과외/,2
C:/Projects/studyhub/output/오창읍중등수학과외/index.html,/오창읍중등수학과외/,1
C:/Projects/studyhub/output/오창읍중등영어과외/index.html,/오창읍중등영어과외/,1
C:/Projects/studyhub/output/오창읍초등과외/index.html,/오창읍초등과외/,2
C:/Projects/studyhub/output/오창읍초등수학과외/index.html,/오창읍초등수학과외/,1
C:/Projects/studyhub/output/오창읍초등영어과외/index.html,/오창읍초등영어과외/,1
C:/Projects/studyhub/output/오천읍고등과외/index.html,/오천읍고등과외/,1
C:/Projects/studyhub/output/오천읍고등수학과외/index.html,/오천읍고등수학과외/,1
C:/Projects/studyhub/output/오천읍고등영어과외/index.html,/오천읍고등영어과외/,1
C:/Projects/studyhub/output/오천읍과외/index.html,/오천읍과외/,2
C:/Projects/studyhub/output/오천읍수학과외/index.html,/오천읍수학과외/,2
C:/Projects/studyhub/output/오천읍영어과외/index.html,/오천읍영어과외/,2
C:/Projects/studyhub/output/오천읍중등과외/index.html,/오천읍중등과외/,2
C:/Projects/studyhub/output/오천읍중등수학과외/index.html,/오천읍중등수학과외/,1
C:/Projects/studyhub/output/오천읍중등영어과외/index.html,/오천읍중등영어과외/,1
C:/Projects/studyhub/output/오천읍초등과외/index.html,/오천읍초등과외/,2
C:/Projects/studyhub/output/오천읍초등수학과외/index.html,/오천읍초등수학과외/,1
C:/Projects/studyhub/output/오천읍초등영어과외/index.html,/오천읍초등영어과외/,1
C:/Projects/studyhub/output/오치동고등과외/index.html,/오치동고등과외/,1
C:/Projects/studyhub/output/오치동고등수학과외/index.html,/오치동고등수학과외/,1
C:/Projects/studyhub/output/오치동고등영어과외/index.html,/오치동고등영어과외/,1
C:/Projects/studyhub/output/오치동과외/index.html,/오치동과외/,2
C:/Projects/studyhub/output/오치동수학과외/index.html,/오치동수학과외/,2
C:/Projects/studyhub/output/오치동영어과외/index.html,/오치동영어과외/,2
C:/Projects/studyhub/output/오치동중등과외/index.html,/오치동중등과외/,2
C:/Projects/studyhub/output/오치동중등수학과외/index.html,/오치동중등수학과외/,1
C:/Projects/studyhub/output/오치동중등영어과외/index.html,/오치동중등영어과외/,1
C:/Projects/studyhub/output/오치동초등과외/index.html,/오치동초등과외/,2
C:/Projects/studyhub/output/오치동초등수학과외/index.html,/오치동초등수학과외/,1
C:/Projects/studyhub/output/오치동초등영어과외/index.html,/오치동초등영어과외/,1
C:/Projects/studyhub/output/오포읍고등과외/index.html,/오포읍고등과외/,1
C:/Projects/studyhub/output/오포읍고등수학과외/index.html,/오포읍고등수학과외/,1
C:/Projects/studyhub/output/오포읍고등영어과외/index.html,/오포읍고등영어과외/,1
C:/Projects/studyhub/output/오포읍과외/index.html,/오포읍과외/,2
C:/Projects/studyhub/output/오포읍수학과외/index.html,/오포읍수학과외/,2
C:/Projects/studyhub/output/오포읍영어과외/index.html,/오포읍영어과외/,2
C:/Projects/studyhub/output/오포읍중등과외/index.html,/오포읍중등과외/,2
C:/Projects/studyhub/output/오포읍중등수학과외/index.html,/오포읍중등수학과외/,1
C:/Projects/studyhub/output/오포읍중등영어과외/index.html,/오포읍중등영어과외/,1
C:/Projects/studyhub/output/오포읍초등과외/index.html,/오포읍초등과외/,2
C:/Projects/studyhub/output/오포읍초등수학과외/index.html,/오포읍초등수학과외/,1
C:/Projects/studyhub/output/오포읍초등영어과외/index.html,/오포읍초등영어과외/,1
C:/Projects/studyhub/output/옥곡동고등과외/index.html,/옥곡동고등과외/,1
C:/Projects/studyhub/output/옥곡동고등수학과외/index.html,/옥곡동고등수학과외/,1
C:/Projects/studyhub/output/옥곡동고등영어과외/index.html,/옥곡동고등영어과외/,1
C:/Projects/studyhub/output/옥곡동과외/index.html,/옥곡동과외/,2
C:/Projects/studyhub/output/옥곡동수학과외/index.html,/옥곡동수학과외/,2
C:/Projects/studyhub/output/옥곡동영어과외/index.html,/옥곡동영어과외/,2
C:/Projects/studyhub/output/옥곡동중등과외/index.html,/옥곡동중등과외/,2
C:/Projects/studyhub/output/옥곡동중등수학과외/index.html,/옥곡동중등수학과외/,1
C:/Projects/studyhub/output/옥곡동중등영어과외/index.html,/옥곡동중등영어과외/,1
C:/Projects/studyhub/output/옥곡동초등과외/index.html,/옥곡동초등과외/,2
C:/Projects/studyhub/output/옥곡동초등수학과외/index.html,/옥곡동초등수학과외/,1
C:/Projects/studyhub/output/옥곡동초등영어과외/index.html,/옥곡동초등영어과외/,1
C:/Projects/studyhub/output/옥길동고등과외/index.html,/옥길동고등과외/,1
C:/Projects/studyhub/output/옥길동고등수학과외/index.html,/옥길동고등수학과외/,1
C:/Projects/studyhub/output/옥길동고등영어과외/index.html,/옥길동고등영어과외/,1
C:/Projects/studyhub/output/옥길동과외/index.html,/옥길동과외/,2
C:/Projects/studyhub/output/옥길동수학과외/index.html,/옥길동수학과외/,2
C:/Projects/studyhub/output/옥길동영어과외/index.html,/옥길동영어과외/,2
C:/Projects/studyhub/output/옥길동중등과외/index.html,/옥길동중등과외/,2
C:/Projects/studyhub/output/옥길동중등수학과외/index.html,/옥길동중등수학과외/,1
C:/Projects/studyhub/output/옥길동중등영어과외/index.html,/옥길동중등영어과외/,1
C:/Projects/studyhub/output/옥길동초등과외/index.html,/옥길동초등과외/,2
C:/Projects/studyhub/output/옥길동초등수학과외/index.html,/옥길동초등수학과외/,1
C:/Projects/studyhub/output/옥길동초등영어과외/index.html,/옥길동초등영어과외/,1
C:/Projects/studyhub/output/옥동고등과외/index.html,/옥동고등과외/,1
C:/Projects/studyhub/output/옥동고등수학과외/index.html,/옥동고등수학과외/,1
C:/Projects/studyhub/output/옥동고등영어과외/index.html,/옥동고등영어과외/,1
C:/Projects/studyhub/output/옥동과외/index.html,/옥동과외/,2
C:/Projects/studyhub/output/옥동수학과외/index.html,/옥동수학과외/,2
C:/Projects/studyhub/output/옥동영어과외/index.html,/옥동영어과외/,2
C:/Projects/studyhub/output/옥동중등과외/index.html,/옥동중등과외/,2
C:/Projects/studyhub/output/옥동중등수학과외/index.html,/옥동중등수학과외/,1
C:/Projects/studyhub/output/옥동중등영어과외/index.html,/옥동중등영어과외/,1
C:/Projects/studyhub/output/옥동초등과외/index.html,/옥동초등과외/,2
C:/Projects/studyhub/output/옥동초등수학과외/index.html,/옥동초등수학과외/,1
C:/Projects/studyhub/output/옥동초등영어과외/index.html,/옥동초등영어과외/,1
C:/Projects/studyhub/output/옥련동고등과외/index.html,/옥련동고등과외/,1
C:/Projects/studyhub/output/옥련동고등수학과외/index.html,/옥련동고등수학과외/,1
C:/Projects/studyhub/output/옥련동고등영어과외/index.html,/옥련동고등영어과외/,1
C:/Projects/studyhub/output/옥련동과외/index.html,/옥련동과외/,2
C:/Projects/studyhub/output/옥련동수학과외/index.html,/옥련동수학과외/,2
C:/Projects/studyhub/output/옥련동영어과외/index.html,/옥련동영어과외/,2
C:/Projects/studyhub/output/옥련동중등과외/index.html,/옥련동중등과외/,2
C:/Projects/studyhub/output/옥련동중등수학과외/index.html,/옥련동중등수학과외/,1
C:/Projects/studyhub/output/옥련동중등영어과외/index.html,/옥련동중등영어과외/,1
C:/Projects/studyhub/output/옥련동초등과외/index.html,/옥련동초등과외/,2
C:/Projects/studyhub/output/옥련동초등수학과외/index.html,/옥련동초등수학과외/,1
C:/Projects/studyhub/output/옥련동초등영어과외/index.html,/옥련동초등영어과외/,1
C:/Projects/studyhub/output/옥산동고등과외/index.html,/옥산동고등과외/,1
C:/Projects/studyhub/output/옥산동고등수학과외/index.html,/옥산동고등수학과외/,1
C:/Projects/studyhub/output/옥산동고등영어과외/index.html,/옥산동고등영어과외/,1
C:/Projects/studyhub/output/옥산동과외/index.html,/옥산동과외/,2
C:/Projects/studyhub/output/옥산동수학과외/index.html,/옥산동수학과외/,2
C:/Projects/studyhub/output/옥산동영어과외/index.html,/옥산동영어과외/,2
C:/Projects/studyhub/output/옥산동중등과외/index.html,/옥산동중등과외/,2
C:/Projects/studyhub/output/옥산동중등수학과외/index.html,/옥산동중등수학과외/,1
C:/Projects/studyhub/output/옥산동중등영어과외/index.html,/옥산동중등영어과외/,1
C:/Projects/studyhub/output/옥산동초등과외/index.html,/옥산동초등과외/,2
C:/Projects/studyhub/output/옥산동초등수학과외/index.html,/옥산동초등수학과외/,1
C:/Projects/studyhub/output/옥산동초등영어과외/index.html,/옥산동초등영어과외/,1
C:/Projects/studyhub/output/옥수동고등과외/index.html,/옥수동고등과외/,1
C:/Projects/studyhub/output/옥수동고등수학과외/index.html,/옥수동고등수학과외/,1
C:/Projects/studyhub/output/옥수동고등영어과외/index.html,/옥수동고등영어과외/,1
C:/Projects/studyhub/output/옥수동과외/index.html,/옥수동과외/,2
C:/Projects/studyhub/output/옥수동수학과외/index.html,/옥수동수학과외/,2
C:/Projects/studyhub/output/옥수동영어과외/index.html,/옥수동영어과외/,2
C:/Projects/studyhub/output/옥수동중등과외/index.html,/옥수동중등과외/,2
C:/Projects/studyhub/output/옥수동중등수학과외/index.html,/옥수동중등수학과외/,1
C:/Projects/studyhub/output/옥수동중등영어과외/index.html,/옥수동중등영어과외/,1
C:/Projects/studyhub/output/옥수동초등과외/index.html,/옥수동초등과외/,2
C:/Projects/studyhub/output/옥수동초등수학과외/index.html,/옥수동초등수학과외/,1
C:/Projects/studyhub/output/옥수동초등영어과외/index.html,/옥수동초등영어과외/,1
C:/Projects/studyhub/output/옥정동고등과외/index.html,/옥정동고등과외/,1
C:/Projects/studyhub/output/옥정동고등수학과외/index.html,/옥정동고등수학과외/,1
C:/Projects/studyhub/output/옥정동고등영어과외/index.html,/옥정동고등영어과외/,1
C:/Projects/studyhub/output/옥정동과외/index.html,/옥정동과외/,2
C:/Projects/studyhub/output/옥정동수학과외/index.html,/옥정동수학과외/,2
C:/Projects/studyhub/output/옥정동영어과외/index.html,/옥정동영어과외/,2
C:/Projects/studyhub/output/옥정동중등과외/index.html,/옥정동중등과외/,2
C:/Projects/studyhub/output/옥정동중등수학과외/index.html,/옥정동중등수학과외/,1
C:/Projects/studyhub/output/옥정동중등영어과외/index.html,/옥정동중등영어과외/,1
C:/Projects/studyhub/output/옥정동초등과외/index.html,/옥정동초등과외/,2
C:/Projects/studyhub/output/옥정동초등수학과외/index.html,/옥정동초등수학과외/,1
C:/Projects/studyhub/output/옥정동초등영어과외/index.html,/옥정동초등영어과외/,1
C:/Projects/studyhub/output/온수동고등과외/index.html,/온수동고등과외/,1
C:/Projects/studyhub/output/온수동고등수학과외/index.html,/온수동고등수학과외/,1
C:/Projects/studyhub/output/온수동고등영어과외/index.html,/온수동고등영어과외/,1
C:/Projects/studyhub/output/온수동과외/index.html,/온수동과외/,2
C:/Projects/studyhub/output/온수동수학과외/index.html,/온수동수학과외/,2
C:/Projects/studyhub/output/온수동영어과외/index.html,/온수동영어과외/,2
C:/Projects/studyhub/output/온수동중등과외/index.html,/온수동중등과외/,2
C:/Projects/studyhub/output/온수동중등수학과외/index.html,/온수동중등수학과외/,1
C:/Projects/studyhub/output/온수동중등영어과외/index.html,/온수동중등영어과외/,1
C:/Projects/studyhub/output/온수동초등과외/index.html,/온수동초등과외/,2
C:/Projects/studyhub/output/온수동초등수학과외/index.html,/온수동초등수학과외/,1
C:/Projects/studyhub/output/온수동초등영어과외/index.html,/온수동초등영어과외/,1
C:/Projects/studyhub/output/온의동고등과외/index.html,/온의동고등과외/,1
C:/Projects/studyhub/output/온의동고등수학과외/index.html,/온의동고등수학과외/,1
C:/Projects/studyhub/output/온의동고등영어과외/index.html,/온의동고등영어과외/,1
C:/Projects/studyhub/output/온의동과외/index.html,/온의동과외/,2
C:/Projects/studyhub/output/온의동수학과외/index.html,/온의동수학과외/,2
C:/Projects/studyhub/output/온의동영어과외/index.html,/온의동영어과외/,2
C:/Projects/studyhub/output/온의동중등과외/index.html,/온의동중등과외/,2
C:/Projects/studyhub/output/온의동중등수학과외/index.html,/온의동중등수학과외/,1
C:/Projects/studyhub/output/온의동중등영어과외/index.html,/온의동중등영어과외/,1
C:/Projects/studyhub/output/온의동초등과외/index.html,/온의동초등과외/,2
C:/Projects/studyhub/output/온의동초등수학과외/index.html,/온의동초등수학과외/,1
C:/Projects/studyhub/output/온의동초등영어과외/index.html,/온의동초등영어과외/,1
C:/Projects/studyhub/output/온천동고등과외/index.html,/온천동고등과외/,1
C:/Projects/studyhub/output/온천동고등수학과외/index.html,/온천동고등수학과외/,1
C:/Projects/studyhub/output/온천동고등영어과외/index.html,/온천동고등영어과외/,1
C:/Projects/studyhub/output/온천동과외/index.html,/온천동과외/,2
C:/Projects/studyhub/output/온천동수학과외/index.html,/온천동수학과외/,2
C:/Projects/studyhub/output/온천동영어과외/index.html,/온천동영어과외/,2
C:/Projects/studyhub/output/온천동중등과외/index.html,/온천동중등과외/,2
C:/Projects/studyhub/output/온천동중등수학과외/index.html,/온천동중등수학과외/,1
C:/Projects/studyhub/output/온천동중등영어과외/index.html,/온천동중등영어과외/,1
C:/Projects/studyhub/output/온천동초등과외/index.html,/온천동초등과외/,2
C:/Projects/studyhub/output/온천동초등수학과외/index.html,/온천동초등수학과외/,1
C:/Projects/studyhub/output/온천동초등영어과외/index.html,/온천동초등영어과외/,1
C:/Projects/studyhub/output/와동고등과외/index.html,/와동고등과외/,1
C:/Projects/studyhub/output/와동고등수학과외/index.html,/와동고등수학과외/,1
C:/Projects/studyhub/output/와동고등영어과외/index.html,/와동고등영어과외/,1
C:/Projects/studyhub/output/와동과외/index.html,/와동과외/,2
C:/Projects/studyhub/output/와동동고등과외/index.html,/와동동고등과외/,1
C:/Projects/studyhub/output/와동동고등수학과외/index.html,/와동동고등수학과외/,1
C:/Projects/studyhub/output/와동동고등영어과외/index.html,/와동동고등영어과외/,1
C:/Projects/studyhub/output/와동동과외/index.html,/와동동과외/,2
C:/Projects/studyhub/output/와동동수학과외/index.html,/와동동수학과외/,2
C:/Projects/studyhub/output/와동동영어과외/index.html,/와동동영어과외/,2
C:/Projects/studyhub/output/와동동중등과외/index.html,/와동동중등과외/,2
C:/Projects/studyhub/output/와동동중등수학과외/index.html,/와동동중등수학과외/,1
C:/Projects/studyhub/output/와동동중등영어과외/index.html,/와동동중등영어과외/,1
C:/Projects/studyhub/output/와동동초등과외/index.html,/와동동초등과외/,2
C:/Projects/studyhub/output/와동동초등수학과외/index.html,/와동동초등수학과외/,1
C:/Projects/studyhub/output/와동동초등영어과외/index.html,/와동동초등영어과외/,1
C:/Projects/studyhub/output/와동수학과외/index.html,/와동수학과외/,2
C:/Projects/studyhub/output/와동영어과외/index.html,/와동영어과외/,2
C:/Projects/studyhub/output/와동중등과외/index.html,/와동중등과외/,2
C:/Projects/studyhub/output/와동중등수학과외/index.html,/와동중등수학과외/,1
C:/Projects/studyhub/output/와동중등영어과외/index.html,/와동중등영어과외/,1
C:/Projects/studyhub/output/와동초등과외/index.html,/와동초등과외/,2
C:/Projects/studyhub/output/와동초등수학과외/index.html,/와동초등수학과외/,1
C:/Projects/studyhub/output/와동초등영어과외/index.html,/와동초등영어과외/,1
C:/Projects/studyhub/output/와부읍고등과외/index.html,/와부읍고등과외/,1
C:/Projects/studyhub/output/와부읍고등수학과외/index.html,/와부읍고등수학과외/,1
C:/Projects/studyhub/output/와부읍고등영어과외/index.html,/와부읍고등영어과외/,1
C:/Projects/studyhub/output/와부읍과외/index.html,/와부읍과외/,2
C:/Projects/studyhub/output/와부읍수학과외/index.html,/와부읍수학과외/,2
C:/Projects/studyhub/output/와부읍영어과외/index.html,/와부읍영어과외/,2
C:/Projects/studyhub/output/와부읍중등과외/index.html,/와부읍중등과외/,2
C:/Projects/studyhub/output/와부읍중등수학과외/index.html,/와부읍중등수학과외/,1
C:/Projects/studyhub/output/와부읍중등영어과외/index.html,/와부읍중등영어과외/,1
C:/Projects/studyhub/output/와부읍초등과외/index.html,/와부읍초등과외/,2
C:/Projects/studyhub/output/와부읍초등수학과외/index.html,/와부읍초등수학과외/,1
C:/Projects/studyhub/output/와부읍초등영어과외/index.html,/와부읍초등영어과외/,1
C:/Projects/studyhub/output/왕길동고등과외/index.html,/왕길동고등과외/,1
C:/Projects/studyhub/output/왕길동고등수학과외/index.html,/왕길동고등수학과외/,1
C:/Projects/studyhub/output/왕길동고등영어과외/index.html,/왕길동고등영어과외/,1
C:/Projects/studyhub/output/왕길동과외/index.html,/왕길동과외/,2
C:/Projects/studyhub/output/왕길동수학과외/index.html,/왕길동수학과외/,2
C:/Projects/studyhub/output/왕길동영어과외/index.html,/왕길동영어과외/,2
C:/Projects/studyhub/output/왕길동중등과외/index.html,/왕길동중등과외/,2
C:/Projects/studyhub/output/왕길동중등수학과외/index.html,/왕길동중등수학과외/,1
C:/Projects/studyhub/output/왕길동중등영어과외/index.html,/왕길동중등영어과외/,1
C:/Projects/studyhub/output/왕길동초등과외/index.html,/왕길동초등과외/,2
C:/Projects/studyhub/output/왕길동초등수학과외/index.html,/왕길동초등수학과외/,1
C:/Projects/studyhub/output/왕길동초등영어과외/index.html,/왕길동초등영어과외/,1
C:/Projects/studyhub/output/왕십리고등과외/index.html,/왕십리고등과외/,1
C:/Projects/studyhub/output/왕십리고등수학과외/index.html,/왕십리고등수학과외/,1
C:/Projects/studyhub/output/왕십리고등영어과외/index.html,/왕십리고등영어과외/,1
C:/Projects/studyhub/output/왕십리과외/index.html,/왕십리과외/,2
C:/Projects/studyhub/output/왕십리수학과외/index.html,/왕십리수학과외/,2
C:/Projects/studyhub/output/왕십리영어과외/index.html,/왕십리영어과외/,2
C:/Projects/studyhub/output/왕십리중등과외/index.html,/왕십리중등과외/,2
C:/Projects/studyhub/output/왕십리중등수학과외/index.html,/왕십리중등수학과외/,1
C:/Projects/studyhub/output/왕십리중등영어과외/index.html,/왕십리중등영어과외/,1
C:/Projects/studyhub/output/왕십리초등과외/index.html,/왕십리초등과외/,2
C:/Projects/studyhub/output/왕십리초등수학과외/index.html,/왕십리초등수학과외/,1
C:/Projects/studyhub/output/왕십리초등영어과외/index.html,/왕십리초등영어과외/,1
C:/Projects/studyhub/output/용곡동고등과외/index.html,/용곡동고등과외/,1
C:/Projects/studyhub/output/용곡동고등수학과외/index.html,/용곡동고등수학과외/,1
C:/Projects/studyhub/output/용곡동고등영어과외/index.html,/용곡동고등영어과외/,1
C:/Projects/studyhub/output/용곡동과외/index.html,/용곡동과외/,2
C:/Projects/studyhub/output/용곡동수학과외/index.html,/용곡동수학과외/,2
C:/Projects/studyhub/output/용곡동영어과외/index.html,/용곡동영어과외/,2
C:/Projects/studyhub/output/용곡동중등과외/index.html,/용곡동중등과외/,2
C:/Projects/studyhub/output/용곡동중등수학과외/index.html,/용곡동중등수학과외/,1
C:/Projects/studyhub/output/용곡동중등영어과외/index.html,/용곡동중등영어과외/,1
C:/Projects/studyhub/output/용곡동초등과외/index.html,/용곡동초등과외/,2
C:/Projects/studyhub/output/용곡동초등수학과외/index.html,/용곡동초등수학과외/,1
C:/Projects/studyhub/output/용곡동초등영어과외/index.html,/용곡동초등영어과외/,1
C:/Projects/studyhub/output/용담동고등과외/index.html,/용담동고등과외/,1
C:/Projects/studyhub/output/용담동고등수학과외/index.html,/용담동고등수학과외/,1
C:/Projects/studyhub/output/용담동고등영어과외/index.html,/용담동고등영어과외/,1
C:/Projects/studyhub/output/용담동과외/index.html,/용담동과외/,2
C:/Projects/studyhub/output/용담동수학과외/index.html,/용담동수학과외/,2
C:/Projects/studyhub/output/용담동영어과외/index.html,/용담동영어과외/,2
C:/Projects/studyhub/output/용담동중등과외/index.html,/용담동중등과외/,2
C:/Projects/studyhub/output/용담동중등수학과외/index.html,/용담동중등수학과외/,1
C:/Projects/studyhub/output/용담동중등영어과외/index.html,/용담동중등영어과외/,1
C:/Projects/studyhub/output/용담동초등과외/index.html,/용담동초등과외/,2
C:/Projects/studyhub/output/용담동초등수학과외/index.html,/용담동초등수학과외/,1
C:/Projects/studyhub/output/용담동초등영어과외/index.html,/용담동초등영어과외/,1
C:/Projects/studyhub/output/용답동고등과외/index.html,/용답동고등과외/,1
C:/Projects/studyhub/output/용답동고등수학과외/index.html,/용답동고등수학과외/,1
C:/Projects/studyhub/output/용답동고등영어과외/index.html,/용답동고등영어과외/,1
C:/Projects/studyhub/output/용답동과외/index.html,/용답동과외/,2
C:/Projects/studyhub/output/용답동수학과외/index.html,/용답동수학과외/,2
C:/Projects/studyhub/output/용답동영어과외/index.html,/용답동영어과외/,2
C:/Projects/studyhub/output/용답동중등과외/index.html,/용답동중등과외/,2
C:/Projects/studyhub/output/용답동중등수학과외/index.html,/용답동중등수학과외/,1
C:/Projects/studyhub/output/용답동중등영어과외/index.html,/용답동중등영어과외/,1
C:/Projects/studyhub/output/용답동초등과외/index.html,/용답동초등과외/,2
C:/Projects/studyhub/output/용답동초등수학과외/index.html,/용답동초등수학과외/,1
C:/Projects/studyhub/output/용답동초등영어과외/index.html,/용답동초등영어과외/,1
C:/Projects/studyhub/output/용두동고등과외/index.html,/용두동고등과외/,1
C:/Projects/studyhub/output/용두동고등수학과외/index.html,/용두동고등수학과외/,1
C:/Projects/studyhub/output/용두동고등영어과외/index.html,/용두동고등영어과외/,1
C:/Projects/studyhub/output/용두동과외/index.html,/용두동과외/,2
C:/Projects/studyhub/output/용두동수학과외/index.html,/용두동수학과외/,2
C:/Projects/studyhub/output/용두동영어과외/index.html,/용두동영어과외/,2
C:/Projects/studyhub/output/용두동중등과외/index.html,/용두동중등과외/,2
C:/Projects/studyhub/output/용두동중등수학과외/index.html,/용두동중등수학과외/,1
C:/Projects/studyhub/output/용두동중등영어과외/index.html,/용두동중등영어과외/,1
C:/Projects/studyhub/output/용두동초등과외/index.html,/용두동초등과외/,2
C:/Projects/studyhub/output/용두동초등수학과외/index.html,/용두동초등수학과외/,1
C:/Projects/studyhub/output/용두동초등영어과외/index.html,/용두동초등영어과외/,1
C:/Projects/studyhub/output/용문동고등과외/index.html,/용문동고등과외/,1
C:/Projects/studyhub/output/용문동고등수학과외/index.html,/용문동고등수학과외/,1
C:/Projects/studyhub/output/용문동고등영어과외/index.html,/용문동고등영어과외/,1
C:/Projects/studyhub/output/용문동과외/index.html,/용문동과외/,2
C:/Projects/studyhub/output/용문동수학과외/index.html,/용문동수학과외/,2
C:/Projects/studyhub/output/용문동영어과외/index.html,/용문동영어과외/,2
C:/Projects/studyhub/output/용문동중등과외/index.html,/용문동중등과외/,2
C:/Projects/studyhub/output/용문동중등수학과외/index.html,/용문동중등수학과외/,1
C:/Projects/studyhub/output/용문동중등영어과외/index.html,/용문동중등영어과외/,1
C:/Projects/studyhub/output/용문동초등과외/index.html,/용문동초등과외/,2
C:/Projects/studyhub/output/용문동초등수학과외/index.html,/용문동초등수학과외/,1
C:/Projects/studyhub/output/용문동초등영어과외/index.html,/용문동초등영어과외/,1
C:/Projects/studyhub/output/용봉동고등과외/index.html,/용봉동고등과외/,1
C:/Projects/studyhub/output/용봉동고등수학과외/index.html,/용봉동고등수학과외/,1
C:/Projects/studyhub/output/용봉동고등영어과외/index.html,/용봉동고등영어과외/,1
C:/Projects/studyhub/output/용봉동수학과외/index.html,/용봉동수학과외/,2
C:/Projects/studyhub/output/용봉동영어과외/index.html,/용봉동영어과외/,2
C:/Projects/studyhub/output/용봉동중등과외/index.html,/용봉동중등과외/,2
C:/Projects/studyhub/output/용봉동중등수학과외/index.html,/용봉동중등수학과외/,1
C:/Projects/studyhub/output/용봉동중등영어과외/index.html,/용봉동중등영어과외/,1
C:/Projects/studyhub/output/용봉동초등과외/index.html,/용봉동초등과외/,2
C:/Projects/studyhub/output/용봉동초등수학과외/index.html,/용봉동초등수학과외/,1
C:/Projects/studyhub/output/용봉동초등영어과외/index.html,/용봉동초등영어과외/,1
C:/Projects/studyhub/output/용산구고등과외/index.html,/용산구고등과외/,1
C:/Projects/studyhub/output/용산구고등수학과외/index.html,/용산구고등수학과외/,1
C:/Projects/studyhub/output/용산구고등영어과외/index.html,/용산구고등영어과외/,1
C:/Projects/studyhub/output/용산구과외/index.html,/용산구과외/,2
C:/Projects/studyhub/output/용산구수학과외/index.html,/용산구수학과외/,2
C:/Projects/studyhub/output/용산구영어과외/index.html,/용산구영어과외/,2
C:/Projects/studyhub/output/용산구중등과외/index.html,/용산구중등과외/,2
C:/Projects/studyhub/output/용산구중등수학과외/index.html,/용산구중등수학과외/,1
C:/Projects/studyhub/output/용산구중등영어과외/index.html,/용산구중등영어과외/,1
C:/Projects/studyhub/output/용산구초등과외/index.html,/용산구초등과외/,2
C:/Projects/studyhub/output/용산구초등수학과외/index.html,/용산구초등수학과외/,1
C:/Projects/studyhub/output/용산구초등영어과외/index.html,/용산구초등영어과외/,1
C:/Projects/studyhub/output/용산동고등과외/index.html,/용산동고등과외/,1
C:/Projects/studyhub/output/용산동고등수학과외/index.html,/용산동고등수학과외/,1
C:/Projects/studyhub/output/용산동고등영어과외/index.html,/용산동고등영어과외/,1
C:/Projects/studyhub/output/용산동과외/index.html,/용산동과외/,2
C:/Projects/studyhub/output/용산동수학과외/index.html,/용산동수학과외/,2
C:/Projects/studyhub/output/용산동영어과외/index.html,/용산동영어과외/,2
C:/Projects/studyhub/output/용산동중등과외/index.html,/용산동중등과외/,2
C:/Projects/studyhub/output/용산동중등수학과외/index.html,/용산동중등수학과외/,1
C:/Projects/studyhub/output/용산동중등영어과외/index.html,/용산동중등영어과외/,1
C:/Projects/studyhub/output/용산동초등과외/index.html,/용산동초등과외/,2
C:/Projects/studyhub/output/용산동초등수학과외/index.html,/용산동초등수학과외/,1
C:/Projects/studyhub/output/용산동초등영어과외/index.html,/용산동초등영어과외/,1
C:/Projects/studyhub/output/용암동고등과외/index.html,/용암동고등과외/,1
C:/Projects/studyhub/output/용암동고등수학과외/index.html,/용암동고등수학과외/,1
C:/Projects/studyhub/output/용암동고등영어과외/index.html,/용암동고등영어과외/,1
C:/Projects/studyhub/output/용암동과외/index.html,/용암동과외/,2
C:/Projects/studyhub/output/용암동수학과외/index.html,/용암동수학과외/,2
C:/Projects/studyhub/output/용암동영어과외/index.html,/용암동영어과외/,2
C:/Projects/studyhub/output/용암동중등과외/index.html,/용암동중등과외/,2
C:/Projects/studyhub/output/용암동중등수학과외/index.html,/용암동중등수학과외/,1
C:/Projects/studyhub/output/용암동중등영어과외/index.html,/용암동중등영어과외/,1
C:/Projects/studyhub/output/용암동초등과외/index.html,/용암동초등과외/,2
C:/Projects/studyhub/output/용암동초등수학과외/index.html,/용암동초등수학과외/,1
C:/Projects/studyhub/output/용암동초등영어과외/index.html,/용암동초등영어과외/,1
C:/Projects/studyhub/output/용이동고등과외/index.html,/용이동고등과외/,1
C:/Projects/studyhub/output/용이동고등수학과외/index.html,/용이동고등수학과외/,1
C:/Projects/studyhub/output/용이동고등영어과외/index.html,/용이동고등영어과외/,1
C:/Projects/studyhub/output/용이동과외/index.html,/용이동과외/,2
C:/Projects/studyhub/output/용이동수학과외/index.html,/용이동수학과외/,2
C:/Projects/studyhub/output/용이동영어과외/index.html,/용이동영어과외/,2
C:/Projects/studyhub/output/용이동중등과외/index.html,/용이동중등과외/,2
C:/Projects/studyhub/output/용이동중등수학과외/index.html,/용이동중등수학과외/,1
C:/Projects/studyhub/output/용이동중등영어과외/index.html,/용이동중등영어과외/,1
C:/Projects/studyhub/output/용이동초등과외/index.html,/용이동초등과외/,2
C:/Projects/studyhub/output/용이동초등수학과외/index.html,/용이동초등수학과외/,1
C:/Projects/studyhub/output/용이동초등영어과외/index.html,/용이동초등영어과외/,1
C:/Projects/studyhub/output/용인고등과외/index.html,/용인고등과외/,1
C:/Projects/studyhub/output/용인고등수학과외/index.html,/용인고등수학과외/,1
C:/Projects/studyhub/output/용인고등영어과외/index.html,/용인고등영어과외/,1
C:/Projects/studyhub/output/용인과외/index.html,/용인과외/,2
C:/Projects/studyhub/output/용인수학과외/index.html,/용인수학과외/,2
C:/Projects/studyhub/output/용인영어과외/index.html,/용인영어과외/,2
C:/Projects/studyhub/output/용인중등과외/index.html,/용인중등과외/,2
C:/Projects/studyhub/output/용인중등수학과외/index.html,/용인중등수학과외/,1
C:/Projects/studyhub/output/용인중등영어과외/index.html,/용인중등영어과외/,1
C:/Projects/studyhub/output/용인초등과외/index.html,/용인초등과외/,2
C:/Projects/studyhub/output/용인초등수학과외/index.html,/용인초등수학과외/,1
C:/Projects/studyhub/output/용인초등영어과외/index.html,/용인초등영어과외/,1
C:/Projects/studyhub/output/용정동고등과외/index.html,/용정동고등과외/,1
C:/Projects/studyhub/output/용정동고등수학과외/index.html,/용정동고등수학과외/,1
C:/Projects/studyhub/output/용정동고등영어과외/index.html,/용정동고등영어과외/,1
C:/Projects/studyhub/output/용정동과외/index.html,/용정동과외/,2
C:/Projects/studyhub/output/용정동수학과외/index.html,/용정동수학과외/,2
C:/Projects/studyhub/output/용정동영어과외/index.html,/용정동영어과외/,2
C:/Projects/studyhub/output/용정동중등과외/index.html,/용정동중등과외/,2
C:/Projects/studyhub/output/용정동중등수학과외/index.html,/용정동중등수학과외/,1
C:/Projects/studyhub/output/용정동중등영어과외/index.html,/용정동중등영어과외/,1
C:/Projects/studyhub/output/용정동초등과외/index.html,/용정동초등과외/,2
C:/Projects/studyhub/output/용정동초등수학과외/index.html,/용정동초등수학과외/,1
C:/Projects/studyhub/output/용정동초등영어과외/index.html,/용정동초등영어과외/,1
C:/Projects/studyhub/output/용현동고등과외/index.html,/용현동고등과외/,1
C:/Projects/studyhub/output/용현동고등수학과외/index.html,/용현동고등수학과외/,1
C:/Projects/studyhub/output/용현동고등영어과외/index.html,/용현동고등영어과외/,1
C:/Projects/studyhub/output/용현동과외/index.html,/용현동과외/,2
C:/Projects/studyhub/output/용현동수학과외/index.html,/용현동수학과외/,2
C:/Projects/studyhub/output/용현동영어과외/index.html,/용현동영어과외/,2
C:/Projects/studyhub/output/용현동중등과외/index.html,/용현동중등과외/,2
C:/Projects/studyhub/output/용현동중등수학과외/index.html,/용현동중등수학과외/,1
C:/Projects/studyhub/output/용현동중등영어과외/index.html,/용현동중등영어과외/,1
C:/Projects/studyhub/output/용현동초등과외/index.html,/용현동초등과외/,2
C:/Projects/studyhub/output/용현동초등수학과외/index.html,/용현동초등수학과외/,1
C:/Projects/studyhub/output/용현동초등영어과외/index.html,/용현동초등영어과외/,1
C:/Projects/studyhub/output/우만동고등과외/index.html,/우만동고등과외/,1
C:/Projects/studyhub/output/우만동고등수학과외/index.html,/우만동고등수학과외/,1
C:/Projects/studyhub/output/우만동고등영어과외/index.html,/우만동고등영어과외/,1
C:/Projects/studyhub/output/우만동과외/index.html,/우만동과외/,2
C:/Projects/studyhub/output/우만동수학과외/index.html,/우만동수학과외/,2
C:/Projects/studyhub/output/우만동영어과외/index.html,/우만동영어과외/,2
C:/Projects/studyhub/output/우만동중등과외/index.html,/우만동중등과외/,2
C:/Projects/studyhub/output/우만동중등수학과외/index.html,/우만동중등수학과외/,1
C:/Projects/studyhub/output/우만동중등영어과외/index.html,/우만동중등영어과외/,1
C:/Projects/studyhub/output/우만동초등과외/index.html,/우만동초등과외/,2
C:/Projects/studyhub/output/우만동초등수학과외/index.html,/우만동초등수학과외/,1
C:/Projects/studyhub/output/우만동초등영어과외/index.html,/우만동초등영어과외/,1
C:/Projects/studyhub/output/우산동고등과외/index.html,/우산동고등과외/,1
C:/Projects/studyhub/output/우산동고등수학과외/index.html,/우산동고등수학과외/,1
C:/Projects/studyhub/output/우산동고등영어과외/index.html,/우산동고등영어과외/,1
C:/Projects/studyhub/output/우산동과외/index.html,/우산동과외/,2
C:/Projects/studyhub/output/우산동수학과외/index.html,/우산동수학과외/,2
C:/Projects/studyhub/output/우산동영어과외/index.html,/우산동영어과외/,2
C:/Projects/studyhub/output/우산동중등과외/index.html,/우산동중등과외/,2
C:/Projects/studyhub/output/우산동중등수학과외/index.html,/우산동중등수학과외/,1
C:/Projects/studyhub/output/우산동중등영어과외/index.html,/우산동중등영어과외/,1
C:/Projects/studyhub/output/우산동초등과외/index.html,/우산동초등과외/,2
C:/Projects/studyhub/output/우산동초등수학과외/index.html,/우산동초등수학과외/,1
C:/Projects/studyhub/output/우산동초등영어과외/index.html,/우산동초등영어과외/,1
C:/Projects/studyhub/output/우아동고등과외/index.html,/우아동고등과외/,1
C:/Projects/studyhub/output/우아동고등수학과외/index.html,/우아동고등수학과외/,1
C:/Projects/studyhub/output/우아동고등영어과외/index.html,/우아동고등영어과외/,1
C:/Projects/studyhub/output/우아동과외/index.html,/우아동과외/,2
C:/Projects/studyhub/output/우아동수학과외/index.html,/우아동수학과외/,2
C:/Projects/studyhub/output/우아동영어과외/index.html,/우아동영어과외/,2
C:/Projects/studyhub/output/우아동중등과외/index.html,/우아동중등과외/,2
C:/Projects/studyhub/output/우아동중등수학과외/index.html,/우아동중등수학과외/,1
C:/Projects/studyhub/output/우아동중등영어과외/index.html,/우아동중등영어과외/,1
C:/Projects/studyhub/output/우아동초등과외/index.html,/우아동초등과외/,2
C:/Projects/studyhub/output/우아동초등수학과외/index.html,/우아동초등수학과외/,1
C:/Projects/studyhub/output/우아동초등영어과외/index.html,/우아동초등영어과외/,1
C:/Projects/studyhub/output/우이동고등과외/index.html,/우이동고등과외/,1
C:/Projects/studyhub/output/우이동고등수학과외/index.html,/우이동고등수학과외/,1
C:/Projects/studyhub/output/우이동고등영어과외/index.html,/우이동고등영어과외/,1
C:/Projects/studyhub/output/우이동과외/index.html,/우이동과외/,2
C:/Projects/studyhub/output/우이동수학과외/index.html,/우이동수학과외/,2
C:/Projects/studyhub/output/우이동영어과외/index.html,/우이동영어과외/,2
C:/Projects/studyhub/output/우이동중등과외/index.html,/우이동중등과외/,2
C:/Projects/studyhub/output/우이동중등수학과외/index.html,/우이동중등수학과외/,1
C:/Projects/studyhub/output/우이동중등영어과외/index.html,/우이동중등영어과외/,1
C:/Projects/studyhub/output/우이동초등과외/index.html,/우이동초등과외/,2
C:/Projects/studyhub/output/우이동초등수학과외/index.html,/우이동초등수학과외/,1
C:/Projects/studyhub/output/우이동초등영어과외/index.html,/우이동초등영어과외/,1
C:/Projects/studyhub/output/우정동고등과외/index.html,/우정동고등과외/,1
C:/Projects/studyhub/output/우정동고등수학과외/index.html,/우정동고등수학과외/,1
C:/Projects/studyhub/output/우정동고등영어과외/index.html,/우정동고등영어과외/,1
C:/Projects/studyhub/output/우정동과외/index.html,/우정동과외/,2
C:/Projects/studyhub/output/우정동수학과외/index.html,/우정동수학과외/,2
C:/Projects/studyhub/output/우정동영어과외/index.html,/우정동영어과외/,2
C:/Projects/studyhub/output/우정동중등과외/index.html,/우정동중등과외/,2
C:/Projects/studyhub/output/우정동중등수학과외/index.html,/우정동중등수학과외/,1
C:/Projects/studyhub/output/우정동중등영어과외/index.html,/우정동중등영어과외/,1
C:/Projects/studyhub/output/우정동초등과외/index.html,/우정동초등과외/,2
C:/Projects/studyhub/output/우정동초등수학과외/index.html,/우정동초등수학과외/,1
C:/Projects/studyhub/output/우정동초등영어과외/index.html,/우정동초등영어과외/,1
C:/Projects/studyhub/output/우현동고등과외/index.html,/우현동고등과외/,1
C:/Projects/studyhub/output/우현동고등수학과외/index.html,/우현동고등수학과외/,1
C:/Projects/studyhub/output/우현동고등영어과외/index.html,/우현동고등영어과외/,1
C:/Projects/studyhub/output/우현동과외/index.html,/우현동과외/,2
C:/Projects/studyhub/output/우현동수학과외/index.html,/우현동수학과외/,2
C:/Projects/studyhub/output/우현동영어과외/index.html,/우현동영어과외/,2
C:/Projects/studyhub/output/우현동중등과외/index.html,/우현동중등과외/,2
C:/Projects/studyhub/output/우현동중등수학과외/index.html,/우현동중등수학과외/,1
C:/Projects/studyhub/output/우현동중등영어과외/index.html,/우현동중등영어과외/,1
C:/Projects/studyhub/output/우현동초등과외/index.html,/우현동초등과외/,2
C:/Projects/studyhub/output/우현동초등수학과외/index.html,/우현동초등수학과외/,1
C:/Projects/studyhub/output/우현동초등영어과외/index.html,/우현동초등영어과외/,1
C:/Projects/studyhub/output/운남동고등과외/index.html,/운남동고등과외/,1
C:/Projects/studyhub/output/운남동고등수학과외/index.html,/운남동고등수학과외/,1
C:/Projects/studyhub/output/운남동고등영어과외/index.html,/운남동고등영어과외/,1
C:/Projects/studyhub/output/운남동과외/index.html,/운남동과외/,2
C:/Projects/studyhub/output/운남동수학과외/index.html,/운남동수학과외/,2
C:/Projects/studyhub/output/운남동영어과외/index.html,/운남동영어과외/,2
C:/Projects/studyhub/output/운남동중등과외/index.html,/운남동중등과외/,2
C:/Projects/studyhub/output/운남동중등수학과외/index.html,/운남동중등수학과외/,1
C:/Projects/studyhub/output/운남동중등영어과외/index.html,/운남동중등영어과외/,1
C:/Projects/studyhub/output/운남동초등과외/index.html,/운남동초등과외/,2
C:/Projects/studyhub/output/운남동초등수학과외/index.html,/운남동초등수학과외/,1
C:/Projects/studyhub/output/운남동초등영어과외/index.html,/운남동초등영어과외/,1
C:/Projects/studyhub/output/운암동고등과외/index.html,/운암동고등과외/,1
C:/Projects/studyhub/output/운암동고등수학과외/index.html,/운암동고등수학과외/,1
C:/Projects/studyhub/output/운암동고등영어과외/index.html,/운암동고등영어과외/,1
C:/Projects/studyhub/output/운암동과외/index.html,/운암동과외/,2
C:/Projects/studyhub/output/운암동수학과외/index.html,/운암동수학과외/,2
C:/Projects/studyhub/output/운암동영어과외/index.html,/운암동영어과외/,2
C:/Projects/studyhub/output/운암동중등과외/index.html,/운암동중등과외/,2
C:/Projects/studyhub/output/운암동중등수학과외/index.html,/운암동중등수학과외/,1
C:/Projects/studyhub/output/운암동중등영어과외/index.html,/운암동중등영어과외/,1
C:/Projects/studyhub/output/운암동초등과외/index.html,/운암동초등과외/,2
C:/Projects/studyhub/output/운암동초등수학과외/index.html,/운암동초등수학과외/,1
C:/Projects/studyhub/output/운암동초등영어과외/index.html,/운암동초등영어과외/,1
C:/Projects/studyhub/output/운양동고등과외/index.html,/운양동고등과외/,1
C:/Projects/studyhub/output/운양동고등수학과외/index.html,/운양동고등수학과외/,1
C:/Projects/studyhub/output/운양동고등영어과외/index.html,/운양동고등영어과외/,1
C:/Projects/studyhub/output/운양동과외/index.html,/운양동과외/,2
C:/Projects/studyhub/output/운양동수학과외/index.html,/운양동수학과외/,2
C:/Projects/studyhub/output/운양동영어과외/index.html,/운양동영어과외/,2
C:/Projects/studyhub/output/운양동중등과외/index.html,/운양동중등과외/,2
C:/Projects/studyhub/output/운양동중등수학과외/index.html,/운양동중등수학과외/,1
C:/Projects/studyhub/output/운양동중등영어과외/index.html,/운양동중등영어과외/,1
C:/Projects/studyhub/output/운양동초등과외/index.html,/운양동초등과외/,2
C:/Projects/studyhub/output/운양동초등수학과외/index.html,/운양동초등수학과외/,1
C:/Projects/studyhub/output/운양동초등영어과외/index.html,/운양동초등영어과외/,1
C:/Projects/studyhub/output/운중동고등과외/index.html,/운중동고등과외/,1
C:/Projects/studyhub/output/운중동고등수학과외/index.html,/운중동고등수학과외/,1
C:/Projects/studyhub/output/운중동고등영어과외/index.html,/운중동고등영어과외/,1
C:/Projects/studyhub/output/운중동과외/index.html,/운중동과외/,2
C:/Projects/studyhub/output/운중동수학과외/index.html,/운중동수학과외/,2
C:/Projects/studyhub/output/운중동영어과외/index.html,/운중동영어과외/,2
C:/Projects/studyhub/output/운중동중등과외/index.html,/운중동중등과외/,2
C:/Projects/studyhub/output/운중동중등수학과외/index.html,/운중동중등수학과외/,1
C:/Projects/studyhub/output/운중동중등영어과외/index.html,/운중동중등영어과외/,1
C:/Projects/studyhub/output/운중동초등과외/index.html,/운중동초등과외/,2
C:/Projects/studyhub/output/운중동초등수학과외/index.html,/운중동초등수학과외/,1
C:/Projects/studyhub/output/운중동초등영어과외/index.html,/운중동초등영어과외/,1
C:/Projects/studyhub/output/울산고등과외/index.html,/울산고등과외/,1
C:/Projects/studyhub/output/울산고등수학과외/index.html,/울산고등수학과외/,1
C:/Projects/studyhub/output/울산고등영어과외/index.html,/울산고등영어과외/,1
C:/Projects/studyhub/output/울산과외/index.html,/울산과외/,2
C:/Projects/studyhub/output/울산남구고등과외/index.html,/울산남구고등과외/,1
C:/Projects/studyhub/output/울산남구고등수학과외/index.html,/울산남구고등수학과외/,1
C:/Projects/studyhub/output/울산남구고등영어과외/index.html,/울산남구고등영어과외/,1
C:/Projects/studyhub/output/울산남구과외/index.html,/울산남구과외/,2
C:/Projects/studyhub/output/울산남구수학과외/index.html,/울산남구수학과외/,2
C:/Projects/studyhub/output/울산남구영어과외/index.html,/울산남구영어과외/,2
C:/Projects/studyhub/output/울산남구중등과외/index.html,/울산남구중등과외/,2
C:/Projects/studyhub/output/울산남구중등수학과외/index.html,/울산남구중등수학과외/,1
C:/Projects/studyhub/output/울산남구중등영어과외/index.html,/울산남구중등영어과외/,1
C:/Projects/studyhub/output/울산남구초등과외/index.html,/울산남구초등과외/,2
C:/Projects/studyhub/output/울산남구초등수학과외/index.html,/울산남구초등수학과외/,1
C:/Projects/studyhub/output/울산남구초등영어과외/index.html,/울산남구초등영어과외/,1
C:/Projects/studyhub/output/울산동구고등과외/index.html,/울산동구고등과외/,1
C:/Projects/studyhub/output/울산동구고등수학과외/index.html,/울산동구고등수학과외/,1
C:/Projects/studyhub/output/울산동구고등영어과외/index.html,/울산동구고등영어과외/,1
C:/Projects/studyhub/output/울산동구과외/index.html,/울산동구과외/,2
C:/Projects/studyhub/output/울산동구수학과외/index.html,/울산동구수학과외/,2
C:/Projects/studyhub/output/울산동구영어과외/index.html,/울산동구영어과외/,2
C:/Projects/studyhub/output/울산동구중등과외/index.html,/울산동구중등과외/,2
C:/Projects/studyhub/output/울산동구중등수학과외/index.html,/울산동구중등수학과외/,1
C:/Projects/studyhub/output/울산동구중등영어과외/index.html,/울산동구중등영어과외/,1
C:/Projects/studyhub/output/울산동구초등과외/index.html,/울산동구초등과외/,2
C:/Projects/studyhub/output/울산동구초등수학과외/index.html,/울산동구초등수학과외/,1
C:/Projects/studyhub/output/울산동구초등영어과외/index.html,/울산동구초등영어과외/,1
C:/Projects/studyhub/output/울산북구고등과외/index.html,/울산북구고등과외/,1
C:/Projects/studyhub/output/울산북구고등수학과외/index.html,/울산북구고등수학과외/,1
C:/Projects/studyhub/output/울산북구고등영어과외/index.html,/울산북구고등영어과외/,1
C:/Projects/studyhub/output/울산북구과외/index.html,/울산북구과외/,2
C:/Projects/studyhub/output/울산북구수학과외/index.html,/울산북구수학과외/,2
C:/Projects/studyhub/output/울산북구영어과외/index.html,/울산북구영어과외/,2
C:/Projects/studyhub/output/울산북구중등과외/index.html,/울산북구중등과외/,2
C:/Projects/studyhub/output/울산북구중등수학과외/index.html,/울산북구중등수학과외/,1
C:/Projects/studyhub/output/울산북구중등영어과외/index.html,/울산북구중등영어과외/,1
C:/Projects/studyhub/output/울산북구초등과외/index.html,/울산북구초등과외/,2
C:/Projects/studyhub/output/울산북구초등수학과외/index.html,/울산북구초등수학과외/,1
C:/Projects/studyhub/output/울산북구초등영어과외/index.html,/울산북구초등영어과외/,1
C:/Projects/studyhub/output/울산수학과외/index.html,/울산수학과외/,2
C:/Projects/studyhub/output/울산영어과외/index.html,/울산영어과외/,2
C:/Projects/studyhub/output/울산중구고등과외/index.html,/울산중구고등과외/,1
C:/Projects/studyhub/output/울산중구고등수학과외/index.html,/울산중구고등수학과외/,1
C:/Projects/studyhub/output/울산중구고등영어과외/index.html,/울산중구고등영어과외/,1
C:/Projects/studyhub/output/울산중구과외/index.html,/울산중구과외/,2
C:/Projects/studyhub/output/울산중구수학과외/index.html,/울산중구수학과외/,2
C:/Projects/studyhub/output/울산중구영어과외/index.html,/울산중구영어과외/,2
C:/Projects/studyhub/output/울산중구중등과외/index.html,/울산중구중등과외/,2
C:/Projects/studyhub/output/울산중구중등수학과외/index.html,/울산중구중등수학과외/,1
C:/Projects/studyhub/output/울산중구중등영어과외/index.html,/울산중구중등영어과외/,1
C:/Projects/studyhub/output/울산중구초등과외/index.html,/울산중구초등과외/,2
C:/Projects/studyhub/output/울산중구초등수학과외/index.html,/울산중구초등수학과외/,1
C:/Projects/studyhub/output/울산중구초등영어과외/index.html,/울산중구초등영어과외/,1
C:/Projects/studyhub/output/울산중등과외/index.html,/울산중등과외/,2
C:/Projects/studyhub/output/울산중등수학과외/index.html,/울산중등수학과외/,1
C:/Projects/studyhub/output/울산중등영어과외/index.html,/울산중등영어과외/,1
C:/Projects/studyhub/output/울산초등과외/index.html,/울산초등과외/,2
C:/Projects/studyhub/output/울산초등수학과외/index.html,/울산초등수학과외/,1
C:/Projects/studyhub/output/울산초등영어과외/index.html,/울산초등영어과외/,1
C:/Projects/studyhub/output/울주군고등과외/index.html,/울주군고등과외/,1
C:/Projects/studyhub/output/울주군고등수학과외/index.html,/울주군고등수학과외/,1
C:/Projects/studyhub/output/울주군고등영어과외/index.html,/울주군고등영어과외/,1
C:/Projects/studyhub/output/울주군과외/index.html,/울주군과외/,2
C:/Projects/studyhub/output/울주군수학과외/index.html,/울주군수학과외/,2
C:/Projects/studyhub/output/울주군영어과외/index.html,/울주군영어과외/,2
C:/Projects/studyhub/output/울주군중등과외/index.html,/울주군중등과외/,2
C:/Projects/studyhub/output/울주군중등수학과외/index.html,/울주군중등수학과외/,1
C:/Projects/studyhub/output/울주군중등영어과외/index.html,/울주군중등영어과외/,1
C:/Projects/studyhub/output/울주군초등과외/index.html,/울주군초등과외/,2
C:/Projects/studyhub/output/울주군초등수학과외/index.html,/울주군초등수학과외/,1
C:/Projects/studyhub/output/울주군초등영어과외/index.html,/울주군초등영어과외/,1
C:/Projects/studyhub/output/원곡동고등과외/index.html,/원곡동고등과외/,1
C:/Projects/studyhub/output/원곡동고등수학과외/index.html,/원곡동고등수학과외/,1
C:/Projects/studyhub/output/원곡동고등영어과외/index.html,/원곡동고등영어과외/,1
C:/Projects/studyhub/output/원곡동과외/index.html,/원곡동과외/,2
C:/Projects/studyhub/output/원곡동수학과외/index.html,/원곡동수학과외/,2
C:/Projects/studyhub/output/원곡동영어과외/index.html,/원곡동영어과외/,2
C:/Projects/studyhub/output/원곡동중등과외/index.html,/원곡동중등과외/,2
C:/Projects/studyhub/output/원곡동중등수학과외/index.html,/원곡동중등수학과외/,1
C:/Projects/studyhub/output/원곡동중등영어과외/index.html,/원곡동중등영어과외/,1
C:/Projects/studyhub/output/원곡동초등과외/index.html,/원곡동초등과외/,2
C:/Projects/studyhub/output/원곡동초등수학과외/index.html,/원곡동초등수학과외/,1
C:/Projects/studyhub/output/원곡동초등영어과외/index.html,/원곡동초등영어과외/,1
C:/Projects/studyhub/output/원당동고등과외/index.html,/원당동고등과외/,1
C:/Projects/studyhub/output/원당동고등수학과외/index.html,/원당동고등수학과외/,1
C:/Projects/studyhub/output/원당동고등영어과외/index.html,/원당동고등영어과외/,1
C:/Projects/studyhub/output/원당동과외/index.html,/원당동과외/,2
C:/Projects/studyhub/output/원당동수학과외/index.html,/원당동수학과외/,2
C:/Projects/studyhub/output/원당동영어과외/index.html,/원당동영어과외/,2
C:/Projects/studyhub/output/원당동중등과외/index.html,/원당동중등과외/,2
C:/Projects/studyhub/output/원당동중등수학과외/index.html,/원당동중등수학과외/,1
C:/Projects/studyhub/output/원당동중등영어과외/index.html,/원당동중등영어과외/,1
C:/Projects/studyhub/output/원당동초등과외/index.html,/원당동초등과외/,2
C:/Projects/studyhub/output/원당동초등수학과외/index.html,/원당동초등수학과외/,1
C:/Projects/studyhub/output/원당동초등영어과외/index.html,/원당동초등영어과외/,1
C:/Projects/studyhub/output/원대동고등과외/index.html,/원대동고등과외/,1
C:/Projects/studyhub/output/원대동고등수학과외/index.html,/원대동고등수학과외/,1
C:/Projects/studyhub/output/원대동고등영어과외/index.html,/원대동고등영어과외/,1
C:/Projects/studyhub/output/원대동과외/index.html,/원대동과외/,2
C:/Projects/studyhub/output/원대동수학과외/index.html,/원대동수학과외/,2
C:/Projects/studyhub/output/원대동영어과외/index.html,/원대동영어과외/,2
C:/Projects/studyhub/output/원대동중등과외/index.html,/원대동중등과외/,2
C:/Projects/studyhub/output/원대동중등수학과외/index.html,/원대동중등수학과외/,1
C:/Projects/studyhub/output/원대동중등영어과외/index.html,/원대동중등영어과외/,1
C:/Projects/studyhub/output/원대동초등과외/index.html,/원대동초등과외/,2
C:/Projects/studyhub/output/원대동초등수학과외/index.html,/원대동초등수학과외/,1
C:/Projects/studyhub/output/원대동초등영어과외/index.html,/원대동초등영어과외/,1
C:/Projects/studyhub/output/원문동고등과외/index.html,/원문동고등과외/,1
C:/Projects/studyhub/output/원문동고등수학과외/index.html,/원문동고등수학과외/,1
C:/Projects/studyhub/output/원문동고등영어과외/index.html,/원문동고등영어과외/,1
C:/Projects/studyhub/output/원문동과외/index.html,/원문동과외/,2
C:/Projects/studyhub/output/원문동수학과외/index.html,/원문동수학과외/,2
C:/Projects/studyhub/output/원문동영어과외/index.html,/원문동영어과외/,2
C:/Projects/studyhub/output/원문동중등과외/index.html,/원문동중등과외/,2
C:/Projects/studyhub/output/원문동중등수학과외/index.html,/원문동중등수학과외/,1
C:/Projects/studyhub/output/원문동중등영어과외/index.html,/원문동중등영어과외/,1
C:/Projects/studyhub/output/원문동초등과외/index.html,/원문동초등과외/,2
C:/Projects/studyhub/output/원문동초등수학과외/index.html,/원문동초등수학과외/,1
C:/Projects/studyhub/output/원문동초등영어과외/index.html,/원문동초등영어과외/,1
C:/Projects/studyhub/output/원미구고등과외/index.html,/원미구고등과외/,1
C:/Projects/studyhub/output/원미구고등수학과외/index.html,/원미구고등수학과외/,1
C:/Projects/studyhub/output/원미구고등영어과외/index.html,/원미구고등영어과외/,1
C:/Projects/studyhub/output/원미구과외/index.html,/원미구과외/,2
C:/Projects/studyhub/output/원미구수학과외/index.html,/원미구수학과외/,2
C:/Projects/studyhub/output/원미구영어과외/index.html,/원미구영어과외/,2
C:/Projects/studyhub/output/원미구중등과외/index.html,/원미구중등과외/,2
C:/Projects/studyhub/output/원미구중등수학과외/index.html,/원미구중등수학과외/,1
C:/Projects/studyhub/output/원미구중등영어과외/index.html,/원미구중등영어과외/,1
C:/Projects/studyhub/output/원미구초등과외/index.html,/원미구초등과외/,2
C:/Projects/studyhub/output/원미구초등수학과외/index.html,/원미구초등수학과외/,1
C:/Projects/studyhub/output/원미구초등영어과외/index.html,/원미구초등영어과외/,1
C:/Projects/studyhub/output/원미동고등과외/index.html,/원미동고등과외/,1
C:/Projects/studyhub/output/원미동고등수학과외/index.html,/원미동고등수학과외/,1
C:/Projects/studyhub/output/원미동고등영어과외/index.html,/원미동고등영어과외/,1
C:/Projects/studyhub/output/원미동과외/index.html,/원미동과외/,2
C:/Projects/studyhub/output/원미동수학과외/index.html,/원미동수학과외/,2
C:/Projects/studyhub/output/원미동영어과외/index.html,/원미동영어과외/,2
C:/Projects/studyhub/output/원미동중등과외/index.html,/원미동중등과외/,2
C:/Projects/studyhub/output/원미동중등수학과외/index.html,/원미동중등수학과외/,1
C:/Projects/studyhub/output/원미동중등영어과외/index.html,/원미동중등영어과외/,1
C:/Projects/studyhub/output/원미동초등과외/index.html,/원미동초등과외/,2
C:/Projects/studyhub/output/원미동초등수학과외/index.html,/원미동초등수학과외/,1
C:/Projects/studyhub/output/원미동초등영어과외/index.html,/원미동초등영어과외/,1
C:/Projects/studyhub/output/원신흥동고등과외/index.html,/원신흥동고등과외/,1
C:/Projects/studyhub/output/원신흥동고등수학과외/index.html,/원신흥동고등수학과외/,1
C:/Projects/studyhub/output/원신흥동고등영어과외/index.html,/원신흥동고등영어과외/,1
C:/Projects/studyhub/output/원신흥동과외/index.html,/원신흥동과외/,2
C:/Projects/studyhub/output/원신흥동수학과외/index.html,/원신흥동수학과외/,2
C:/Projects/studyhub/output/원신흥동영어과외/index.html,/원신흥동영어과외/,2
C:/Projects/studyhub/output/원신흥동중등과외/index.html,/원신흥동중등과외/,2
C:/Projects/studyhub/output/원신흥동중등수학과외/index.html,/원신흥동중등수학과외/,1
C:/Projects/studyhub/output/원신흥동중등영어과외/index.html,/원신흥동중등영어과외/,1
C:/Projects/studyhub/output/원신흥동초등과외/index.html,/원신흥동초등과외/,2
C:/Projects/studyhub/output/원신흥동초등수학과외/index.html,/원신흥동초등수학과외/,1
C:/Projects/studyhub/output/원신흥동초등영어과외/index.html,/원신흥동초등영어과외/,1
C:/Projects/studyhub/output/원종동고등과외/index.html,/원종동고등과외/,1
C:/Projects/studyhub/output/원종동고등수학과외/index.html,/원종동고등수학과외/,1
C:/Projects/studyhub/output/원종동고등영어과외/index.html,/원종동고등영어과외/,1
C:/Projects/studyhub/output/원종동과외/index.html,/원종동과외/,2
C:/Projects/studyhub/output/원종동수학과외/index.html,/원종동수학과외/,2
C:/Projects/studyhub/output/원종동영어과외/index.html,/원종동영어과외/,2
C:/Projects/studyhub/output/원종동중등과외/index.html,/원종동중등과외/,2
C:/Projects/studyhub/output/원종동중등수학과외/index.html,/원종동중등수학과외/,1
C:/Projects/studyhub/output/원종동중등영어과외/index.html,/원종동중등영어과외/,1
C:/Projects/studyhub/output/원종동초등과외/index.html,/원종동초등과외/,2
C:/Projects/studyhub/output/원종동초등수학과외/index.html,/원종동초등수학과외/,1
C:/Projects/studyhub/output/원종동초등영어과외/index.html,/원종동초등영어과외/,1
C:/Projects/studyhub/output/원주고등과외/index.html,/원주고등과외/,1
C:/Projects/studyhub/output/원주고등수학과외/index.html,/원주고등수학과외/,1
C:/Projects/studyhub/output/원주고등영어과외/index.html,/원주고등영어과외/,1
C:/Projects/studyhub/output/원주과외/index.html,/원주과외/,2
C:/Projects/studyhub/output/원주수학과외/index.html,/원주수학과외/,2
C:/Projects/studyhub/output/원주영어과외/index.html,/원주영어과외/,2
C:/Projects/studyhub/output/원주중등과외/index.html,/원주중등과외/,2
C:/Projects/studyhub/output/원주중등수학과외/index.html,/원주중등수학과외/,1
C:/Projects/studyhub/output/원주중등영어과외/index.html,/원주중등영어과외/,1
C:/Projects/studyhub/output/원주초등과외/index.html,/원주초등과외/,2
C:/Projects/studyhub/output/원주초등수학과외/index.html,/원주초등수학과외/,1
C:/Projects/studyhub/output/원주초등영어과외/index.html,/원주초등영어과외/,1
C:/Projects/studyhub/output/원천동고등과외/index.html,/원천동고등과외/,1
C:/Projects/studyhub/output/원천동고등수학과외/index.html,/원천동고등수학과외/,1
C:/Projects/studyhub/output/원천동고등영어과외/index.html,/원천동고등영어과외/,1
C:/Projects/studyhub/output/원천동과외/index.html,/원천동과외/,2
C:/Projects/studyhub/output/원천동수학과외/index.html,/원천동수학과외/,2
C:/Projects/studyhub/output/원천동영어과외/index.html,/원천동영어과외/,2
C:/Projects/studyhub/output/원천동중등과외/index.html,/원천동중등과외/,2
C:/Projects/studyhub/output/원천동중등수학과외/index.html,/원천동중등수학과외/,1
C:/Projects/studyhub/output/원천동중등영어과외/index.html,/원천동중등영어과외/,1
C:/Projects/studyhub/output/원천동초등과외/index.html,/원천동초등과외/,2
C:/Projects/studyhub/output/원천동초등수학과외/index.html,/원천동초등수학과외/,1
C:/Projects/studyhub/output/원천동초등영어과외/index.html,/원천동초등영어과외/,1
C:/Projects/studyhub/output/원흥동고등과외/index.html,/원흥동고등과외/,1
C:/Projects/studyhub/output/원흥동고등수학과외/index.html,/원흥동고등수학과외/,1
C:/Projects/studyhub/output/원흥동고등영어과외/index.html,/원흥동고등영어과외/,1
C:/Projects/studyhub/output/원흥동과외/index.html,/원흥동과외/,2
C:/Projects/studyhub/output/원흥동수학과외/index.html,/원흥동수학과외/,2
C:/Projects/studyhub/output/원흥동영어과외/index.html,/원흥동영어과외/,2
C:/Projects/studyhub/output/원흥동중등과외/index.html,/원흥동중등과외/,2
C:/Projects/studyhub/output/원흥동중등수학과외/index.html,/원흥동중등수학과외/,1
C:/Projects/studyhub/output/원흥동중등영어과외/index.html,/원흥동중등영어과외/,1
C:/Projects/studyhub/output/원흥동초등과외/index.html,/원흥동초등과외/,2
C:/Projects/studyhub/output/원흥동초등수학과외/index.html,/원흥동초등수학과외/,1
C:/Projects/studyhub/output/원흥동초등영어과외/index.html,/원흥동초등영어과외/,1
C:/Projects/studyhub/output/월계동고등과외/index.html,/월계동고등과외/,1
C:/Projects/studyhub/output/월계동고등수학과외/index.html,/월계동고등수학과외/,1
C:/Projects/studyhub/output/월계동고등영어과외/index.html,/월계동고등영어과외/,1
C:/Projects/studyhub/output/월계동과외/index.html,/월계동과외/,2
C:/Projects/studyhub/output/월계동수학과외/index.html,/월계동수학과외/,2
C:/Projects/studyhub/output/월계동영어과외/index.html,/월계동영어과외/,2
C:/Projects/studyhub/output/월계동중등과외/index.html,/월계동중등과외/,2
C:/Projects/studyhub/output/월계동중등수학과외/index.html,/월계동중등수학과외/,1
C:/Projects/studyhub/output/월계동중등영어과외/index.html,/월계동중등영어과외/,1
C:/Projects/studyhub/output/월계동초등과외/index.html,/월계동초등과외/,2
C:/Projects/studyhub/output/월계동초등수학과외/index.html,/월계동초등수학과외/,1
C:/Projects/studyhub/output/월계동초등영어과외/index.html,/월계동초등영어과외/,1
C:/Projects/studyhub/output/월곡동고등과외/index.html,/월곡동고등과외/,1
C:/Projects/studyhub/output/월곡동고등수학과외/index.html,/월곡동고등수학과외/,1
C:/Projects/studyhub/output/월곡동고등영어과외/index.html,/월곡동고등영어과외/,1
C:/Projects/studyhub/output/월곡동과외/index.html,/월곡동과외/,2
C:/Projects/studyhub/output/월곡동수학과외/index.html,/월곡동수학과외/,2
C:/Projects/studyhub/output/월곡동영어과외/index.html,/월곡동영어과외/,2
C:/Projects/studyhub/output/월곡동중등과외/index.html,/월곡동중등과외/,2
C:/Projects/studyhub/output/월곡동중등수학과외/index.html,/월곡동중등수학과외/,1
C:/Projects/studyhub/output/월곡동중등영어과외/index.html,/월곡동중등영어과외/,1
C:/Projects/studyhub/output/월곡동초등과외/index.html,/월곡동초등과외/,2
C:/Projects/studyhub/output/월곡동초등수학과외/index.html,/월곡동초등수학과외/,1
C:/Projects/studyhub/output/월곡동초등영어과외/index.html,/월곡동초등영어과외/,1
C:/Projects/studyhub/output/월곶동고등과외/index.html,/월곶동고등과외/,1
C:/Projects/studyhub/output/월곶동고등수학과외/index.html,/월곶동고등수학과외/,1
C:/Projects/studyhub/output/월곶동고등영어과외/index.html,/월곶동고등영어과외/,1
C:/Projects/studyhub/output/월곶동과외/index.html,/월곶동과외/,2
C:/Projects/studyhub/output/월곶동수학과외/index.html,/월곶동수학과외/,2
C:/Projects/studyhub/output/월곶동영어과외/index.html,/월곶동영어과외/,2
C:/Projects/studyhub/output/월곶동중등과외/index.html,/월곶동중등과외/,2
C:/Projects/studyhub/output/월곶동중등수학과외/index.html,/월곶동중등수학과외/,1
C:/Projects/studyhub/output/월곶동중등영어과외/index.html,/월곶동중등영어과외/,1
C:/Projects/studyhub/output/월곶동초등과외/index.html,/월곶동초등과외/,2
C:/Projects/studyhub/output/월곶동초등수학과외/index.html,/월곶동초등수학과외/,1
C:/Projects/studyhub/output/월곶동초등영어과외/index.html,/월곶동초등영어과외/,1
C:/Projects/studyhub/output/월산동고등과외/index.html,/월산동고등과외/,1
C:/Projects/studyhub/output/월산동고등수학과외/index.html,/월산동고등수학과외/,1
C:/Projects/studyhub/output/월산동고등영어과외/index.html,/월산동고등영어과외/,1
C:/Projects/studyhub/output/월산동과외/index.html,/월산동과외/,2
C:/Projects/studyhub/output/월산동수학과외/index.html,/월산동수학과외/,2
C:/Projects/studyhub/output/월산동영어과외/index.html,/월산동영어과외/,2
C:/Projects/studyhub/output/월산동중등과외/index.html,/월산동중등과외/,2
C:/Projects/studyhub/output/월산동중등수학과외/index.html,/월산동중등수학과외/,1
C:/Projects/studyhub/output/월산동중등영어과외/index.html,/월산동중등영어과외/,1
C:/Projects/studyhub/output/월산동초등과외/index.html,/월산동초등과외/,2
C:/Projects/studyhub/output/월산동초등수학과외/index.html,/월산동초등수학과외/,1
C:/Projects/studyhub/output/월산동초등영어과외/index.html,/월산동초등영어과외/,1
C:/Projects/studyhub/output/월성동고등과외/index.html,/월성동고등과외/,1
C:/Projects/studyhub/output/월성동고등수학과외/index.html,/월성동고등수학과외/,1
C:/Projects/studyhub/output/월성동고등영어과외/index.html,/월성동고등영어과외/,1
C:/Projects/studyhub/output/월성동과외/index.html,/월성동과외/,2
C:/Projects/studyhub/output/월성동수학과외/index.html,/월성동수학과외/,2
C:/Projects/studyhub/output/월성동영어과외/index.html,/월성동영어과외/,2
C:/Projects/studyhub/output/월성동중등과외/index.html,/월성동중등과외/,2
C:/Projects/studyhub/output/월성동중등수학과외/index.html,/월성동중등수학과외/,1
C:/Projects/studyhub/output/월성동중등영어과외/index.html,/월성동중등영어과외/,1
C:/Projects/studyhub/output/월성동초등과외/index.html,/월성동초등과외/,2
C:/Projects/studyhub/output/월성동초등수학과외/index.html,/월성동초등수학과외/,1
C:/Projects/studyhub/output/월성동초등영어과외/index.html,/월성동초등영어과외/,1
C:/Projects/studyhub/output/월평동고등과외/index.html,/월평동고등과외/,1
C:/Projects/studyhub/output/월평동고등수학과외/index.html,/월평동고등수학과외/,1
C:/Projects/studyhub/output/월평동고등영어과외/index.html,/월평동고등영어과외/,1
C:/Projects/studyhub/output/월평동과외/index.html,/월평동과외/,2
C:/Projects/studyhub/output/월평동수학과외/index.html,/월평동수학과외/,2
C:/Projects/studyhub/output/월평동영어과외/index.html,/월평동영어과외/,2
C:/Projects/studyhub/output/월평동중등과외/index.html,/월평동중등과외/,2
C:/Projects/studyhub/output/월평동중등수학과외/index.html,/월평동중등수학과외/,1
C:/Projects/studyhub/output/월평동중등영어과외/index.html,/월평동중등영어과외/,1
C:/Projects/studyhub/output/월평동초등과외/index.html,/월평동초등과외/,2
C:/Projects/studyhub/output/월평동초등수학과외/index.html,/월평동초등수학과외/,1
C:/Projects/studyhub/output/월평동초등영어과외/index.html,/월평동초등영어과외/,1
C:/Projects/studyhub/output/월피동고등과외/index.html,/월피동고등과외/,1
C:/Projects/studyhub/output/월피동고등수학과외/index.html,/월피동고등수학과외/,1
C:/Projects/studyhub/output/월피동고등영어과외/index.html,/월피동고등영어과외/,1
C:/Projects/studyhub/output/월피동과외/index.html,/월피동과외/,2
C:/Projects/studyhub/output/월피동수학과외/index.html,/월피동수학과외/,2
C:/Projects/studyhub/output/월피동영어과외/index.html,/월피동영어과외/,2
C:/Projects/studyhub/output/월피동중등과외/index.html,/월피동중등과외/,2
C:/Projects/studyhub/output/월피동중등수학과외/index.html,/월피동중등수학과외/,1
C:/Projects/studyhub/output/월피동중등영어과외/index.html,/월피동중등영어과외/,1
C:/Projects/studyhub/output/월피동초등과외/index.html,/월피동초등과외/,2
C:/Projects/studyhub/output/월피동초등수학과외/index.html,/월피동초등수학과외/,1
C:/Projects/studyhub/output/월피동초등영어과외/index.html,/월피동초등영어과외/,1
C:/Projects/studyhub/output/위례동고등과외/index.html,/위례동고등과외/,1
C:/Projects/studyhub/output/위례동고등수학과외/index.html,/위례동고등수학과외/,1
C:/Projects/studyhub/output/위례동고등영어과외/index.html,/위례동고등영어과외/,1
C:/Projects/studyhub/output/위례동과외/index.html,/위례동과외/,2
C:/Projects/studyhub/output/위례동수학과외/index.html,/위례동수학과외/,2
C:/Projects/studyhub/output/위례동영어과외/index.html,/위례동영어과외/,2
C:/Projects/studyhub/output/위례동중등과외/index.html,/위례동중등과외/,2
C:/Projects/studyhub/output/위례동중등수학과외/index.html,/위례동중등수학과외/,1
C:/Projects/studyhub/output/위례동중등영어과외/index.html,/위례동중등영어과외/,1
C:/Projects/studyhub/output/위례동초등과외/index.html,/위례동초등과외/,2
C:/Projects/studyhub/output/위례동초등수학과외/index.html,/위례동초등수학과외/,1
C:/Projects/studyhub/output/위례동초등영어과외/index.html,/위례동초등영어과외/,1
C:/Projects/studyhub/output/유곡동고등과외/index.html,/유곡동고등과외/,1
C:/Projects/studyhub/output/유곡동고등수학과외/index.html,/유곡동고등수학과외/,1
C:/Projects/studyhub/output/유곡동고등영어과외/index.html,/유곡동고등영어과외/,1
C:/Projects/studyhub/output/유곡동과외/index.html,/유곡동과외/,2
C:/Projects/studyhub/output/유곡동수학과외/index.html,/유곡동수학과외/,2
C:/Projects/studyhub/output/유곡동영어과외/index.html,/유곡동영어과외/,2
C:/Projects/studyhub/output/유곡동중등과외/index.html,/유곡동중등과외/,2
C:/Projects/studyhub/output/유곡동중등수학과외/index.html,/유곡동중등수학과외/,1
C:/Projects/studyhub/output/유곡동중등영어과외/index.html,/유곡동중등영어과외/,1
C:/Projects/studyhub/output/유곡동초등과외/index.html,/유곡동초등과외/,2
C:/Projects/studyhub/output/유곡동초등수학과외/index.html,/유곡동초등수학과외/,1
C:/Projects/studyhub/output/유곡동초등영어과외/index.html,/유곡동초등영어과외/,1
C:/Projects/studyhub/output/유성구고등과외/index.html,/유성구고등과외/,1
C:/Projects/studyhub/output/유성구고등수학과외/index.html,/유성구고등수학과외/,1
C:/Projects/studyhub/output/유성구고등영어과외/index.html,/유성구고등영어과외/,1
C:/Projects/studyhub/output/유성구과외/index.html,/유성구과외/,2
C:/Projects/studyhub/output/유성구수학과외/index.html,/유성구수학과외/,2
C:/Projects/studyhub/output/유성구영어과외/index.html,/유성구영어과외/,2
C:/Projects/studyhub/output/유성구중등과외/index.html,/유성구중등과외/,2
C:/Projects/studyhub/output/유성구중등수학과외/index.html,/유성구중등수학과외/,1
C:/Projects/studyhub/output/유성구중등영어과외/index.html,/유성구중등영어과외/,1
C:/Projects/studyhub/output/유성구초등과외/index.html,/유성구초등과외/,2
C:/Projects/studyhub/output/유성구초등수학과외/index.html,/유성구초등수학과외/,1
C:/Projects/studyhub/output/유성구초등영어과외/index.html,/유성구초등영어과외/,1
C:/Projects/studyhub/output/유천동고등과외/index.html,/유천동고등과외/,1
C:/Projects/studyhub/output/유천동고등수학과외/index.html,/유천동고등수학과외/,1
C:/Projects/studyhub/output/유천동고등영어과외/index.html,/유천동고등영어과외/,1
C:/Projects/studyhub/output/유천동과외/index.html,/유천동과외/,2
C:/Projects/studyhub/output/유천동수학과외/index.html,/유천동수학과외/,2
C:/Projects/studyhub/output/유천동영어과외/index.html,/유천동영어과외/,2
C:/Projects/studyhub/output/유천동중등과외/index.html,/유천동중등과외/,2
C:/Projects/studyhub/output/유천동중등수학과외/index.html,/유천동중등수학과외/,1
C:/Projects/studyhub/output/유천동중등영어과외/index.html,/유천동중등영어과외/,1
C:/Projects/studyhub/output/유천동초등과외/index.html,/유천동초등과외/,2
C:/Projects/studyhub/output/유천동초등수학과외/index.html,/유천동초등수학과외/,1
C:/Projects/studyhub/output/유천동초등영어과외/index.html,/유천동초등영어과외/,1
C:/Projects/studyhub/output/율량동고등과외/index.html,/율량동고등과외/,1
C:/Projects/studyhub/output/율량동고등수학과외/index.html,/율량동고등수학과외/,1
C:/Projects/studyhub/output/율량동고등영어과외/index.html,/율량동고등영어과외/,1
C:/Projects/studyhub/output/율량동과외/index.html,/율량동과외/,2
C:/Projects/studyhub/output/율량동수학과외/index.html,/율량동수학과외/,2
C:/Projects/studyhub/output/율량동영어과외/index.html,/율량동영어과외/,2
C:/Projects/studyhub/output/율량동중등과외/index.html,/율량동중등과외/,2
C:/Projects/studyhub/output/율량동중등수학과외/index.html,/율량동중등수학과외/,1
C:/Projects/studyhub/output/율량동중등영어과외/index.html,/율량동중등영어과외/,1
C:/Projects/studyhub/output/율량동초등과외/index.html,/율량동초등과외/,2
C:/Projects/studyhub/output/율량동초등수학과외/index.html,/율량동초등수학과외/,1
C:/Projects/studyhub/output/율량동초등영어과외/index.html,/율량동초등영어과외/,1
C:/Projects/studyhub/output/율하동고등과외/index.html,/율하동고등과외/,1
C:/Projects/studyhub/output/율하동고등수학과외/index.html,/율하동고등수학과외/,1
C:/Projects/studyhub/output/율하동고등영어과외/index.html,/율하동고등영어과외/,1
C:/Projects/studyhub/output/율하동과외/index.html,/율하동과외/,2
C:/Projects/studyhub/output/율하동수학과외/index.html,/율하동수학과외/,2
C:/Projects/studyhub/output/율하동영어과외/index.html,/율하동영어과외/,2
C:/Projects/studyhub/output/율하동중등과외/index.html,/율하동중등과외/,2
C:/Projects/studyhub/output/율하동중등수학과외/index.html,/율하동중등수학과외/,1
C:/Projects/studyhub/output/율하동중등영어과외/index.html,/율하동중등영어과외/,1
C:/Projects/studyhub/output/율하동초등과외/index.html,/율하동초등과외/,2
C:/Projects/studyhub/output/율하동초등수학과외/index.html,/율하동초등수학과외/,1
C:/Projects/studyhub/output/율하동초등영어과외/index.html,/율하동초등영어과외/,1
C:/Projects/studyhub/output/은계동고등과외/index.html,/은계동고등과외/,1
C:/Projects/studyhub/output/은계동고등수학과외/index.html,/은계동고등수학과외/,1
C:/Projects/studyhub/output/은계동고등영어과외/index.html,/은계동고등영어과외/,1
C:/Projects/studyhub/output/은계동과외/index.html,/은계동과외/,2
C:/Projects/studyhub/output/은계동수학과외/index.html,/은계동수학과외/,2
C:/Projects/studyhub/output/은계동영어과외/index.html,/은계동영어과외/,2
C:/Projects/studyhub/output/은계동중등과외/index.html,/은계동중등과외/,2
C:/Projects/studyhub/output/은계동중등수학과외/index.html,/은계동중등수학과외/,1
C:/Projects/studyhub/output/은계동중등영어과외/index.html,/은계동중등영어과외/,1
C:/Projects/studyhub/output/은계동초등과외/index.html,/은계동초등과외/,2
C:/Projects/studyhub/output/은계동초등수학과외/index.html,/은계동초등수학과외/,1
C:/Projects/studyhub/output/은계동초등영어과외/index.html,/은계동초등영어과외/,1
C:/Projects/studyhub/output/은평구고등과외/index.html,/은평구고등과외/,1
C:/Projects/studyhub/output/은평구고등수학과외/index.html,/은평구고등수학과외/,1
C:/Projects/studyhub/output/은평구고등영어과외/index.html,/은평구고등영어과외/,1
C:/Projects/studyhub/output/은평구과외/index.html,/은평구과외/,2
C:/Projects/studyhub/output/은평구수학과외/index.html,/은평구수학과외/,2
C:/Projects/studyhub/output/은평구영어과외/index.html,/은평구영어과외/,2
C:/Projects/studyhub/output/은평구중등과외/index.html,/은평구중등과외/,2
C:/Projects/studyhub/output/은평구중등수학과외/index.html,/은평구중등수학과외/,1
C:/Projects/studyhub/output/은평구중등영어과외/index.html,/은평구중등영어과외/,1
C:/Projects/studyhub/output/은평구초등과외/index.html,/은평구초등과외/,2
C:/Projects/studyhub/output/은평구초등수학과외/index.html,/은평구초등수학과외/,1
C:/Projects/studyhub/output/은평구초등영어과외/index.html,/은평구초등영어과외/,1
C:/Projects/studyhub/output/은행동고등과외/index.html,/은행동고등과외/,1
C:/Projects/studyhub/output/은행동고등수학과외/index.html,/은행동고등수학과외/,1
C:/Projects/studyhub/output/은행동고등영어과외/index.html,/은행동고등영어과외/,1
C:/Projects/studyhub/output/은행동과외/index.html,/은행동과외/,2
C:/Projects/studyhub/output/은행동수학과외/index.html,/은행동수학과외/,2
C:/Projects/studyhub/output/은행동영어과외/index.html,/은행동영어과외/,2
C:/Projects/studyhub/output/은행동중등과외/index.html,/은행동중등과외/,2
C:/Projects/studyhub/output/은행동중등수학과외/index.html,/은행동중등수학과외/,1
C:/Projects/studyhub/output/은행동중등영어과외/index.html,/은행동중등영어과외/,1
C:/Projects/studyhub/output/은행동초등과외/index.html,/은행동초등과외/,2
C:/Projects/studyhub/output/은행동초등수학과외/index.html,/은행동초등수학과외/,1
C:/Projects/studyhub/output/은행동초등영어과외/index.html,/은행동초등영어과외/,1
C:/Projects/studyhub/output/응봉동고등과외/index.html,/응봉동고등과외/,1
C:/Projects/studyhub/output/응봉동고등수학과외/index.html,/응봉동고등수학과외/,1
C:/Projects/studyhub/output/응봉동고등영어과외/index.html,/응봉동고등영어과외/,1
C:/Projects/studyhub/output/응봉동과외/index.html,/응봉동과외/,2
C:/Projects/studyhub/output/응봉동수학과외/index.html,/응봉동수학과외/,2
C:/Projects/studyhub/output/응봉동영어과외/index.html,/응봉동영어과외/,2
C:/Projects/studyhub/output/응봉동중등과외/index.html,/응봉동중등과외/,2
C:/Projects/studyhub/output/응봉동중등수학과외/index.html,/응봉동중등수학과외/,1
C:/Projects/studyhub/output/응봉동중등영어과외/index.html,/응봉동중등영어과외/,1
C:/Projects/studyhub/output/응봉동초등과외/index.html,/응봉동초등과외/,2
C:/Projects/studyhub/output/응봉동초등수학과외/index.html,/응봉동초등수학과외/,1
C:/Projects/studyhub/output/응봉동초등영어과외/index.html,/응봉동초등영어과외/,1
C:/Projects/studyhub/output/응암동고등과외/index.html,/응암동고등과외/,1
C:/Projects/studyhub/output/응암동고등수학과외/index.html,/응암동고등수학과외/,1
C:/Projects/studyhub/output/응암동고등영어과외/index.html,/응암동고등영어과외/,1
C:/Projects/studyhub/output/응암동과외/index.html,/응암동과외/,2
C:/Projects/studyhub/output/응암동수학과외/index.html,/응암동수학과외/,2
C:/Projects/studyhub/output/응암동영어과외/index.html,/응암동영어과외/,2
C:/Projects/studyhub/output/응암동중등과외/index.html,/응암동중등과외/,2
C:/Projects/studyhub/output/응암동중등수학과외/index.html,/응암동중등수학과외/,1
C:/Projects/studyhub/output/응암동중등영어과외/index.html,/응암동중등영어과외/,1
C:/Projects/studyhub/output/응암동초등과외/index.html,/응암동초등과외/,2
C:/Projects/studyhub/output/응암동초등수학과외/index.html,/응암동초등수학과외/,1
C:/Projects/studyhub/output/응암동초등영어과외/index.html,/응암동초등영어과외/,1
C:/Projects/studyhub/output/의왕시고등과외/index.html,/의왕시고등과외/,1
C:/Projects/studyhub/output/의왕시고등수학과외/index.html,/의왕시고등수학과외/,1
C:/Projects/studyhub/output/의왕시고등영어과외/index.html,/의왕시고등영어과외/,1
C:/Projects/studyhub/output/의왕시과외/index.html,/의왕시과외/,2
C:/Projects/studyhub/output/의왕시수학과외/index.html,/의왕시수학과외/,2
C:/Projects/studyhub/output/의왕시영어과외/index.html,/의왕시영어과외/,2
C:/Projects/studyhub/output/의왕시중등과외/index.html,/의왕시중등과외/,2
C:/Projects/studyhub/output/의왕시중등수학과외/index.html,/의왕시중등수학과외/,1
C:/Projects/studyhub/output/의왕시중등영어과외/index.html,/의왕시중등영어과외/,1
C:/Projects/studyhub/output/의왕시초등과외/index.html,/의왕시초등과외/,2
C:/Projects/studyhub/output/의왕시초등수학과외/index.html,/의왕시초등수학과외/,1
C:/Projects/studyhub/output/의왕시초등영어과외/index.html,/의왕시초등영어과외/,1
C:/Projects/studyhub/output/의정부고등과외/index.html,/의정부고등과외/,1
C:/Projects/studyhub/output/의정부고등수학과외/index.html,/의정부고등수학과외/,1
C:/Projects/studyhub/output/의정부고등영어과외/index.html,/의정부고등영어과외/,1
C:/Projects/studyhub/output/의정부과외/index.html,/의정부과외/,2
C:/Projects/studyhub/output/의정부동고등과외/index.html,/의정부동고등과외/,1
C:/Projects/studyhub/output/의정부동고등수학과외/index.html,/의정부동고등수학과외/,1
C:/Projects/studyhub/output/의정부동고등영어과외/index.html,/의정부동고등영어과외/,1
C:/Projects/studyhub/output/의정부동과외/index.html,/의정부동과외/,2
C:/Projects/studyhub/output/의정부동수학과외/index.html,/의정부동수학과외/,2
C:/Projects/studyhub/output/의정부동영어과외/index.html,/의정부동영어과외/,2
C:/Projects/studyhub/output/의정부동중등과외/index.html,/의정부동중등과외/,2
C:/Projects/studyhub/output/의정부동중등수학과외/index.html,/의정부동중등수학과외/,1
C:/Projects/studyhub/output/의정부동중등영어과외/index.html,/의정부동중등영어과외/,1
C:/Projects/studyhub/output/의정부동초등과외/index.html,/의정부동초등과외/,2
C:/Projects/studyhub/output/의정부동초등수학과외/index.html,/의정부동초등수학과외/,1
C:/Projects/studyhub/output/의정부동초등영어과외/index.html,/의정부동초등영어과외/,1
C:/Projects/studyhub/output/의정부수학과외/index.html,/의정부수학과외/,2
C:/Projects/studyhub/output/의정부영어과외/index.html,/의정부영어과외/,2
C:/Projects/studyhub/output/의정부중등과외/index.html,/의정부중등과외/,2
C:/Projects/studyhub/output/의정부중등수학과외/index.html,/의정부중등수학과외/,1
C:/Projects/studyhub/output/의정부중등영어과외/index.html,/의정부중등영어과외/,1
C:/Projects/studyhub/output/의정부초등과외/index.html,/의정부초등과외/,2
C:/Projects/studyhub/output/의정부초등수학과외/index.html,/의정부초등수학과외/,1
C:/Projects/studyhub/output/의정부초등영어과외/index.html,/의정부초등영어과외/,1
C:/Projects/studyhub/output/이매동고등과외/index.html,/이매동고등과외/,1
C:/Projects/studyhub/output/이매동고등수학과외/index.html,/이매동고등수학과외/,1
C:/Projects/studyhub/output/이매동고등영어과외/index.html,/이매동고등영어과외/,1
C:/Projects/studyhub/output/이매동과외/index.html,/이매동과외/,2
C:/Projects/studyhub/output/이매동수학과외/index.html,/이매동수학과외/,2
C:/Projects/studyhub/output/이매동영어과외/index.html,/이매동영어과외/,2
C:/Projects/studyhub/output/이매동중등과외/index.html,/이매동중등과외/,2
C:/Projects/studyhub/output/이매동중등수학과외/index.html,/이매동중등수학과외/,1
C:/Projects/studyhub/output/이매동중등영어과외/index.html,/이매동중등영어과외/,1
C:/Projects/studyhub/output/이매동초등과외/index.html,/이매동초등과외/,2
C:/Projects/studyhub/output/이매동초등수학과외/index.html,/이매동초등수학과외/,1
C:/Projects/studyhub/output/이매동초등영어과외/index.html,/이매동초등영어과외/,1
C:/Projects/studyhub/output/이문동고등과외/index.html,/이문동고등과외/,1
C:/Projects/studyhub/output/이문동고등수학과외/index.html,/이문동고등수학과외/,1
C:/Projects/studyhub/output/이문동고등영어과외/index.html,/이문동고등영어과외/,1
C:/Projects/studyhub/output/이문동과외/index.html,/이문동과외/,2
C:/Projects/studyhub/output/이문동수학과외/index.html,/이문동수학과외/,2
C:/Projects/studyhub/output/이문동영어과외/index.html,/이문동영어과외/,2
C:/Projects/studyhub/output/이문동중등과외/index.html,/이문동중등과외/,2
C:/Projects/studyhub/output/이문동중등수학과외/index.html,/이문동중등수학과외/,1
C:/Projects/studyhub/output/이문동중등영어과외/index.html,/이문동중등영어과외/,1
C:/Projects/studyhub/output/이문동초등과외/index.html,/이문동초등과외/,2
C:/Projects/studyhub/output/이문동초등수학과외/index.html,/이문동초등수학과외/,1
C:/Projects/studyhub/output/이문동초등영어과외/index.html,/이문동초등영어과외/,1
C:/Projects/studyhub/output/이의동고등과외/index.html,/이의동고등과외/,1
C:/Projects/studyhub/output/이의동고등수학과외/index.html,/이의동고등수학과외/,1
C:/Projects/studyhub/output/이의동고등영어과외/index.html,/이의동고등영어과외/,1
C:/Projects/studyhub/output/이의동과외/index.html,/이의동과외/,2
C:/Projects/studyhub/output/이의동수학과외/index.html,/이의동수학과외/,2
C:/Projects/studyhub/output/이의동영어과외/index.html,/이의동영어과외/,2
C:/Projects/studyhub/output/이의동중등과외/index.html,/이의동중등과외/,2
C:/Projects/studyhub/output/이의동중등수학과외/index.html,/이의동중등수학과외/,1
C:/Projects/studyhub/output/이의동중등영어과외/index.html,/이의동중등영어과외/,1
C:/Projects/studyhub/output/이의동초등과외/index.html,/이의동초등과외/,2
C:/Projects/studyhub/output/이의동초등수학과외/index.html,/이의동초등수학과외/,1
C:/Projects/studyhub/output/이의동초등영어과외/index.html,/이의동초등영어과외/,1
C:/Projects/studyhub/output/이천고등과외/index.html,/이천고등과외/,1
C:/Projects/studyhub/output/이천고등수학과외/index.html,/이천고등수학과외/,1
C:/Projects/studyhub/output/이천고등영어과외/index.html,/이천고등영어과외/,1
C:/Projects/studyhub/output/이천과외/index.html,/이천과외/,2
C:/Projects/studyhub/output/이천수학과외/index.html,/이천수학과외/,2
C:/Projects/studyhub/output/이천영어과외/index.html,/이천영어과외/,2
C:/Projects/studyhub/output/이천중등과외/index.html,/이천중등과외/,2
C:/Projects/studyhub/output/이천중등수학과외/index.html,/이천중등수학과외/,1
C:/Projects/studyhub/output/이천중등영어과외/index.html,/이천중등영어과외/,1
C:/Projects/studyhub/output/이천초등과외/index.html,/이천초등과외/,2
C:/Projects/studyhub/output/이천초등수학과외/index.html,/이천초등수학과외/,1
C:/Projects/studyhub/output/이천초등영어과외/index.html,/이천초등영어과외/,1
C:/Projects/studyhub/output/익산고등과외/index.html,/익산고등과외/,1
C:/Projects/studyhub/output/익산고등수학과외/index.html,/익산고등수학과외/,1
C:/Projects/studyhub/output/익산고등영어과외/index.html,/익산고등영어과외/,1
C:/Projects/studyhub/output/익산과외/index.html,/익산과외/,2
C:/Projects/studyhub/output/익산수학과외/index.html,/익산수학과외/,2
C:/Projects/studyhub/output/익산영어과외/index.html,/익산영어과외/,2
C:/Projects/studyhub/output/익산중등과외/index.html,/익산중등과외/,2
C:/Projects/studyhub/output/익산중등수학과외/index.html,/익산중등수학과외/,1
C:/Projects/studyhub/output/익산중등영어과외/index.html,/익산중등영어과외/,1
C:/Projects/studyhub/output/익산초등과외/index.html,/익산초등과외/,2
C:/Projects/studyhub/output/익산초등수학과외/index.html,/익산초등수학과외/,1
C:/Projects/studyhub/output/익산초등영어과외/index.html,/익산초등영어과외/,1
C:/Projects/studyhub/output/인계동고등과외/index.html,/인계동고등과외/,1
C:/Projects/studyhub/output/인계동고등수학과외/index.html,/인계동고등수학과외/,1
C:/Projects/studyhub/output/인계동고등영어과외/index.html,/인계동고등영어과외/,1
C:/Projects/studyhub/output/인계동과외/index.html,/인계동과외/,2
C:/Projects/studyhub/output/인계동수학과외/index.html,/인계동수학과외/,2
C:/Projects/studyhub/output/인계동영어과외/index.html,/인계동영어과외/,2
C:/Projects/studyhub/output/인계동중등과외/index.html,/인계동중등과외/,2
C:/Projects/studyhub/output/인계동중등수학과외/index.html,/인계동중등수학과외/,1
C:/Projects/studyhub/output/인계동중등영어과외/index.html,/인계동중등영어과외/,1
C:/Projects/studyhub/output/인계동초등과외/index.html,/인계동초등과외/,2
C:/Projects/studyhub/output/인계동초등수학과외/index.html,/인계동초등수학과외/,1
C:/Projects/studyhub/output/인계동초등영어과외/index.html,/인계동초등영어과외/,1
C:/Projects/studyhub/output/인창동고등과외/index.html,/인창동고등과외/,1
C:/Projects/studyhub/output/인창동고등수학과외/index.html,/인창동고등수학과외/,1
C:/Projects/studyhub/output/인창동고등영어과외/index.html,/인창동고등영어과외/,1
C:/Projects/studyhub/output/인창동과외/index.html,/인창동과외/,2
C:/Projects/studyhub/output/인창동수학과외/index.html,/인창동수학과외/,2
C:/Projects/studyhub/output/인창동영어과외/index.html,/인창동영어과외/,2
C:/Projects/studyhub/output/인창동중등과외/index.html,/인창동중등과외/,2
C:/Projects/studyhub/output/인창동중등수학과외/index.html,/인창동중등수학과외/,1
C:/Projects/studyhub/output/인창동중등영어과외/index.html,/인창동중등영어과외/,1
C:/Projects/studyhub/output/인창동초등과외/index.html,/인창동초등과외/,2
C:/Projects/studyhub/output/인창동초등수학과외/index.html,/인창동초등수학과외/,1
C:/Projects/studyhub/output/인창동초등영어과외/index.html,/인창동초등영어과외/,1
C:/Projects/studyhub/output/인천고등과외/index.html,/인천고등과외/,1
C:/Projects/studyhub/output/인천고등수학과외/index.html,/인천고등수학과외/,1
C:/Projects/studyhub/output/인천고등영어과외/index.html,/인천고등영어과외/,1
C:/Projects/studyhub/output/인천과외/index.html,/인천과외/,2
C:/Projects/studyhub/output/인천논현동고등과외/index.html,/인천논현동고등과외/,1
C:/Projects/studyhub/output/인천논현동고등수학과외/index.html,/인천논현동고등수학과외/,1
C:/Projects/studyhub/output/인천논현동고등영어과외/index.html,/인천논현동고등영어과외/,1
C:/Projects/studyhub/output/인천논현동과외/index.html,/인천논현동과외/,2
C:/Projects/studyhub/output/인천논현동수학과외/index.html,/인천논현동수학과외/,2
C:/Projects/studyhub/output/인천논현동영어과외/index.html,/인천논현동영어과외/,2
C:/Projects/studyhub/output/인천논현동중등과외/index.html,/인천논현동중등과외/,2
C:/Projects/studyhub/output/인천논현동중등수학과외/index.html,/인천논현동중등수학과외/,1
C:/Projects/studyhub/output/인천논현동중등영어과외/index.html,/인천논현동중등영어과외/,1
C:/Projects/studyhub/output/인천논현동초등과외/index.html,/인천논현동초등과외/,2
C:/Projects/studyhub/output/인천논현동초등수학과외/index.html,/인천논현동초등수학과외/,1
C:/Projects/studyhub/output/인천논현동초등영어과외/index.html,/인천논현동초등영어과외/,1
C:/Projects/studyhub/output/인천수학과외/index.html,/인천수학과외/,2
C:/Projects/studyhub/output/인천영어과외/index.html,/인천영어과외/,2
C:/Projects/studyhub/output/인천중등과외/index.html,/인천중등과외/,2
C:/Projects/studyhub/output/인천중등수학과외/index.html,/인천중등수학과외/,1
C:/Projects/studyhub/output/인천중등영어과외/index.html,/인천중등영어과외/,1
C:/Projects/studyhub/output/인천초등과외/index.html,/인천초등과외/,2
C:/Projects/studyhub/output/인천초등수학과외/index.html,/인천초등수학과외/,1
C:/Projects/studyhub/output/인천초등영어과외/index.html,/인천초등영어과외/,1
C:/Projects/studyhub/output/인후동고등과외/index.html,/인후동고등과외/,1
C:/Projects/studyhub/output/인후동고등수학과외/index.html,/인후동고등수학과외/,1
C:/Projects/studyhub/output/인후동고등영어과외/index.html,/인후동고등영어과외/,1
C:/Projects/studyhub/output/인후동과외/index.html,/인후동과외/,2
C:/Projects/studyhub/output/인후동수학과외/index.html,/인후동수학과외/,2
C:/Projects/studyhub/output/인후동영어과외/index.html,/인후동영어과외/,2
C:/Projects/studyhub/output/인후동중등과외/index.html,/인후동중등과외/,2
C:/Projects/studyhub/output/인후동중등수학과외/index.html,/인후동중등수학과외/,1
C:/Projects/studyhub/output/인후동중등영어과외/index.html,/인후동중등영어과외/,1
C:/Projects/studyhub/output/인후동초등과외/index.html,/인후동초등과외/,2
C:/Projects/studyhub/output/인후동초등수학과외/index.html,/인후동초등수학과외/,1
C:/Projects/studyhub/output/인후동초등영어과외/index.html,/인후동초등영어과외/,1
C:/Projects/studyhub/output/일곡동고등과외/index.html,/일곡동고등과외/,1
C:/Projects/studyhub/output/일곡동고등수학과외/index.html,/일곡동고등수학과외/,1
C:/Projects/studyhub/output/일곡동고등영어과외/index.html,/일곡동고등영어과외/,1
C:/Projects/studyhub/output/일곡동과외/index.html,/일곡동과외/,2
C:/Projects/studyhub/output/일곡동수학과외/index.html,/일곡동수학과외/,2
C:/Projects/studyhub/output/일곡동영어과외/index.html,/일곡동영어과외/,2
C:/Projects/studyhub/output/일곡동중등과외/index.html,/일곡동중등과외/,2
C:/Projects/studyhub/output/일곡동중등수학과외/index.html,/일곡동중등수학과외/,1
C:/Projects/studyhub/output/일곡동중등영어과외/index.html,/일곡동중등영어과외/,1
C:/Projects/studyhub/output/일곡동초등과외/index.html,/일곡동초등과외/,2
C:/Projects/studyhub/output/일곡동초등수학과외/index.html,/일곡동초등수학과외/,1
C:/Projects/studyhub/output/일곡동초등영어과외/index.html,/일곡동초등영어과외/,1
C:/Projects/studyhub/output/일산고등과외/index.html,/일산고등과외/,1
C:/Projects/studyhub/output/일산고등수학과외/index.html,/일산고등수학과외/,1
C:/Projects/studyhub/output/일산고등영어과외/index.html,/일산고등영어과외/,1
C:/Projects/studyhub/output/일산과외/index.html,/일산과외/,2
C:/Projects/studyhub/output/일산동고등과외/index.html,/일산동고등과외/,1
C:/Projects/studyhub/output/일산동고등수학과외/index.html,/일산동고등수학과외/,1
C:/Projects/studyhub/output/일산동고등영어과외/index.html,/일산동고등영어과외/,1
C:/Projects/studyhub/output/일산동과외/index.html,/일산동과외/,2
C:/Projects/studyhub/output/일산동구고등과외/index.html,/일산동구고등과외/,1
C:/Projects/studyhub/output/일산동구고등수학과외/index.html,/일산동구고등수학과외/,1
C:/Projects/studyhub/output/일산동구고등영어과외/index.html,/일산동구고등영어과외/,1
C:/Projects/studyhub/output/일산동구과외/index.html,/일산동구과외/,2
C:/Projects/studyhub/output/일산동구수학과외/index.html,/일산동구수학과외/,2
C:/Projects/studyhub/output/일산동구영어과외/index.html,/일산동구영어과외/,2
C:/Projects/studyhub/output/일산동구중등과외/index.html,/일산동구중등과외/,2
C:/Projects/studyhub/output/일산동구중등수학과외/index.html,/일산동구중등수학과외/,1
C:/Projects/studyhub/output/일산동구중등영어과외/index.html,/일산동구중등영어과외/,1
C:/Projects/studyhub/output/일산동구초등과외/index.html,/일산동구초등과외/,2
C:/Projects/studyhub/output/일산동구초등수학과외/index.html,/일산동구초등수학과외/,1
C:/Projects/studyhub/output/일산동구초등영어과외/index.html,/일산동구초등영어과외/,1
C:/Projects/studyhub/output/일산동수학과외/index.html,/일산동수학과외/,2
C:/Projects/studyhub/output/일산동영어과외/index.html,/일산동영어과외/,2
C:/Projects/studyhub/output/일산동중등과외/index.html,/일산동중등과외/,2
C:/Projects/studyhub/output/일산동중등수학과외/index.html,/일산동중등수학과외/,1
C:/Projects/studyhub/output/일산동중등영어과외/index.html,/일산동중등영어과외/,1
C:/Projects/studyhub/output/일산동초등과외/index.html,/일산동초등과외/,2
C:/Projects/studyhub/output/일산동초등수학과외/index.html,/일산동초등수학과외/,1
C:/Projects/studyhub/output/일산동초등영어과외/index.html,/일산동초등영어과외/,1
C:/Projects/studyhub/output/일산서구고등과외/index.html,/일산서구고등과외/,1
C:/Projects/studyhub/output/일산서구고등수학과외/index.html,/일산서구고등수학과외/,1
C:/Projects/studyhub/output/일산서구고등영어과외/index.html,/일산서구고등영어과외/,1
C:/Projects/studyhub/output/일산서구과외/index.html,/일산서구과외/,2
C:/Projects/studyhub/output/일산서구수학과외/index.html,/일산서구수학과외/,2
C:/Projects/studyhub/output/일산서구영어과외/index.html,/일산서구영어과외/,2
C:/Projects/studyhub/output/일산서구중등과외/index.html,/일산서구중등과외/,2
C:/Projects/studyhub/output/일산서구중등수학과외/index.html,/일산서구중등수학과외/,1
C:/Projects/studyhub/output/일산서구중등영어과외/index.html,/일산서구중등영어과외/,1
C:/Projects/studyhub/output/일산서구초등과외/index.html,/일산서구초등과외/,2
C:/Projects/studyhub/output/일산서구초등수학과외/index.html,/일산서구초등수학과외/,1
C:/Projects/studyhub/output/일산서구초등영어과외/index.html,/일산서구초등영어과외/,1
C:/Projects/studyhub/output/일산수학과외/index.html,/일산수학과외/,2
C:/Projects/studyhub/output/일산영어과외/index.html,/일산영어과외/,2
C:/Projects/studyhub/output/일산중등과외/index.html,/일산중등과외/,2
C:/Projects/studyhub/output/일산중등수학과외/index.html,/일산중등수학과외/,1
C:/Projects/studyhub/output/일산중등영어과외/index.html,/일산중등영어과외/,1
C:/Projects/studyhub/output/일산초등과외/index.html,/일산초등과외/,2
C:/Projects/studyhub/output/일산초등수학과외/index.html,/일산초등수학과외/,1
C:/Projects/studyhub/output/일산초등영어과외/index.html,/일산초등영어과외/,1
C:/Projects/studyhub/output/일산풍동고등과외/index.html,/일산풍동고등과외/,1
C:/Projects/studyhub/output/일산풍동고등수학과외/index.html,/일산풍동고등수학과외/,1
C:/Projects/studyhub/output/일산풍동고등영어과외/index.html,/일산풍동고등영어과외/,1
C:/Projects/studyhub/output/일산풍동과외/index.html,/일산풍동과외/,2
C:/Projects/studyhub/output/일산풍동수학과외/index.html,/일산풍동수학과외/,2
C:/Projects/studyhub/output/일산풍동영어과외/index.html,/일산풍동영어과외/,2
C:/Projects/studyhub/output/일산풍동중등과외/index.html,/일산풍동중등과외/,2
C:/Projects/studyhub/output/일산풍동중등수학과외/index.html,/일산풍동중등수학과외/,1
C:/Projects/studyhub/output/일산풍동중등영어과외/index.html,/일산풍동중등영어과외/,1
C:/Projects/studyhub/output/일산풍동초등과외/index.html,/일산풍동초등과외/,2
C:/Projects/studyhub/output/일산풍동초등수학과외/index.html,/일산풍동초등수학과외/,1
C:/Projects/studyhub/output/일산풍동초등영어과외/index.html,/일산풍동초등영어과외/,1
C:/Projects/studyhub/output/일원동고등과외/index.html,/일원동고등과외/,1
C:/Projects/studyhub/output/일원동고등수학과외/index.html,/일원동고등수학과외/,1
C:/Projects/studyhub/output/일원동고등영어과외/index.html,/일원동고등영어과외/,1
C:/Projects/studyhub/output/일원동과외/index.html,/일원동과외/,2
C:/Projects/studyhub/output/일원동수학과외/index.html,/일원동수학과외/,2
C:/Projects/studyhub/output/일원동영어과외/index.html,/일원동영어과외/,2
C:/Projects/studyhub/output/일원동중등과외/index.html,/일원동중등과외/,2
C:/Projects/studyhub/output/일원동중등수학과외/index.html,/일원동중등수학과외/,1
C:/Projects/studyhub/output/일원동중등영어과외/index.html,/일원동중등영어과외/,1
C:/Projects/studyhub/output/일원동초등과외/index.html,/일원동초등과외/,2
C:/Projects/studyhub/output/일원동초등수학과외/index.html,/일원동초등수학과외/,1
C:/Projects/studyhub/output/일원동초등영어과외/index.html,/일원동초등영어과외/,1
C:/Projects/studyhub/output/일직동고등과외/index.html,/일직동고등과외/,1
C:/Projects/studyhub/output/일직동고등수학과외/index.html,/일직동고등수학과외/,1
C:/Projects/studyhub/output/일직동고등영어과외/index.html,/일직동고등영어과외/,1
C:/Projects/studyhub/output/일직동과외/index.html,/일직동과외/,2
C:/Projects/studyhub/output/일직동수학과외/index.html,/일직동수학과외/,2
C:/Projects/studyhub/output/일직동영어과외/index.html,/일직동영어과외/,2
C:/Projects/studyhub/output/일직동중등과외/index.html,/일직동중등과외/,2
C:/Projects/studyhub/output/일직동중등수학과외/index.html,/일직동중등수학과외/,1
C:/Projects/studyhub/output/일직동중등영어과외/index.html,/일직동중등영어과외/,1
C:/Projects/studyhub/output/일직동초등과외/index.html,/일직동초등과외/,2
C:/Projects/studyhub/output/일직동초등수학과외/index.html,/일직동초등수학과외/,1
C:/Projects/studyhub/output/일직동초등영어과외/index.html,/일직동초등영어과외/,1
C:/Projects/studyhub/output/임당동고등과외/index.html,/임당동고등과외/,1
C:/Projects/studyhub/output/임당동고등수학과외/index.html,/임당동고등수학과외/,1
C:/Projects/studyhub/output/임당동고등영어과외/index.html,/임당동고등영어과외/,1
C:/Projects/studyhub/output/임당동과외/index.html,/임당동과외/,2
C:/Projects/studyhub/output/임당동수학과외/index.html,/임당동수학과외/,2
C:/Projects/studyhub/output/임당동영어과외/index.html,/임당동영어과외/,2
C:/Projects/studyhub/output/임당동중등과외/index.html,/임당동중등과외/,2
C:/Projects/studyhub/output/임당동중등수학과외/index.html,/임당동중등수학과외/,1
C:/Projects/studyhub/output/임당동중등영어과외/index.html,/임당동중등영어과외/,1
C:/Projects/studyhub/output/임당동초등과외/index.html,/임당동초등과외/,2
C:/Projects/studyhub/output/임당동초등수학과외/index.html,/임당동초등수학과외/,1
C:/Projects/studyhub/output/임당동초등영어과외/index.html,/임당동초등영어과외/,1
C:/Projects/studyhub/output/자곡동고등과외/index.html,/자곡동고등과외/,1
C:/Projects/studyhub/output/자곡동고등수학과외/index.html,/자곡동고등수학과외/,1
C:/Projects/studyhub/output/자곡동고등영어과외/index.html,/자곡동고등영어과외/,1
C:/Projects/studyhub/output/자곡동과외/index.html,/자곡동과외/,2
C:/Projects/studyhub/output/자곡동수학과외/index.html,/자곡동수학과외/,2
C:/Projects/studyhub/output/자곡동영어과외/index.html,/자곡동영어과외/,2
C:/Projects/studyhub/output/자곡동중등과외/index.html,/자곡동중등과외/,2
C:/Projects/studyhub/output/자곡동중등수학과외/index.html,/자곡동중등수학과외/,1
C:/Projects/studyhub/output/자곡동중등영어과외/index.html,/자곡동중등영어과외/,1
C:/Projects/studyhub/output/자곡동초등과외/index.html,/자곡동초등과외/,2
C:/Projects/studyhub/output/자곡동초등수학과외/index.html,/자곡동초등수학과외/,1
C:/Projects/studyhub/output/자곡동초등영어과외/index.html,/자곡동초등영어과외/,1
C:/Projects/studyhub/output/자양동고등과외/index.html,/자양동고등과외/,1
C:/Projects/studyhub/output/자양동고등수학과외/index.html,/자양동고등수학과외/,1
C:/Projects/studyhub/output/자양동고등영어과외/index.html,/자양동고등영어과외/,1
C:/Projects/studyhub/output/자양동과외/index.html,/자양동과외/,2
C:/Projects/studyhub/output/자양동수학과외/index.html,/자양동수학과외/,2
C:/Projects/studyhub/output/자양동영어과외/index.html,/자양동영어과외/,2
C:/Projects/studyhub/output/자양동중등과외/index.html,/자양동중등과외/,2
C:/Projects/studyhub/output/자양동중등수학과외/index.html,/자양동중등수학과외/,1
C:/Projects/studyhub/output/자양동중등영어과외/index.html,/자양동중등영어과외/,1
C:/Projects/studyhub/output/자양동초등과외/index.html,/자양동초등과외/,2
C:/Projects/studyhub/output/자양동초등수학과외/index.html,/자양동초등수학과외/,1
C:/Projects/studyhub/output/자양동초등영어과외/index.html,/자양동초등영어과외/,1
C:/Projects/studyhub/output/작전동고등과외/index.html,/작전동고등과외/,1
C:/Projects/studyhub/output/작전동고등수학과외/index.html,/작전동고등수학과외/,1
C:/Projects/studyhub/output/작전동고등영어과외/index.html,/작전동고등영어과외/,1
C:/Projects/studyhub/output/작전동과외/index.html,/작전동과외/,2
C:/Projects/studyhub/output/작전동수학과외/index.html,/작전동수학과외/,2
C:/Projects/studyhub/output/작전동영어과외/index.html,/작전동영어과외/,2
C:/Projects/studyhub/output/작전동중등과외/index.html,/작전동중등과외/,2
C:/Projects/studyhub/output/작전동중등수학과외/index.html,/작전동중등수학과외/,1
C:/Projects/studyhub/output/작전동중등영어과외/index.html,/작전동중등영어과외/,1
C:/Projects/studyhub/output/작전동초등과외/index.html,/작전동초등과외/,2
C:/Projects/studyhub/output/작전동초등수학과외/index.html,/작전동초등수학과외/,1
C:/Projects/studyhub/output/작전동초등영어과외/index.html,/작전동초등영어과외/,1
C:/Projects/studyhub/output/잠실동고등과외/index.html,/잠실동고등과외/,1
C:/Projects/studyhub/output/잠실동고등수학과외/index.html,/잠실동고등수학과외/,1
C:/Projects/studyhub/output/잠실동고등영어과외/index.html,/잠실동고등영어과외/,1
C:/Projects/studyhub/output/잠실동수학과외/index.html,/잠실동수학과외/,2
C:/Projects/studyhub/output/잠실동영어과외/index.html,/잠실동영어과외/,2
C:/Projects/studyhub/output/잠실동중등과외/index.html,/잠실동중등과외/,2
C:/Projects/studyhub/output/잠실동중등수학과외/index.html,/잠실동중등수학과외/,1
C:/Projects/studyhub/output/잠실동중등영어과외/index.html,/잠실동중등영어과외/,1
C:/Projects/studyhub/output/잠실동초등과외/index.html,/잠실동초등과외/,2
C:/Projects/studyhub/output/잠실동초등수학과외/index.html,/잠실동초등수학과외/,1
C:/Projects/studyhub/output/잠실동초등영어과외/index.html,/잠실동초등영어과외/,1
C:/Projects/studyhub/output/잠원동고등과외/index.html,/잠원동고등과외/,1
C:/Projects/studyhub/output/잠원동고등수학과외/index.html,/잠원동고등수학과외/,1
C:/Projects/studyhub/output/잠원동고등영어과외/index.html,/잠원동고등영어과외/,1
C:/Projects/studyhub/output/잠원동과외/index.html,/잠원동과외/,2
C:/Projects/studyhub/output/잠원동수학과외/index.html,/잠원동수학과외/,2
C:/Projects/studyhub/output/잠원동영어과외/index.html,/잠원동영어과외/,2
C:/Projects/studyhub/output/잠원동중등과외/index.html,/잠원동중등과외/,2
C:/Projects/studyhub/output/잠원동중등수학과외/index.html,/잠원동중등수학과외/,1
C:/Projects/studyhub/output/잠원동중등영어과외/index.html,/잠원동중등영어과외/,1
C:/Projects/studyhub/output/잠원동초등과외/index.html,/잠원동초등과외/,2
C:/Projects/studyhub/output/잠원동초등수학과외/index.html,/잠원동초등수학과외/,1
C:/Projects/studyhub/output/잠원동초등영어과외/index.html,/잠원동초등영어과외/,1
C:/Projects/studyhub/output/장곡동고등과외/index.html,/장곡동고등과외/,1
C:/Projects/studyhub/output/장곡동고등수학과외/index.html,/장곡동고등수학과외/,1
C:/Projects/studyhub/output/장곡동고등영어과외/index.html,/장곡동고등영어과외/,1
C:/Projects/studyhub/output/장곡동과외/index.html,/장곡동과외/,2
C:/Projects/studyhub/output/장곡동수학과외/index.html,/장곡동수학과외/,2
C:/Projects/studyhub/output/장곡동영어과외/index.html,/장곡동영어과외/,2
C:/Projects/studyhub/output/장곡동중등과외/index.html,/장곡동중등과외/,2
C:/Projects/studyhub/output/장곡동중등수학과외/index.html,/장곡동중등수학과외/,1
C:/Projects/studyhub/output/장곡동중등영어과외/index.html,/장곡동중등영어과외/,1
C:/Projects/studyhub/output/장곡동초등과외/index.html,/장곡동초등과외/,2
C:/Projects/studyhub/output/장곡동초등수학과외/index.html,/장곡동초등수학과외/,1
C:/Projects/studyhub/output/장곡동초등영어과외/index.html,/장곡동초등영어과외/,1
C:/Projects/studyhub/output/장기동고등과외/index.html,/장기동고등과외/,1
C:/Projects/studyhub/output/장기동고등수학과외/index.html,/장기동고등수학과외/,1
C:/Projects/studyhub/output/장기동고등영어과외/index.html,/장기동고등영어과외/,1
C:/Projects/studyhub/output/장기동과외/index.html,/장기동과외/,2
C:/Projects/studyhub/output/장기동수학과외/index.html,/장기동수학과외/,2
C:/Projects/studyhub/output/장기동영어과외/index.html,/장기동영어과외/,2
C:/Projects/studyhub/output/장기동중등과외/index.html,/장기동중등과외/,2
C:/Projects/studyhub/output/장기동중등수학과외/index.html,/장기동중등수학과외/,1
C:/Projects/studyhub/output/장기동중등영어과외/index.html,/장기동중등영어과외/,1
C:/Projects/studyhub/output/장기동초등과외/index.html,/장기동초등과외/,2
C:/Projects/studyhub/output/장기동초등수학과외/index.html,/장기동초등수학과외/,1
C:/Projects/studyhub/output/장기동초등영어과외/index.html,/장기동초등영어과외/,1
C:/Projects/studyhub/output/장대동고등과외/index.html,/장대동고등과외/,1
C:/Projects/studyhub/output/장대동고등수학과외/index.html,/장대동고등수학과외/,1
C:/Projects/studyhub/output/장대동고등영어과외/index.html,/장대동고등영어과외/,1
C:/Projects/studyhub/output/장대동과외/index.html,/장대동과외/,2
C:/Projects/studyhub/output/장대동수학과외/index.html,/장대동수학과외/,2
C:/Projects/studyhub/output/장대동영어과외/index.html,/장대동영어과외/,2
C:/Projects/studyhub/output/장대동중등과외/index.html,/장대동중등과외/,2
C:/Projects/studyhub/output/장대동중등수학과외/index.html,/장대동중등수학과외/,1
C:/Projects/studyhub/output/장대동중등영어과외/index.html,/장대동중등영어과외/,1
C:/Projects/studyhub/output/장대동초등과외/index.html,/장대동초등과외/,2
C:/Projects/studyhub/output/장대동초등수학과외/index.html,/장대동초등수학과외/,1
C:/Projects/studyhub/output/장대동초등영어과외/index.html,/장대동초등영어과외/,1
C:/Projects/studyhub/output/장덕동고등과외/index.html,/장덕동고등과외/,1
C:/Projects/studyhub/output/장덕동고등수학과외/index.html,/장덕동고등수학과외/,1
C:/Projects/studyhub/output/장덕동고등영어과외/index.html,/장덕동고등영어과외/,1
C:/Projects/studyhub/output/장덕동과외/index.html,/장덕동과외/,2
C:/Projects/studyhub/output/장덕동수학과외/index.html,/장덕동수학과외/,2
C:/Projects/studyhub/output/장덕동영어과외/index.html,/장덕동영어과외/,2
C:/Projects/studyhub/output/장덕동중등과외/index.html,/장덕동중등과외/,2
C:/Projects/studyhub/output/장덕동중등수학과외/index.html,/장덕동중등수학과외/,1
C:/Projects/studyhub/output/장덕동중등영어과외/index.html,/장덕동중등영어과외/,1
C:/Projects/studyhub/output/장덕동초등과외/index.html,/장덕동초등과외/,2
C:/Projects/studyhub/output/장덕동초등수학과외/index.html,/장덕동초등수학과외/,1
C:/Projects/studyhub/output/장덕동초등영어과외/index.html,/장덕동초등영어과외/,1
C:/Projects/studyhub/output/장성동고등과외/index.html,/장성동고등과외/,1
C:/Projects/studyhub/output/장성동고등수학과외/index.html,/장성동고등수학과외/,1
C:/Projects/studyhub/output/장성동고등영어과외/index.html,/장성동고등영어과외/,1
C:/Projects/studyhub/output/장성동과외/index.html,/장성동과외/,2
C:/Projects/studyhub/output/장성동수학과외/index.html,/장성동수학과외/,2
C:/Projects/studyhub/output/장성동영어과외/index.html,/장성동영어과외/,2
C:/Projects/studyhub/output/장성동중등과외/index.html,/장성동중등과외/,2
C:/Projects/studyhub/output/장성동중등수학과외/index.html,/장성동중등수학과외/,1
C:/Projects/studyhub/output/장성동중등영어과외/index.html,/장성동중등영어과외/,1
C:/Projects/studyhub/output/장성동초등과외/index.html,/장성동초등과외/,2
C:/Projects/studyhub/output/장성동초등수학과외/index.html,/장성동초등수학과외/,1
C:/Projects/studyhub/output/장성동초등영어과외/index.html,/장성동초등영어과외/,1
C:/Projects/studyhub/output/장안구고등과외/index.html,/장안구고등과외/,1
C:/Projects/studyhub/output/장안구고등수학과외/index.html,/장안구고등수학과외/,1
C:/Projects/studyhub/output/장안구고등영어과외/index.html,/장안구고등영어과외/,1
C:/Projects/studyhub/output/장안구과외/index.html,/장안구과외/,2
C:/Projects/studyhub/output/장안구수학과외/index.html,/장안구수학과외/,2
C:/Projects/studyhub/output/장안구영어과외/index.html,/장안구영어과외/,2
C:/Projects/studyhub/output/장안구중등과외/index.html,/장안구중등과외/,2
C:/Projects/studyhub/output/장안구중등수학과외/index.html,/장안구중등수학과외/,1
C:/Projects/studyhub/output/장안구중등영어과외/index.html,/장안구중등영어과외/,1
C:/Projects/studyhub/output/장안구초등과외/index.html,/장안구초등과외/,2
C:/Projects/studyhub/output/장안구초등수학과외/index.html,/장안구초등수학과외/,1
C:/Projects/studyhub/output/장안구초등영어과외/index.html,/장안구초등영어과외/,1
C:/Projects/studyhub/output/장안동고등과외/index.html,/장안동고등과외/,1
C:/Projects/studyhub/output/장안동고등수학과외/index.html,/장안동고등수학과외/,1
C:/Projects/studyhub/output/장안동고등영어과외/index.html,/장안동고등영어과외/,1
C:/Projects/studyhub/output/장안동과외/index.html,/장안동과외/,2
C:/Projects/studyhub/output/장안동수학과외/index.html,/장안동수학과외/,2
C:/Projects/studyhub/output/장안동영어과외/index.html,/장안동영어과외/,2
C:/Projects/studyhub/output/장안동중등과외/index.html,/장안동중등과외/,2
C:/Projects/studyhub/output/장안동중등수학과외/index.html,/장안동중등수학과외/,1
C:/Projects/studyhub/output/장안동중등영어과외/index.html,/장안동중등영어과외/,1
C:/Projects/studyhub/output/장안동초등과외/index.html,/장안동초등과외/,2
C:/Projects/studyhub/output/장안동초등수학과외/index.html,/장안동초등수학과외/,1
C:/Projects/studyhub/output/장안동초등영어과외/index.html,/장안동초등영어과외/,1
C:/Projects/studyhub/output/장암동고등과외/index.html,/장암동고등과외/,1
C:/Projects/studyhub/output/장암동고등수학과외/index.html,/장암동고등수학과외/,1
C:/Projects/studyhub/output/장암동고등영어과외/index.html,/장암동고등영어과외/,1
C:/Projects/studyhub/output/장암동과외/index.html,/장암동과외/,2
C:/Projects/studyhub/output/장암동수학과외/index.html,/장암동수학과외/,2
C:/Projects/studyhub/output/장암동영어과외/index.html,/장암동영어과외/,2
C:/Projects/studyhub/output/장암동중등과외/index.html,/장암동중등과외/,2
C:/Projects/studyhub/output/장암동중등수학과외/index.html,/장암동중등수학과외/,1
C:/Projects/studyhub/output/장암동중등영어과외/index.html,/장암동중등영어과외/,1
C:/Projects/studyhub/output/장암동초등과외/index.html,/장암동초등과외/,2
C:/Projects/studyhub/output/장암동초등수학과외/index.html,/장암동초등수학과외/,1
C:/Projects/studyhub/output/장암동초등영어과외/index.html,/장암동초등영어과외/,1
C:/Projects/studyhub/output/장위동고등과외/index.html,/장위동고등과외/,1
C:/Projects/studyhub/output/장위동고등수학과외/index.html,/장위동고등수학과외/,1
C:/Projects/studyhub/output/장위동고등영어과외/index.html,/장위동고등영어과외/,1
C:/Projects/studyhub/output/장위동과외/index.html,/장위동과외/,2
C:/Projects/studyhub/output/장위동수학과외/index.html,/장위동수학과외/,2
C:/Projects/studyhub/output/장위동영어과외/index.html,/장위동영어과외/,2
C:/Projects/studyhub/output/장위동중등과외/index.html,/장위동중등과외/,2
C:/Projects/studyhub/output/장위동중등수학과외/index.html,/장위동중등수학과외/,1
C:/Projects/studyhub/output/장위동중등영어과외/index.html,/장위동중등영어과외/,1
C:/Projects/studyhub/output/장위동초등과외/index.html,/장위동초등과외/,2
C:/Projects/studyhub/output/장위동초등수학과외/index.html,/장위동초등수학과외/,1
C:/Projects/studyhub/output/장위동초등영어과외/index.html,/장위동초등영어과외/,1
C:/Projects/studyhub/output/장전동고등과외/index.html,/장전동고등과외/,1
C:/Projects/studyhub/output/장전동고등수학과외/index.html,/장전동고등수학과외/,1
C:/Projects/studyhub/output/장전동고등영어과외/index.html,/장전동고등영어과외/,1
C:/Projects/studyhub/output/장전동과외/index.html,/장전동과외/,2
C:/Projects/studyhub/output/장전동수학과외/index.html,/장전동수학과외/,2
C:/Projects/studyhub/output/장전동영어과외/index.html,/장전동영어과외/,2
C:/Projects/studyhub/output/장전동중등과외/index.html,/장전동중등과외/,2
C:/Projects/studyhub/output/장전동중등수학과외/index.html,/장전동중등수학과외/,1
C:/Projects/studyhub/output/장전동중등영어과외/index.html,/장전동중등영어과외/,1
C:/Projects/studyhub/output/장전동초등과외/index.html,/장전동초등과외/,2
C:/Projects/studyhub/output/장전동초등수학과외/index.html,/장전동초등수학과외/,1
C:/Projects/studyhub/output/장전동초등영어과외/index.html,/장전동초등영어과외/,1
C:/Projects/studyhub/output/장지동고등과외/index.html,/장지동고등과외/,1
C:/Projects/studyhub/output/장지동고등수학과외/index.html,/장지동고등수학과외/,1
C:/Projects/studyhub/output/장지동고등영어과외/index.html,/장지동고등영어과외/,1
C:/Projects/studyhub/output/장지동과외/index.html,/장지동과외/,2
C:/Projects/studyhub/output/장지동수학과외/index.html,/장지동수학과외/,2
C:/Projects/studyhub/output/장지동영어과외/index.html,/장지동영어과외/,2
C:/Projects/studyhub/output/장지동중등과외/index.html,/장지동중등과외/,2
C:/Projects/studyhub/output/장지동중등수학과외/index.html,/장지동중등수학과외/,1
C:/Projects/studyhub/output/장지동중등영어과외/index.html,/장지동중등영어과외/,1
C:/Projects/studyhub/output/장지동초등과외/index.html,/장지동초등과외/,2
C:/Projects/studyhub/output/장지동초등수학과외/index.html,/장지동초등수학과외/,1
C:/Projects/studyhub/output/장지동초등영어과외/index.html,/장지동초등영어과외/,1
C:/Projects/studyhub/output/장항동고등과외/index.html,/장항동고등과외/,1
C:/Projects/studyhub/output/장항동고등수학과외/index.html,/장항동고등수학과외/,1
C:/Projects/studyhub/output/장항동고등영어과외/index.html,/장항동고등영어과외/,1
C:/Projects/studyhub/output/장항동과외/index.html,/장항동과외/,2
C:/Projects/studyhub/output/장항동수학과외/index.html,/장항동수학과외/,2
C:/Projects/studyhub/output/장항동영어과외/index.html,/장항동영어과외/,2
C:/Projects/studyhub/output/장항동중등과외/index.html,/장항동중등과외/,2
C:/Projects/studyhub/output/장항동중등수학과외/index.html,/장항동중등수학과외/,1
C:/Projects/studyhub/output/장항동중등영어과외/index.html,/장항동중등영어과외/,1
C:/Projects/studyhub/output/장항동초등과외/index.html,/장항동초등과외/,2
C:/Projects/studyhub/output/장항동초등수학과외/index.html,/장항동초등수학과외/,1
C:/Projects/studyhub/output/장항동초등영어과외/index.html,/장항동초등영어과외/,1
C:/Projects/studyhub/output/장현동고등과외/index.html,/장현동고등과외/,1
C:/Projects/studyhub/output/장현동고등수학과외/index.html,/장현동고등수학과외/,1
C:/Projects/studyhub/output/장현동고등영어과외/index.html,/장현동고등영어과외/,1
C:/Projects/studyhub/output/장현동과외/index.html,/장현동과외/,2
C:/Projects/studyhub/output/장현동수학과외/index.html,/장현동수학과외/,2
C:/Projects/studyhub/output/장현동영어과외/index.html,/장현동영어과외/,2
C:/Projects/studyhub/output/장현동중등과외/index.html,/장현동중등과외/,2
C:/Projects/studyhub/output/장현동중등수학과외/index.html,/장현동중등수학과외/,1
C:/Projects/studyhub/output/장현동중등영어과외/index.html,/장현동중등영어과외/,1
C:/Projects/studyhub/output/장현동초등과외/index.html,/장현동초등과외/,2
C:/Projects/studyhub/output/장현동초등수학과외/index.html,/장현동초등수학과외/,1
C:/Projects/studyhub/output/장현동초등영어과외/index.html,/장현동초등영어과외/,1
C:/Projects/studyhub/output/재송동고등과외/index.html,/재송동고등과외/,1
C:/Projects/studyhub/output/재송동고등수학과외/index.html,/재송동고등수학과외/,1
C:/Projects/studyhub/output/재송동고등영어과외/index.html,/재송동고등영어과외/,1
C:/Projects/studyhub/output/재송동과외/index.html,/재송동과외/,2
C:/Projects/studyhub/output/재송동수학과외/index.html,/재송동수학과외/,2
C:/Projects/studyhub/output/재송동영어과외/index.html,/재송동영어과외/,2
C:/Projects/studyhub/output/재송동중등과외/index.html,/재송동중등과외/,2
C:/Projects/studyhub/output/재송동중등수학과외/index.html,/재송동중등수학과외/,1
C:/Projects/studyhub/output/재송동중등영어과외/index.html,/재송동중등영어과외/,1
C:/Projects/studyhub/output/재송동초등과외/index.html,/재송동초등과외/,2
C:/Projects/studyhub/output/재송동초등수학과외/index.html,/재송동초등수학과외/,1
C:/Projects/studyhub/output/재송동초등영어과외/index.html,/재송동초등영어과외/,1
C:/Projects/studyhub/output/전국과외/index.html,/전국과외/,1
C:/Projects/studyhub/output/전남과외/index.html,/전남과외/,2
C:/Projects/studyhub/output/전농동고등과외/index.html,/전농동고등과외/,1
C:/Projects/studyhub/output/전농동고등수학과외/index.html,/전농동고등수학과외/,1
C:/Projects/studyhub/output/전농동고등영어과외/index.html,/전농동고등영어과외/,1
C:/Projects/studyhub/output/전농동과외/index.html,/전농동과외/,2
C:/Projects/studyhub/output/전농동수학과외/index.html,/전농동수학과외/,2
C:/Projects/studyhub/output/전농동영어과외/index.html,/전농동영어과외/,2
C:/Projects/studyhub/output/전농동중등과외/index.html,/전농동중등과외/,2
C:/Projects/studyhub/output/전농동중등수학과외/index.html,/전농동중등수학과외/,1
C:/Projects/studyhub/output/전농동중등영어과외/index.html,/전농동중등영어과외/,1
C:/Projects/studyhub/output/전농동초등과외/index.html,/전농동초등과외/,2
C:/Projects/studyhub/output/전농동초등수학과외/index.html,/전농동초등수학과외/,1
C:/Projects/studyhub/output/전농동초등영어과외/index.html,/전농동초등영어과외/,1
C:/Projects/studyhub/output/전북고등과외/index.html,/전북고등과외/,1
C:/Projects/studyhub/output/전북고등수학과외/index.html,/전북고등수학과외/,1
C:/Projects/studyhub/output/전북고등영어과외/index.html,/전북고등영어과외/,1
C:/Projects/studyhub/output/전북과외/index.html,/전북과외/,2
C:/Projects/studyhub/output/전북수학과외/index.html,/전북수학과외/,2
C:/Projects/studyhub/output/전북영어과외/index.html,/전북영어과외/,2
C:/Projects/studyhub/output/전북중등과외/index.html,/전북중등과외/,2
C:/Projects/studyhub/output/전북중등수학과외/index.html,/전북중등수학과외/,1
C:/Projects/studyhub/output/전북중등영어과외/index.html,/전북중등영어과외/,1
C:/Projects/studyhub/output/전북초등과외/index.html,/전북초등과외/,2
C:/Projects/studyhub/output/전북초등수학과외/index.html,/전북초등수학과외/,1
C:/Projects/studyhub/output/전북초등영어과외/index.html,/전북초등영어과외/,1
C:/Projects/studyhub/output/전주고등과외/index.html,/전주고등과외/,1
C:/Projects/studyhub/output/전주고등수학과외/index.html,/전주고등수학과외/,1
C:/Projects/studyhub/output/전주고등영어과외/index.html,/전주고등영어과외/,1
C:/Projects/studyhub/output/전주과외/index.html,/전주과외/,2
C:/Projects/studyhub/output/전주수학과외/index.html,/전주수학과외/,2
C:/Projects/studyhub/output/전주시-완산구고등과외/index.html,/전주시-완산구고등과외/,1
C:/Projects/studyhub/output/전주시-완산구고등수학과외/index.html,/전주시-완산구고등수학과외/,1
C:/Projects/studyhub/output/전주시-완산구고등영어과외/index.html,/전주시-완산구고등영어과외/,1
C:/Projects/studyhub/output/전주시-완산구수학과외/index.html,/전주시-완산구수학과외/,2
C:/Projects/studyhub/output/전주시-완산구영어과외/index.html,/전주시-완산구영어과외/,2
C:/Projects/studyhub/output/전주시-완산구중등과외/index.html,/전주시-완산구중등과외/,2
C:/Projects/studyhub/output/전주시-완산구중등수학과외/index.html,/전주시-완산구중등수학과외/,1
C:/Projects/studyhub/output/전주시-완산구중등영어과외/index.html,/전주시-완산구중등영어과외/,1
C:/Projects/studyhub/output/전주시-완산구초등과외/index.html,/전주시-완산구초등과외/,2
C:/Projects/studyhub/output/전주시-완산구초등수학과외/index.html,/전주시-완산구초등수학과외/,1
C:/Projects/studyhub/output/전주시-완산구초등영어과외/index.html,/전주시-완산구초등영어과외/,1
C:/Projects/studyhub/output/전주영어과외/index.html,/전주영어과외/,2
C:/Projects/studyhub/output/전주중등과외/index.html,/전주중등과외/,2
C:/Projects/studyhub/output/전주중등수학과외/index.html,/전주중등수학과외/,1
C:/Projects/studyhub/output/전주중등영어과외/index.html,/전주중등영어과외/,1
C:/Projects/studyhub/output/전주초등과외/index.html,/전주초등과외/,2
C:/Projects/studyhub/output/전주초등수학과외/index.html,/전주초등수학과외/,1
C:/Projects/studyhub/output/전주초등영어과외/index.html,/전주초등영어과외/,1
C:/Projects/studyhub/output/전포동고등과외/index.html,/전포동고등과외/,1
C:/Projects/studyhub/output/전포동고등수학과외/index.html,/전포동고등수학과외/,1
C:/Projects/studyhub/output/전포동고등영어과외/index.html,/전포동고등영어과외/,1
C:/Projects/studyhub/output/전포동과외/index.html,/전포동과외/,2
C:/Projects/studyhub/output/전포동수학과외/index.html,/전포동수학과외/,2
C:/Projects/studyhub/output/전포동영어과외/index.html,/전포동영어과외/,2
C:/Projects/studyhub/output/전포동중등과외/index.html,/전포동중등과외/,2
C:/Projects/studyhub/output/전포동중등수학과외/index.html,/전포동중등수학과외/,1
C:/Projects/studyhub/output/전포동중등영어과외/index.html,/전포동중등영어과외/,1
C:/Projects/studyhub/output/전포동초등과외/index.html,/전포동초등과외/,2
C:/Projects/studyhub/output/전포동초등수학과외/index.html,/전포동초등수학과외/,1
C:/Projects/studyhub/output/전포동초등영어과외/index.html,/전포동초등영어과외/,1
C:/Projects/studyhub/output/전하동고등과외/index.html,/전하동고등과외/,1
C:/Projects/studyhub/output/전하동고등수학과외/index.html,/전하동고등수학과외/,1
C:/Projects/studyhub/output/전하동고등영어과외/index.html,/전하동고등영어과외/,1
C:/Projects/studyhub/output/전하동과외/index.html,/전하동과외/,2
C:/Projects/studyhub/output/전하동수학과외/index.html,/전하동수학과외/,2
C:/Projects/studyhub/output/전하동영어과외/index.html,/전하동영어과외/,2
C:/Projects/studyhub/output/전하동중등과외/index.html,/전하동중등과외/,2
C:/Projects/studyhub/output/전하동중등수학과외/index.html,/전하동중등수학과외/,1
C:/Projects/studyhub/output/전하동중등영어과외/index.html,/전하동중등영어과외/,1
C:/Projects/studyhub/output/전하동초등과외/index.html,/전하동초등과외/,2
C:/Projects/studyhub/output/전하동초등수학과외/index.html,/전하동초등수학과외/,1
C:/Projects/studyhub/output/전하동초등영어과외/index.html,/전하동초등영어과외/,1
C:/Projects/studyhub/output/정릉동고등과외/index.html,/정릉동고등과외/,1
C:/Projects/studyhub/output/정릉동고등수학과외/index.html,/정릉동고등수학과외/,1
C:/Projects/studyhub/output/정릉동고등영어과외/index.html,/정릉동고등영어과외/,1
C:/Projects/studyhub/output/정릉동과외/index.html,/정릉동과외/,2
C:/Projects/studyhub/output/정릉동수학과외/index.html,/정릉동수학과외/,2
C:/Projects/studyhub/output/정릉동영어과외/index.html,/정릉동영어과외/,2
C:/Projects/studyhub/output/정릉동중등과외/index.html,/정릉동중등과외/,2
C:/Projects/studyhub/output/정릉동중등수학과외/index.html,/정릉동중등수학과외/,1
C:/Projects/studyhub/output/정릉동중등영어과외/index.html,/정릉동중등영어과외/,1
C:/Projects/studyhub/output/정릉동초등과외/index.html,/정릉동초등과외/,2
C:/Projects/studyhub/output/정릉동초등수학과외/index.html,/정릉동초등수학과외/,1
C:/Projects/studyhub/output/정릉동초등영어과외/index.html,/정릉동초등영어과외/,1
C:/Projects/studyhub/output/정발산동고등과외/index.html,/정발산동고등과외/,1
C:/Projects/studyhub/output/정발산동고등수학과외/index.html,/정발산동고등수학과외/,1
C:/Projects/studyhub/output/정발산동고등영어과외/index.html,/정발산동고등영어과외/,1
C:/Projects/studyhub/output/정발산동과외/index.html,/정발산동과외/,2
C:/Projects/studyhub/output/정발산동수학과외/index.html,/정발산동수학과외/,2
C:/Projects/studyhub/output/정발산동영어과외/index.html,/정발산동영어과외/,2
C:/Projects/studyhub/output/정발산동중등과외/index.html,/정발산동중등과외/,2
C:/Projects/studyhub/output/정발산동중등수학과외/index.html,/정발산동중등수학과외/,1
C:/Projects/studyhub/output/정발산동중등영어과외/index.html,/정발산동중등영어과외/,1
C:/Projects/studyhub/output/정발산동초등과외/index.html,/정발산동초등과외/,2
C:/Projects/studyhub/output/정발산동초등수학과외/index.html,/정발산동초등수학과외/,1
C:/Projects/studyhub/output/정발산동초등영어과외/index.html,/정발산동초등영어과외/,1
C:/Projects/studyhub/output/정왕동고등과외/index.html,/정왕동고등과외/,1
C:/Projects/studyhub/output/정왕동고등수학과외/index.html,/정왕동고등수학과외/,1
C:/Projects/studyhub/output/정왕동고등영어과외/index.html,/정왕동고등영어과외/,1
C:/Projects/studyhub/output/정왕동과외/index.html,/정왕동과외/,2
C:/Projects/studyhub/output/정왕동수학과외/index.html,/정왕동수학과외/,2
C:/Projects/studyhub/output/정왕동영어과외/index.html,/정왕동영어과외/,2
C:/Projects/studyhub/output/정왕동중등과외/index.html,/정왕동중등과외/,2
C:/Projects/studyhub/output/정왕동중등수학과외/index.html,/정왕동중등수학과외/,1
C:/Projects/studyhub/output/정왕동중등영어과외/index.html,/정왕동중등영어과외/,1
C:/Projects/studyhub/output/정왕동초등과외/index.html,/정왕동초등과외/,2
C:/Projects/studyhub/output/정왕동초등수학과외/index.html,/정왕동초등수학과외/,1
C:/Projects/studyhub/output/정왕동초등영어과외/index.html,/정왕동초등영어과외/,1
C:/Projects/studyhub/output/정자동고등과외/index.html,/정자동고등과외/,1
C:/Projects/studyhub/output/정자동고등수학과외/index.html,/정자동고등수학과외/,1
C:/Projects/studyhub/output/정자동고등영어과외/index.html,/정자동고등영어과외/,1
C:/Projects/studyhub/output/정자동수학과외/index.html,/정자동수학과외/,2
C:/Projects/studyhub/output/정자동영어과외/index.html,/정자동영어과외/,2
C:/Projects/studyhub/output/정자동중등과외/index.html,/정자동중등과외/,2
C:/Projects/studyhub/output/정자동중등수학과외/index.html,/정자동중등수학과외/,1
C:/Projects/studyhub/output/정자동중등영어과외/index.html,/정자동중등영어과외/,1
C:/Projects/studyhub/output/정자동초등과외/index.html,/정자동초등과외/,2
C:/Projects/studyhub/output/정자동초등수학과외/index.html,/정자동초등수학과외/,1
C:/Projects/studyhub/output/정자동초등영어과외/index.html,/정자동초등영어과외/,1
C:/Projects/studyhub/output/정평동고등과외/index.html,/정평동고등과외/,1
C:/Projects/studyhub/output/정평동고등수학과외/index.html,/정평동고등수학과외/,1
C:/Projects/studyhub/output/정평동고등영어과외/index.html,/정평동고등영어과외/,1
C:/Projects/studyhub/output/정평동과외/index.html,/정평동과외/,2
C:/Projects/studyhub/output/정평동수학과외/index.html,/정평동수학과외/,2
C:/Projects/studyhub/output/정평동영어과외/index.html,/정평동영어과외/,2
C:/Projects/studyhub/output/정평동중등과외/index.html,/정평동중등과외/,2
C:/Projects/studyhub/output/정평동중등수학과외/index.html,/정평동중등수학과외/,1
C:/Projects/studyhub/output/정평동중등영어과외/index.html,/정평동중등영어과외/,1
C:/Projects/studyhub/output/정평동초등과외/index.html,/정평동초등과외/,2
C:/Projects/studyhub/output/정평동초등수학과외/index.html,/정평동초등수학과외/,1
C:/Projects/studyhub/output/정평동초등영어과외/index.html,/정평동초등영어과외/,1
C:/Projects/studyhub/output/제기동고등과외/index.html,/제기동고등과외/,1
C:/Projects/studyhub/output/제기동고등수학과외/index.html,/제기동고등수학과외/,1
C:/Projects/studyhub/output/제기동고등영어과외/index.html,/제기동고등영어과외/,1
C:/Projects/studyhub/output/제기동과외/index.html,/제기동과외/,2
C:/Projects/studyhub/output/제기동수학과외/index.html,/제기동수학과외/,2
C:/Projects/studyhub/output/제기동영어과외/index.html,/제기동영어과외/,2
C:/Projects/studyhub/output/제기동중등과외/index.html,/제기동중등과외/,2
C:/Projects/studyhub/output/제기동중등수학과외/index.html,/제기동중등수학과외/,1
C:/Projects/studyhub/output/제기동중등영어과외/index.html,/제기동중등영어과외/,1
C:/Projects/studyhub/output/제기동초등과외/index.html,/제기동초등과외/,2
C:/Projects/studyhub/output/제기동초등수학과외/index.html,/제기동초등수학과외/,1
C:/Projects/studyhub/output/제기동초등영어과외/index.html,/제기동초등영어과외/,1
C:/Projects/studyhub/output/제주과외/index.html,/제주과외/,2
C:/Projects/studyhub/output/조남동고등과외/index.html,/조남동고등과외/,1
C:/Projects/studyhub/output/조남동고등수학과외/index.html,/조남동고등수학과외/,1
C:/Projects/studyhub/output/조남동고등영어과외/index.html,/조남동고등영어과외/,1
C:/Projects/studyhub/output/조남동과외/index.html,/조남동과외/,2
C:/Projects/studyhub/output/조남동수학과외/index.html,/조남동수학과외/,2
C:/Projects/studyhub/output/조남동영어과외/index.html,/조남동영어과외/,2
C:/Projects/studyhub/output/조남동중등과외/index.html,/조남동중등과외/,2
C:/Projects/studyhub/output/조남동중등수학과외/index.html,/조남동중등수학과외/,1
C:/Projects/studyhub/output/조남동중등영어과외/index.html,/조남동중등영어과외/,1
C:/Projects/studyhub/output/조남동초등과외/index.html,/조남동초등과외/,2
C:/Projects/studyhub/output/조남동초등수학과외/index.html,/조남동초등수학과외/,1
C:/Projects/studyhub/output/조남동초등영어과외/index.html,/조남동초등영어과외/,1
C:/Projects/studyhub/output/종로구고등과외/index.html,/종로구고등과외/,1
C:/Projects/studyhub/output/종로구고등수학과외/index.html,/종로구고등수학과외/,1
C:/Projects/studyhub/output/종로구고등영어과외/index.html,/종로구고등영어과외/,1
C:/Projects/studyhub/output/종로구과외/index.html,/종로구과외/,2
C:/Projects/studyhub/output/종로구수학과외/index.html,/종로구수학과외/,2
C:/Projects/studyhub/output/종로구영어과외/index.html,/종로구영어과외/,2
C:/Projects/studyhub/output/종로구중등과외/index.html,/종로구중등과외/,2
C:/Projects/studyhub/output/종로구중등수학과외/index.html,/종로구중등수학과외/,1
C:/Projects/studyhub/output/종로구중등영어과외/index.html,/종로구중등영어과외/,1
C:/Projects/studyhub/output/종로구초등과외/index.html,/종로구초등과외/,2
C:/Projects/studyhub/output/종로구초등수학과외/index.html,/종로구초등수학과외/,1
C:/Projects/studyhub/output/종로구초등영어과외/index.html,/종로구초등영어과외/,1
C:/Projects/studyhub/output/종암동고등과외/index.html,/종암동고등과외/,1
C:/Projects/studyhub/output/종암동고등수학과외/index.html,/종암동고등수학과외/,1
C:/Projects/studyhub/output/종암동고등영어과외/index.html,/종암동고등영어과외/,1
C:/Projects/studyhub/output/종암동과외/index.html,/종암동과외/,2
C:/Projects/studyhub/output/종암동수학과외/index.html,/종암동수학과외/,2
C:/Projects/studyhub/output/종암동영어과외/index.html,/종암동영어과외/,2
C:/Projects/studyhub/output/종암동중등과외/index.html,/종암동중등과외/,2
C:/Projects/studyhub/output/종암동중등수학과외/index.html,/종암동중등수학과외/,1
C:/Projects/studyhub/output/종암동중등영어과외/index.html,/종암동중등영어과외/,1
C:/Projects/studyhub/output/종암동초등과외/index.html,/종암동초등과외/,2
C:/Projects/studyhub/output/종암동초등수학과외/index.html,/종암동초등수학과외/,1
C:/Projects/studyhub/output/종암동초등영어과외/index.html,/종암동초등영어과외/,1
C:/Projects/studyhub/output/종촌동고등과외/index.html,/종촌동고등과외/,1
C:/Projects/studyhub/output/종촌동고등수학과외/index.html,/종촌동고등수학과외/,1
C:/Projects/studyhub/output/종촌동고등영어과외/index.html,/종촌동고등영어과외/,1
C:/Projects/studyhub/output/종촌동과외/index.html,/종촌동과외/,2
C:/Projects/studyhub/output/종촌동수학과외/index.html,/종촌동수학과외/,2
C:/Projects/studyhub/output/종촌동영어과외/index.html,/종촌동영어과외/,2
C:/Projects/studyhub/output/종촌동중등과외/index.html,/종촌동중등과외/,2
C:/Projects/studyhub/output/종촌동중등수학과외/index.html,/종촌동중등수학과외/,1
C:/Projects/studyhub/output/종촌동중등영어과외/index.html,/종촌동중등영어과외/,1
C:/Projects/studyhub/output/종촌동초등과외/index.html,/종촌동초등과외/,2
C:/Projects/studyhub/output/종촌동초등수학과외/index.html,/종촌동초등수학과외/,1
C:/Projects/studyhub/output/종촌동초등영어과외/index.html,/종촌동초등영어과외/,1
C:/Projects/studyhub/output/주성동고등과외/index.html,/주성동고등과외/,1
C:/Projects/studyhub/output/주성동고등수학과외/index.html,/주성동고등수학과외/,1
C:/Projects/studyhub/output/주성동고등영어과외/index.html,/주성동고등영어과외/,1
C:/Projects/studyhub/output/주성동과외/index.html,/주성동과외/,2
C:/Projects/studyhub/output/주성동수학과외/index.html,/주성동수학과외/,2
C:/Projects/studyhub/output/주성동영어과외/index.html,/주성동영어과외/,2
C:/Projects/studyhub/output/주성동중등과외/index.html,/주성동중등과외/,2
C:/Projects/studyhub/output/주성동중등수학과외/index.html,/주성동중등수학과외/,1
C:/Projects/studyhub/output/주성동중등영어과외/index.html,/주성동중등영어과외/,1
C:/Projects/studyhub/output/주성동초등과외/index.html,/주성동초등과외/,2
C:/Projects/studyhub/output/주성동초등수학과외/index.html,/주성동초등수학과외/,1
C:/Projects/studyhub/output/주성동초등영어과외/index.html,/주성동초등영어과외/,1
C:/Projects/studyhub/output/주안동고등과외/index.html,/주안동고등과외/,1
C:/Projects/studyhub/output/주안동고등수학과외/index.html,/주안동고등수학과외/,1
C:/Projects/studyhub/output/주안동고등영어과외/index.html,/주안동고등영어과외/,1
C:/Projects/studyhub/output/주안동과외/index.html,/주안동과외/,2
C:/Projects/studyhub/output/주안동수학과외/index.html,/주안동수학과외/,2
C:/Projects/studyhub/output/주안동영어과외/index.html,/주안동영어과외/,2
C:/Projects/studyhub/output/주안동중등과외/index.html,/주안동중등과외/,2
C:/Projects/studyhub/output/주안동중등수학과외/index.html,/주안동중등수학과외/,1
C:/Projects/studyhub/output/주안동중등영어과외/index.html,/주안동중등영어과외/,1
C:/Projects/studyhub/output/주안동초등과외/index.html,/주안동초등과외/,2
C:/Projects/studyhub/output/주안동초등수학과외/index.html,/주안동초등수학과외/,1
C:/Projects/studyhub/output/주안동초등영어과외/index.html,/주안동초등영어과외/,1
C:/Projects/studyhub/output/주엽동고등과외/index.html,/주엽동고등과외/,1
C:/Projects/studyhub/output/주엽동고등수학과외/index.html,/주엽동고등수학과외/,1
C:/Projects/studyhub/output/주엽동고등영어과외/index.html,/주엽동고등영어과외/,1
C:/Projects/studyhub/output/주엽동과외/index.html,/주엽동과외/,2
C:/Projects/studyhub/output/주엽동수학과외/index.html,/주엽동수학과외/,2
C:/Projects/studyhub/output/주엽동영어과외/index.html,/주엽동영어과외/,2
C:/Projects/studyhub/output/주엽동중등과외/index.html,/주엽동중등과외/,2
C:/Projects/studyhub/output/주엽동중등수학과외/index.html,/주엽동중등수학과외/,1
C:/Projects/studyhub/output/주엽동중등영어과외/index.html,/주엽동중등영어과외/,1
C:/Projects/studyhub/output/주엽동초등과외/index.html,/주엽동초등과외/,2
C:/Projects/studyhub/output/주엽동초등수학과외/index.html,/주엽동초등수학과외/,1
C:/Projects/studyhub/output/주엽동초등영어과외/index.html,/주엽동초등영어과외/,1
C:/Projects/studyhub/output/주월동고등과외/index.html,/주월동고등과외/,1
C:/Projects/studyhub/output/주월동고등수학과외/index.html,/주월동고등수학과외/,1
C:/Projects/studyhub/output/주월동고등영어과외/index.html,/주월동고등영어과외/,1
C:/Projects/studyhub/output/주월동과외/index.html,/주월동과외/,2
C:/Projects/studyhub/output/주월동수학과외/index.html,/주월동수학과외/,2
C:/Projects/studyhub/output/주월동영어과외/index.html,/주월동영어과외/,2
C:/Projects/studyhub/output/주월동중등과외/index.html,/주월동중등과외/,2
C:/Projects/studyhub/output/주월동중등수학과외/index.html,/주월동중등수학과외/,1
C:/Projects/studyhub/output/주월동중등영어과외/index.html,/주월동중등영어과외/,1
C:/Projects/studyhub/output/주월동초등과외/index.html,/주월동초등과외/,2
C:/Projects/studyhub/output/주월동초등수학과외/index.html,/주월동초등수학과외/,1
C:/Projects/studyhub/output/주월동초등영어과외/index.html,/주월동초등영어과외/,1
C:/Projects/studyhub/output/죽전동고등과외/index.html,/죽전동고등과외/,1
C:/Projects/studyhub/output/죽전동고등수학과외/index.html,/죽전동고등수학과외/,1
C:/Projects/studyhub/output/죽전동고등영어과외/index.html,/죽전동고등영어과외/,1
C:/Projects/studyhub/output/죽전동과외/index.html,/죽전동과외/,2
C:/Projects/studyhub/output/죽전동수학과외/index.html,/죽전동수학과외/,2
C:/Projects/studyhub/output/죽전동영어과외/index.html,/죽전동영어과외/,2
C:/Projects/studyhub/output/죽전동중등과외/index.html,/죽전동중등과외/,2
C:/Projects/studyhub/output/죽전동중등수학과외/index.html,/죽전동중등수학과외/,1
C:/Projects/studyhub/output/죽전동중등영어과외/index.html,/죽전동중등영어과외/,1
C:/Projects/studyhub/output/죽전동초등과외/index.html,/죽전동초등과외/,2
C:/Projects/studyhub/output/죽전동초등수학과외/index.html,/죽전동초등수학과외/,1
C:/Projects/studyhub/output/죽전동초등영어과외/index.html,/죽전동초등영어과외/,1
C:/Projects/studyhub/output/중계동고등과외/index.html,/중계동고등과외/,1
C:/Projects/studyhub/output/중계동고등수학과외/index.html,/중계동고등수학과외/,1
C:/Projects/studyhub/output/중계동고등영어과외/index.html,/중계동고등영어과외/,1
C:/Projects/studyhub/output/중계동과외/index.html,/중계동과외/,2
C:/Projects/studyhub/output/중계동수학과외/index.html,/중계동수학과외/,2
C:/Projects/studyhub/output/중계동영어과외/index.html,/중계동영어과외/,2
C:/Projects/studyhub/output/중계동중등과외/index.html,/중계동중등과외/,2
C:/Projects/studyhub/output/중계동중등수학과외/index.html,/중계동중등수학과외/,1
C:/Projects/studyhub/output/중계동중등영어과외/index.html,/중계동중등영어과외/,1
C:/Projects/studyhub/output/중계동초등과외/index.html,/중계동초등과외/,2
C:/Projects/studyhub/output/중계동초등수학과외/index.html,/중계동초등수학과외/,1
C:/Projects/studyhub/output/중계동초등영어과외/index.html,/중계동초등영어과외/,1
C:/Projects/studyhub/output/중곡동고등과외/index.html,/중곡동고등과외/,1
C:/Projects/studyhub/output/중곡동고등수학과외/index.html,/중곡동고등수학과외/,1
C:/Projects/studyhub/output/중곡동고등영어과외/index.html,/중곡동고등영어과외/,1
C:/Projects/studyhub/output/중곡동과외/index.html,/중곡동과외/,2
C:/Projects/studyhub/output/중곡동수학과외/index.html,/중곡동수학과외/,2
C:/Projects/studyhub/output/중곡동영어과외/index.html,/중곡동영어과외/,2
C:/Projects/studyhub/output/중곡동중등과외/index.html,/중곡동중등과외/,2
C:/Projects/studyhub/output/중곡동중등수학과외/index.html,/중곡동중등수학과외/,1
C:/Projects/studyhub/output/중곡동중등영어과외/index.html,/중곡동중등영어과외/,1
C:/Projects/studyhub/output/중곡동초등과외/index.html,/중곡동초등과외/,2
C:/Projects/studyhub/output/중곡동초등수학과외/index.html,/중곡동초등수학과외/,1
C:/Projects/studyhub/output/중곡동초등영어과외/index.html,/중곡동초등영어과외/,1
C:/Projects/studyhub/output/중등과외/index.html,/중등과외/,1
C:/Projects/studyhub/output/중등수학과외/index.html,/중등수학과외/,1
C:/Projects/studyhub/output/중등영어과외/index.html,/중등영어과외/,1
C:/Projects/studyhub/output/중랑구고등과외/index.html,/중랑구고등과외/,1
C:/Projects/studyhub/output/중랑구고등수학과외/index.html,/중랑구고등수학과외/,1
C:/Projects/studyhub/output/중랑구고등영어과외/index.html,/중랑구고등영어과외/,1
C:/Projects/studyhub/output/중랑구과외/index.html,/중랑구과외/,2
C:/Projects/studyhub/output/중랑구수학과외/index.html,/중랑구수학과외/,2
C:/Projects/studyhub/output/중랑구영어과외/index.html,/중랑구영어과외/,2
C:/Projects/studyhub/output/중랑구중등과외/index.html,/중랑구중등과외/,2
C:/Projects/studyhub/output/중랑구중등수학과외/index.html,/중랑구중등수학과외/,1
C:/Projects/studyhub/output/중랑구중등영어과외/index.html,/중랑구중등영어과외/,1
C:/Projects/studyhub/output/중랑구초등과외/index.html,/중랑구초등과외/,2
C:/Projects/studyhub/output/중랑구초등수학과외/index.html,/중랑구초등수학과외/,1
C:/Projects/studyhub/output/중랑구초등영어과외/index.html,/중랑구초등영어과외/,1
C:/Projects/studyhub/output/중리동고등과외/index.html,/중리동고등과외/,1
C:/Projects/studyhub/output/중리동고등수학과외/index.html,/중리동고등수학과외/,1
C:/Projects/studyhub/output/중리동고등영어과외/index.html,/중리동고등영어과외/,1
C:/Projects/studyhub/output/중리동과외/index.html,/중리동과외/,2
C:/Projects/studyhub/output/중리동수학과외/index.html,/중리동수학과외/,2
C:/Projects/studyhub/output/중리동영어과외/index.html,/중리동영어과외/,2
C:/Projects/studyhub/output/중리동중등과외/index.html,/중리동중등과외/,2
C:/Projects/studyhub/output/중리동중등수학과외/index.html,/중리동중등수학과외/,1
C:/Projects/studyhub/output/중리동중등영어과외/index.html,/중리동중등영어과외/,1
C:/Projects/studyhub/output/중리동초등과외/index.html,/중리동초등과외/,2
C:/Projects/studyhub/output/중리동초등수학과외/index.html,/중리동초등수학과외/,1
C:/Projects/studyhub/output/중리동초등영어과외/index.html,/중리동초등영어과외/,1
C:/Projects/studyhub/output/중방동고등과외/index.html,/중방동고등과외/,1
C:/Projects/studyhub/output/중방동고등수학과외/index.html,/중방동고등수학과외/,1
C:/Projects/studyhub/output/중방동고등영어과외/index.html,/중방동고등영어과외/,1
C:/Projects/studyhub/output/중방동과외/index.html,/중방동과외/,2
C:/Projects/studyhub/output/중방동수학과외/index.html,/중방동수학과외/,2
C:/Projects/studyhub/output/중방동영어과외/index.html,/중방동영어과외/,2
C:/Projects/studyhub/output/중방동중등과외/index.html,/중방동중등과외/,2
C:/Projects/studyhub/output/중방동중등수학과외/index.html,/중방동중등수학과외/,1
C:/Projects/studyhub/output/중방동중등영어과외/index.html,/중방동중등영어과외/,1
C:/Projects/studyhub/output/중방동초등과외/index.html,/중방동초등과외/,2
C:/Projects/studyhub/output/중방동초등수학과외/index.html,/중방동초등수학과외/,1
C:/Projects/studyhub/output/중방동초등영어과외/index.html,/중방동초등영어과외/,1
C:/Projects/studyhub/output/중원구고등과외/index.html,/중원구고등과외/,1
C:/Projects/studyhub/output/중원구고등수학과외/index.html,/중원구고등수학과외/,1
C:/Projects/studyhub/output/중원구고등영어과외/index.html,/중원구고등영어과외/,1
C:/Projects/studyhub/output/중원구과외/index.html,/중원구과외/,2
C:/Projects/studyhub/output/중원구수학과외/index.html,/중원구수학과외/,2
C:/Projects/studyhub/output/중원구영어과외/index.html,/중원구영어과외/,2
C:/Projects/studyhub/output/중원구중등과외/index.html,/중원구중등과외/,2
C:/Projects/studyhub/output/중원구중등수학과외/index.html,/중원구중등수학과외/,1
C:/Projects/studyhub/output/중원구중등영어과외/index.html,/중원구중등영어과외/,1
C:/Projects/studyhub/output/중원구초등과외/index.html,/중원구초등과외/,2
C:/Projects/studyhub/output/중원구초등수학과외/index.html,/중원구초등수학과외/,1
C:/Projects/studyhub/output/중원구초등영어과외/index.html,/중원구초등영어과외/,1
C:/Projects/studyhub/output/중촌동고등과외/index.html,/중촌동고등과외/,1
C:/Projects/studyhub/output/중촌동고등수학과외/index.html,/중촌동고등수학과외/,1
C:/Projects/studyhub/output/중촌동고등영어과외/index.html,/중촌동고등영어과외/,1
C:/Projects/studyhub/output/중촌동과외/index.html,/중촌동과외/,2
C:/Projects/studyhub/output/중촌동수학과외/index.html,/중촌동수학과외/,2
C:/Projects/studyhub/output/중촌동영어과외/index.html,/중촌동영어과외/,2
C:/Projects/studyhub/output/중촌동중등과외/index.html,/중촌동중등과외/,2
C:/Projects/studyhub/output/중촌동중등수학과외/index.html,/중촌동중등수학과외/,1
C:/Projects/studyhub/output/중촌동중등영어과외/index.html,/중촌동중등영어과외/,1
C:/Projects/studyhub/output/중촌동초등과외/index.html,/중촌동초등과외/,2
C:/Projects/studyhub/output/중촌동초등수학과외/index.html,/중촌동초등수학과외/,1
C:/Projects/studyhub/output/중촌동초등영어과외/index.html,/중촌동초등영어과외/,1
C:/Projects/studyhub/output/중화동고등과외/index.html,/중화동고등과외/,1
C:/Projects/studyhub/output/중화동고등수학과외/index.html,/중화동고등수학과외/,1
C:/Projects/studyhub/output/중화동고등영어과외/index.html,/중화동고등영어과외/,1
C:/Projects/studyhub/output/중화동과외/index.html,/중화동과외/,2
C:/Projects/studyhub/output/중화동수학과외/index.html,/중화동수학과외/,2
C:/Projects/studyhub/output/중화동영어과외/index.html,/중화동영어과외/,2
C:/Projects/studyhub/output/중화동중등과외/index.html,/중화동중등과외/,2
C:/Projects/studyhub/output/중화동중등수학과외/index.html,/중화동중등수학과외/,1
C:/Projects/studyhub/output/중화동중등영어과외/index.html,/중화동중등영어과외/,1
C:/Projects/studyhub/output/중화동초등과외/index.html,/중화동초등과외/,2
C:/Projects/studyhub/output/중화동초등수학과외/index.html,/중화동초등수학과외/,1
C:/Projects/studyhub/output/중화동초등영어과외/index.html,/중화동초등영어과외/,1
C:/Projects/studyhub/output/중화산동고등과외/index.html,/중화산동고등과외/,1
C:/Projects/studyhub/output/중화산동고등수학과외/index.html,/중화산동고등수학과외/,1
C:/Projects/studyhub/output/중화산동고등영어과외/index.html,/중화산동고등영어과외/,1
C:/Projects/studyhub/output/중화산동과외/index.html,/중화산동과외/,2
C:/Projects/studyhub/output/중화산동수학과외/index.html,/중화산동수학과외/,2
C:/Projects/studyhub/output/중화산동영어과외/index.html,/중화산동영어과외/,2
C:/Projects/studyhub/output/중화산동중등과외/index.html,/중화산동중등과외/,2
C:/Projects/studyhub/output/중화산동중등수학과외/index.html,/중화산동중등수학과외/,1
C:/Projects/studyhub/output/중화산동중등영어과외/index.html,/중화산동중등영어과외/,1
C:/Projects/studyhub/output/중화산동초등과외/index.html,/중화산동초등과외/,2
C:/Projects/studyhub/output/중화산동초등수학과외/index.html,/중화산동초등수학과외/,1
C:/Projects/studyhub/output/중화산동초등영어과외/index.html,/중화산동초등영어과외/,1
C:/Projects/studyhub/output/증포동고등과외/index.html,/증포동고등과외/,1
C:/Projects/studyhub/output/증포동고등수학과외/index.html,/증포동고등수학과외/,1
C:/Projects/studyhub/output/증포동고등영어과외/index.html,/증포동고등영어과외/,1
C:/Projects/studyhub/output/증포동과외/index.html,/증포동과외/,2
C:/Projects/studyhub/output/증포동수학과외/index.html,/증포동수학과외/,2
C:/Projects/studyhub/output/증포동영어과외/index.html,/증포동영어과외/,2
C:/Projects/studyhub/output/증포동중등과외/index.html,/증포동중등과외/,2
C:/Projects/studyhub/output/증포동중등수학과외/index.html,/증포동중등수학과외/,1
C:/Projects/studyhub/output/증포동중등영어과외/index.html,/증포동중등영어과외/,1
C:/Projects/studyhub/output/증포동초등과외/index.html,/증포동초등과외/,2
C:/Projects/studyhub/output/증포동초등수학과외/index.html,/증포동초등수학과외/,1
C:/Projects/studyhub/output/증포동초등영어과외/index.html,/증포동초등영어과외/,1
C:/Projects/studyhub/output/지산동고등과외/index.html,/지산동고등과외/,1
C:/Projects/studyhub/output/지산동고등수학과외/index.html,/지산동고등수학과외/,1
C:/Projects/studyhub/output/지산동고등영어과외/index.html,/지산동고등영어과외/,1
C:/Projects/studyhub/output/지산동과외/index.html,/지산동과외/,2
C:/Projects/studyhub/output/지산동수학과외/index.html,/지산동수학과외/,2
C:/Projects/studyhub/output/지산동영어과외/index.html,/지산동영어과외/,2
C:/Projects/studyhub/output/지산동중등과외/index.html,/지산동중등과외/,2
C:/Projects/studyhub/output/지산동중등수학과외/index.html,/지산동중등수학과외/,1
C:/Projects/studyhub/output/지산동중등영어과외/index.html,/지산동중등영어과외/,1
C:/Projects/studyhub/output/지산동초등과외/index.html,/지산동초등과외/,2
C:/Projects/studyhub/output/지산동초등수학과외/index.html,/지산동초등수학과외/,1
C:/Projects/studyhub/output/지산동초등영어과외/index.html,/지산동초등영어과외/,1
C:/Projects/studyhub/output/지족동고등과외/index.html,/지족동고등과외/,1
C:/Projects/studyhub/output/지족동고등수학과외/index.html,/지족동고등수학과외/,1
C:/Projects/studyhub/output/지족동고등영어과외/index.html,/지족동고등영어과외/,1
C:/Projects/studyhub/output/지족동과외/index.html,/지족동과외/,2
C:/Projects/studyhub/output/지족동수학과외/index.html,/지족동수학과외/,2
C:/Projects/studyhub/output/지족동영어과외/index.html,/지족동영어과외/,2
C:/Projects/studyhub/output/지족동중등과외/index.html,/지족동중등과외/,2
C:/Projects/studyhub/output/지족동중등수학과외/index.html,/지족동중등수학과외/,1
C:/Projects/studyhub/output/지족동중등영어과외/index.html,/지족동중등영어과외/,1
C:/Projects/studyhub/output/지족동초등과외/index.html,/지족동초등과외/,2
C:/Projects/studyhub/output/지족동초등수학과외/index.html,/지족동초등수학과외/,1
C:/Projects/studyhub/output/지족동초등영어과외/index.html,/지족동초등영어과외/,1
C:/Projects/studyhub/output/지축동고등과외/index.html,/지축동고등과외/,1
C:/Projects/studyhub/output/지축동고등수학과외/index.html,/지축동고등수학과외/,1
C:/Projects/studyhub/output/지축동고등영어과외/index.html,/지축동고등영어과외/,1
C:/Projects/studyhub/output/지축동과외/index.html,/지축동과외/,2
C:/Projects/studyhub/output/지축동수학과외/index.html,/지축동수학과외/,2
C:/Projects/studyhub/output/지축동영어과외/index.html,/지축동영어과외/,2
C:/Projects/studyhub/output/지축동중등과외/index.html,/지축동중등과외/,2
C:/Projects/studyhub/output/지축동중등수학과외/index.html,/지축동중등수학과외/,1
C:/Projects/studyhub/output/지축동중등영어과외/index.html,/지축동중등영어과외/,1
C:/Projects/studyhub/output/지축동초등과외/index.html,/지축동초등과외/,2
C:/Projects/studyhub/output/지축동초등수학과외/index.html,/지축동초등수학과외/,1
C:/Projects/studyhub/output/지축동초등영어과외/index.html,/지축동초등영어과외/,1
C:/Projects/studyhub/output/지행동고등과외/index.html,/지행동고등과외/,1
C:/Projects/studyhub/output/지행동고등수학과외/index.html,/지행동고등수학과외/,1
C:/Projects/studyhub/output/지행동고등영어과외/index.html,/지행동고등영어과외/,1
C:/Projects/studyhub/output/지행동과외/index.html,/지행동과외/,2
C:/Projects/studyhub/output/지행동수학과외/index.html,/지행동수학과외/,2
C:/Projects/studyhub/output/지행동영어과외/index.html,/지행동영어과외/,2
C:/Projects/studyhub/output/지행동중등과외/index.html,/지행동중등과외/,2
C:/Projects/studyhub/output/지행동중등수학과외/index.html,/지행동중등수학과외/,1
C:/Projects/studyhub/output/지행동중등영어과외/index.html,/지행동중등영어과외/,1
C:/Projects/studyhub/output/지행동초등과외/index.html,/지행동초등과외/,2
C:/Projects/studyhub/output/지행동초등수학과외/index.html,/지행동초등수학과외/,1
C:/Projects/studyhub/output/지행동초등영어과외/index.html,/지행동초등영어과외/,1
C:/Projects/studyhub/output/진관동고등과외/index.html,/진관동고등과외/,1
C:/Projects/studyhub/output/진관동고등수학과외/index.html,/진관동고등수학과외/,1
C:/Projects/studyhub/output/진관동고등영어과외/index.html,/진관동고등영어과외/,1
C:/Projects/studyhub/output/진관동과외/index.html,/진관동과외/,2
C:/Projects/studyhub/output/진관동수학과외/index.html,/진관동수학과외/,2
C:/Projects/studyhub/output/진관동영어과외/index.html,/진관동영어과외/,2
C:/Projects/studyhub/output/진관동중등과외/index.html,/진관동중등과외/,2
C:/Projects/studyhub/output/진관동중등수학과외/index.html,/진관동중등수학과외/,1
C:/Projects/studyhub/output/진관동중등영어과외/index.html,/진관동중등영어과외/,1
C:/Projects/studyhub/output/진관동초등과외/index.html,/진관동초등과외/,2
C:/Projects/studyhub/output/진관동초등수학과외/index.html,/진관동초등수학과외/,1
C:/Projects/studyhub/output/진관동초등영어과외/index.html,/진관동초등영어과외/,1
C:/Projects/studyhub/output/진안동고등과외/index.html,/진안동고등과외/,1
C:/Projects/studyhub/output/진안동고등수학과외/index.html,/진안동고등수학과외/,1
C:/Projects/studyhub/output/진안동고등영어과외/index.html,/진안동고등영어과외/,1
C:/Projects/studyhub/output/진안동과외/index.html,/진안동과외/,2
C:/Projects/studyhub/output/진안동수학과외/index.html,/진안동수학과외/,2
C:/Projects/studyhub/output/진안동영어과외/index.html,/진안동영어과외/,2
C:/Projects/studyhub/output/진안동중등과외/index.html,/진안동중등과외/,2
C:/Projects/studyhub/output/진안동중등수학과외/index.html,/진안동중등수학과외/,1
C:/Projects/studyhub/output/진안동중등영어과외/index.html,/진안동중등영어과외/,1
C:/Projects/studyhub/output/진안동초등과외/index.html,/진안동초등과외/,2
C:/Projects/studyhub/output/진안동초등수학과외/index.html,/진안동초등수학과외/,1
C:/Projects/studyhub/output/진안동초등영어과외/index.html,/진안동초등영어과외/,1
C:/Projects/studyhub/output/진월동고등과외/index.html,/진월동고등과외/,1
C:/Projects/studyhub/output/진월동고등수학과외/index.html,/진월동고등수학과외/,1
C:/Projects/studyhub/output/진월동고등영어과외/index.html,/진월동고등영어과외/,1
C:/Projects/studyhub/output/진월동과외/index.html,/진월동과외/,2
C:/Projects/studyhub/output/진월동수학과외/index.html,/진월동수학과외/,2
C:/Projects/studyhub/output/진월동영어과외/index.html,/진월동영어과외/,2
C:/Projects/studyhub/output/진월동중등과외/index.html,/진월동중등과외/,2
C:/Projects/studyhub/output/진월동중등수학과외/index.html,/진월동중등수학과외/,1
C:/Projects/studyhub/output/진월동중등영어과외/index.html,/진월동중등영어과외/,1
C:/Projects/studyhub/output/진월동초등과외/index.html,/진월동초등과외/,2
C:/Projects/studyhub/output/진월동초등수학과외/index.html,/진월동초등수학과외/,1
C:/Projects/studyhub/output/진월동초등영어과외/index.html,/진월동초등영어과외/,1
C:/Projects/studyhub/output/진접읍고등과외/index.html,/진접읍고등과외/,1
C:/Projects/studyhub/output/진접읍고등수학과외/index.html,/진접읍고등수학과외/,1
C:/Projects/studyhub/output/진접읍고등영어과외/index.html,/진접읍고등영어과외/,1
C:/Projects/studyhub/output/진접읍과외/index.html,/진접읍과외/,2
C:/Projects/studyhub/output/진접읍수학과외/index.html,/진접읍수학과외/,2
C:/Projects/studyhub/output/진접읍영어과외/index.html,/진접읍영어과외/,2
C:/Projects/studyhub/output/진접읍중등과외/index.html,/진접읍중등과외/,2
C:/Projects/studyhub/output/진접읍중등수학과외/index.html,/진접읍중등수학과외/,1
C:/Projects/studyhub/output/진접읍중등영어과외/index.html,/진접읍중등영어과외/,1
C:/Projects/studyhub/output/진접읍초등과외/index.html,/진접읍초등과외/,2
C:/Projects/studyhub/output/진접읍초등수학과외/index.html,/진접읍초등수학과외/,1
C:/Projects/studyhub/output/진접읍초등영어과외/index.html,/진접읍초등영어과외/,1
C:/Projects/studyhub/output/창곡동고등과외/index.html,/창곡동고등과외/,1
C:/Projects/studyhub/output/창곡동고등수학과외/index.html,/창곡동고등수학과외/,1
C:/Projects/studyhub/output/창곡동고등영어과외/index.html,/창곡동고등영어과외/,1
C:/Projects/studyhub/output/창곡동과외/index.html,/창곡동과외/,2
C:/Projects/studyhub/output/창곡동수학과외/index.html,/창곡동수학과외/,2
C:/Projects/studyhub/output/창곡동영어과외/index.html,/창곡동영어과외/,2
C:/Projects/studyhub/output/창곡동중등과외/index.html,/창곡동중등과외/,2
C:/Projects/studyhub/output/창곡동중등수학과외/index.html,/창곡동중등수학과외/,1
C:/Projects/studyhub/output/창곡동중등영어과외/index.html,/창곡동중등영어과외/,1
C:/Projects/studyhub/output/창곡동초등과외/index.html,/창곡동초등과외/,2
C:/Projects/studyhub/output/창곡동초등수학과외/index.html,/창곡동초등수학과외/,1
C:/Projects/studyhub/output/창곡동초등영어과외/index.html,/창곡동초등영어과외/,1
C:/Projects/studyhub/output/창동고등과외/index.html,/창동고등과외/,1
C:/Projects/studyhub/output/창동고등수학과외/index.html,/창동고등수학과외/,1
C:/Projects/studyhub/output/창동고등영어과외/index.html,/창동고등영어과외/,1
C:/Projects/studyhub/output/창동과외/index.html,/창동과외/,2
C:/Projects/studyhub/output/창동수학과외/index.html,/창동수학과외/,2
C:/Projects/studyhub/output/창동영어과외/index.html,/창동영어과외/,2
C:/Projects/studyhub/output/창동중등과외/index.html,/창동중등과외/,2
C:/Projects/studyhub/output/창동중등수학과외/index.html,/창동중등수학과외/,1
C:/Projects/studyhub/output/창동중등영어과외/index.html,/창동중등영어과외/,1
C:/Projects/studyhub/output/창동초등과외/index.html,/창동초등과외/,2
C:/Projects/studyhub/output/창동초등수학과외/index.html,/창동초등수학과외/,1
C:/Projects/studyhub/output/창동초등영어과외/index.html,/창동초등영어과외/,1
C:/Projects/studyhub/output/창우동고등과외/index.html,/창우동고등과외/,1
C:/Projects/studyhub/output/창우동고등수학과외/index.html,/창우동고등수학과외/,1
C:/Projects/studyhub/output/창우동고등영어과외/index.html,/창우동고등영어과외/,1
C:/Projects/studyhub/output/창우동과외/index.html,/창우동과외/,2
C:/Projects/studyhub/output/창우동수학과외/index.html,/창우동수학과외/,2
C:/Projects/studyhub/output/창우동영어과외/index.html,/창우동영어과외/,2
C:/Projects/studyhub/output/창우동중등과외/index.html,/창우동중등과외/,2
C:/Projects/studyhub/output/창우동중등수학과외/index.html,/창우동중등수학과외/,1
C:/Projects/studyhub/output/창우동중등영어과외/index.html,/창우동중등영어과외/,1
C:/Projects/studyhub/output/창우동초등과외/index.html,/창우동초등과외/,2
C:/Projects/studyhub/output/창우동초등수학과외/index.html,/창우동초등수학과외/,1
C:/Projects/studyhub/output/창우동초등영어과외/index.html,/창우동초등영어과외/,1
C:/Projects/studyhub/output/창천동고등과외/index.html,/창천동고등과외/,1
C:/Projects/studyhub/output/창천동고등수학과외/index.html,/창천동고등수학과외/,1
C:/Projects/studyhub/output/창천동고등영어과외/index.html,/창천동고등영어과외/,1
C:/Projects/studyhub/output/창천동과외/index.html,/창천동과외/,2
C:/Projects/studyhub/output/창천동수학과외/index.html,/창천동수학과외/,2
C:/Projects/studyhub/output/창천동영어과외/index.html,/창천동영어과외/,2
C:/Projects/studyhub/output/창천동중등과외/index.html,/창천동중등과외/,2
C:/Projects/studyhub/output/창천동중등수학과외/index.html,/창천동중등수학과외/,1
C:/Projects/studyhub/output/창천동중등영어과외/index.html,/창천동중등영어과외/,1
C:/Projects/studyhub/output/창천동초등과외/index.html,/창천동초등과외/,2
C:/Projects/studyhub/output/창천동초등수학과외/index.html,/창천동초등수학과외/,1
C:/Projects/studyhub/output/창천동초등영어과외/index.html,/창천동초등영어과외/,1
C:/Projects/studyhub/output/창포동고등과외/index.html,/창포동고등과외/,1
C:/Projects/studyhub/output/창포동고등수학과외/index.html,/창포동고등수학과외/,1
C:/Projects/studyhub/output/창포동고등영어과외/index.html,/창포동고등영어과외/,1
C:/Projects/studyhub/output/창포동과외/index.html,/창포동과외/,2
C:/Projects/studyhub/output/창포동수학과외/index.html,/창포동수학과외/,2
C:/Projects/studyhub/output/창포동영어과외/index.html,/창포동영어과외/,2
C:/Projects/studyhub/output/창포동중등과외/index.html,/창포동중등과외/,2
C:/Projects/studyhub/output/창포동중등수학과외/index.html,/창포동중등수학과외/,1
C:/Projects/studyhub/output/창포동중등영어과외/index.html,/창포동중등영어과외/,1
C:/Projects/studyhub/output/창포동초등과외/index.html,/창포동초등과외/,2
C:/Projects/studyhub/output/창포동초등수학과외/index.html,/창포동초등수학과외/,1
C:/Projects/studyhub/output/창포동초등영어과외/index.html,/창포동초등영어과외/,1
C:/Projects/studyhub/output/처인구고등과외/index.html,/처인구고등과외/,1
C:/Projects/studyhub/output/처인구고등수학과외/index.html,/처인구고등수학과외/,1
C:/Projects/studyhub/output/처인구고등영어과외/index.html,/처인구고등영어과외/,1
C:/Projects/studyhub/output/처인구과외/index.html,/처인구과외/,2
C:/Projects/studyhub/output/처인구수학과외/index.html,/처인구수학과외/,2
C:/Projects/studyhub/output/처인구영어과외/index.html,/처인구영어과외/,2
C:/Projects/studyhub/output/처인구중등과외/index.html,/처인구중등과외/,2
C:/Projects/studyhub/output/처인구중등수학과외/index.html,/처인구중등수학과외/,1
C:/Projects/studyhub/output/처인구중등영어과외/index.html,/처인구중등영어과외/,1
C:/Projects/studyhub/output/처인구초등과외/index.html,/처인구초등과외/,2
C:/Projects/studyhub/output/처인구초등수학과외/index.html,/처인구초등수학과외/,1
C:/Projects/studyhub/output/처인구초등영어과외/index.html,/처인구초등영어과외/,1
C:/Projects/studyhub/output/천안고등과외/index.html,/천안고등과외/,1
C:/Projects/studyhub/output/천안고등수학과외/index.html,/천안고등수학과외/,1
C:/Projects/studyhub/output/천안고등영어과외/index.html,/천안고등영어과외/,1
C:/Projects/studyhub/output/천안과외/index.html,/천안과외/,2
C:/Projects/studyhub/output/천안수학과외/index.html,/천안수학과외/,2
C:/Projects/studyhub/output/천안시-서북구고등과외/index.html,/천안시-서북구고등과외/,1
C:/Projects/studyhub/output/천안시-서북구고등수학과외/index.html,/천안시-서북구고등수학과외/,1
C:/Projects/studyhub/output/천안시-서북구고등영어과외/index.html,/천안시-서북구고등영어과외/,1
C:/Projects/studyhub/output/천안시-서북구수학과외/index.html,/천안시-서북구수학과외/,2
C:/Projects/studyhub/output/천안시-서북구영어과외/index.html,/천안시-서북구영어과외/,2
C:/Projects/studyhub/output/천안시-서북구중등과외/index.html,/천안시-서북구중등과외/,2
C:/Projects/studyhub/output/천안시-서북구중등수학과외/index.html,/천안시-서북구중등수학과외/,1
C:/Projects/studyhub/output/천안시-서북구중등영어과외/index.html,/천안시-서북구중등영어과외/,1
C:/Projects/studyhub/output/천안시-서북구초등과외/index.html,/천안시-서북구초등과외/,2
C:/Projects/studyhub/output/천안시-서북구초등수학과외/index.html,/천안시-서북구초등수학과외/,1
C:/Projects/studyhub/output/천안시-서북구초등영어과외/index.html,/천안시-서북구초등영어과외/,1
C:/Projects/studyhub/output/천안영어과외/index.html,/천안영어과외/,2
C:/Projects/studyhub/output/천안중등과외/index.html,/천안중등과외/,2
C:/Projects/studyhub/output/천안중등수학과외/index.html,/천안중등수학과외/,1
C:/Projects/studyhub/output/천안중등영어과외/index.html,/천안중등영어과외/,1
C:/Projects/studyhub/output/천안초등과외/index.html,/천안초등과외/,2
C:/Projects/studyhub/output/천안초등수학과외/index.html,/천안초등수학과외/,1
C:/Projects/studyhub/output/천안초등영어과외/index.html,/천안초등영어과외/,1
C:/Projects/studyhub/output/천왕동고등과외/index.html,/천왕동고등과외/,1
C:/Projects/studyhub/output/천왕동고등수학과외/index.html,/천왕동고등수학과외/,1
C:/Projects/studyhub/output/천왕동고등영어과외/index.html,/천왕동고등영어과외/,1
C:/Projects/studyhub/output/천왕동과외/index.html,/천왕동과외/,2
C:/Projects/studyhub/output/천왕동수학과외/index.html,/천왕동수학과외/,2
C:/Projects/studyhub/output/천왕동영어과외/index.html,/천왕동영어과외/,2
C:/Projects/studyhub/output/천왕동중등과외/index.html,/천왕동중등과외/,2
C:/Projects/studyhub/output/천왕동중등수학과외/index.html,/천왕동중등수학과외/,1
C:/Projects/studyhub/output/천왕동중등영어과외/index.html,/천왕동중등영어과외/,1
C:/Projects/studyhub/output/천왕동초등과외/index.html,/천왕동초등과외/,2
C:/Projects/studyhub/output/천왕동초등수학과외/index.html,/천왕동초등수학과외/,1
C:/Projects/studyhub/output/천왕동초등영어과외/index.html,/천왕동초등영어과외/,1
C:/Projects/studyhub/output/천천동고등과외/index.html,/천천동고등과외/,1
C:/Projects/studyhub/output/천천동고등수학과외/index.html,/천천동고등수학과외/,1
C:/Projects/studyhub/output/천천동고등영어과외/index.html,/천천동고등영어과외/,1
C:/Projects/studyhub/output/천천동과외/index.html,/천천동과외/,2
C:/Projects/studyhub/output/천천동수학과외/index.html,/천천동수학과외/,2
C:/Projects/studyhub/output/천천동영어과외/index.html,/천천동영어과외/,2
C:/Projects/studyhub/output/천천동중등과외/index.html,/천천동중등과외/,2
C:/Projects/studyhub/output/천천동중등수학과외/index.html,/천천동중등수학과외/,1
C:/Projects/studyhub/output/천천동중등영어과외/index.html,/천천동중등영어과외/,1
C:/Projects/studyhub/output/천천동초등과외/index.html,/천천동초등과외/,2
C:/Projects/studyhub/output/천천동초등수학과외/index.html,/천천동초등수학과외/,1
C:/Projects/studyhub/output/천천동초등영어과외/index.html,/천천동초등영어과외/,1
C:/Projects/studyhub/output/천호동고등과외/index.html,/천호동고등과외/,1
C:/Projects/studyhub/output/천호동고등수학과외/index.html,/천호동고등수학과외/,1
C:/Projects/studyhub/output/천호동고등영어과외/index.html,/천호동고등영어과외/,1
C:/Projects/studyhub/output/천호동과외/index.html,/천호동과외/,2
C:/Projects/studyhub/output/천호동수학과외/index.html,/천호동수학과외/,2
C:/Projects/studyhub/output/천호동영어과외/index.html,/천호동영어과외/,2
C:/Projects/studyhub/output/천호동중등과외/index.html,/천호동중등과외/,2
C:/Projects/studyhub/output/천호동중등수학과외/index.html,/천호동중등수학과외/,1
C:/Projects/studyhub/output/천호동중등영어과외/index.html,/천호동중등영어과외/,1
C:/Projects/studyhub/output/천호동초등과외/index.html,/천호동초등과외/,2
C:/Projects/studyhub/output/천호동초등수학과외/index.html,/천호동초등수학과외/,1
C:/Projects/studyhub/output/천호동초등영어과외/index.html,/천호동초등영어과외/,1
C:/Projects/studyhub/output/철산동고등과외/index.html,/철산동고등과외/,1
C:/Projects/studyhub/output/철산동고등수학과외/index.html,/철산동고등수학과외/,1
C:/Projects/studyhub/output/철산동고등영어과외/index.html,/철산동고등영어과외/,1
C:/Projects/studyhub/output/철산동과외/index.html,/철산동과외/,2
C:/Projects/studyhub/output/철산동수학과외/index.html,/철산동수학과외/,2
C:/Projects/studyhub/output/철산동영어과외/index.html,/철산동영어과외/,2
C:/Projects/studyhub/output/철산동중등과외/index.html,/철산동중등과외/,2
C:/Projects/studyhub/output/철산동중등수학과외/index.html,/철산동중등수학과외/,1
C:/Projects/studyhub/output/철산동중등영어과외/index.html,/철산동중등영어과외/,1
C:/Projects/studyhub/output/철산동초등과외/index.html,/철산동초등과외/,2
C:/Projects/studyhub/output/철산동초등수학과외/index.html,/철산동초등수학과외/,1
C:/Projects/studyhub/output/철산동초등영어과외/index.html,/철산동초등영어과외/,1
C:/Projects/studyhub/output/첨단지구고등과외/index.html,/첨단지구고등과외/,1
C:/Projects/studyhub/output/첨단지구고등수학과외/index.html,/첨단지구고등수학과외/,1
C:/Projects/studyhub/output/첨단지구고등영어과외/index.html,/첨단지구고등영어과외/,1
C:/Projects/studyhub/output/첨단지구과외/index.html,/첨단지구과외/,2
C:/Projects/studyhub/output/첨단지구수학과외/index.html,/첨단지구수학과외/,2
C:/Projects/studyhub/output/첨단지구영어과외/index.html,/첨단지구영어과외/,2
C:/Projects/studyhub/output/첨단지구중등과외/index.html,/첨단지구중등과외/,2
C:/Projects/studyhub/output/첨단지구중등수학과외/index.html,/첨단지구중등수학과외/,1
C:/Projects/studyhub/output/첨단지구중등영어과외/index.html,/첨단지구중등영어과외/,1
C:/Projects/studyhub/output/첨단지구초등과외/index.html,/첨단지구초등과외/,2
C:/Projects/studyhub/output/첨단지구초등수학과외/index.html,/첨단지구초등수학과외/,1
C:/Projects/studyhub/output/첨단지구초등영어과외/index.html,/첨단지구초등영어과외/,1
C:/Projects/studyhub/output/청계동고등과외/index.html,/청계동고등과외/,1
C:/Projects/studyhub/output/청계동고등수학과외/index.html,/청계동고등수학과외/,1
C:/Projects/studyhub/output/청계동고등영어과외/index.html,/청계동고등영어과외/,1
C:/Projects/studyhub/output/청계동과외/index.html,/청계동과외/,2
C:/Projects/studyhub/output/청계동수학과외/index.html,/청계동수학과외/,2
C:/Projects/studyhub/output/청계동영어과외/index.html,/청계동영어과외/,2
C:/Projects/studyhub/output/청계동중등과외/index.html,/청계동중등과외/,2
C:/Projects/studyhub/output/청계동중등수학과외/index.html,/청계동중등수학과외/,1
C:/Projects/studyhub/output/청계동중등영어과외/index.html,/청계동중등영어과외/,1
C:/Projects/studyhub/output/청계동초등과외/index.html,/청계동초등과외/,2
C:/Projects/studyhub/output/청계동초등수학과외/index.html,/청계동초등수학과외/,1
C:/Projects/studyhub/output/청계동초등영어과외/index.html,/청계동초등영어과외/,1
C:/Projects/studyhub/output/청담동고등과외/index.html,/청담동고등과외/,1
C:/Projects/studyhub/output/청담동고등수학과외/index.html,/청담동고등수학과외/,1
C:/Projects/studyhub/output/청담동고등영어과외/index.html,/청담동고등영어과외/,1
C:/Projects/studyhub/output/청담동과외/index.html,/청담동과외/,2
C:/Projects/studyhub/output/청담동수학과외/index.html,/청담동수학과외/,2
C:/Projects/studyhub/output/청담동영어과외/index.html,/청담동영어과외/,2
C:/Projects/studyhub/output/청담동중등과외/index.html,/청담동중등과외/,2
C:/Projects/studyhub/output/청담동중등수학과외/index.html,/청담동중등수학과외/,1
C:/Projects/studyhub/output/청담동중등영어과외/index.html,/청담동중등영어과외/,1
C:/Projects/studyhub/output/청담동초등과외/index.html,/청담동초등과외/,2
C:/Projects/studyhub/output/청담동초등수학과외/index.html,/청담동초등수학과외/,1
C:/Projects/studyhub/output/청담동초등영어과외/index.html,/청담동초등영어과외/,1
C:/Projects/studyhub/output/청당동고등과외/index.html,/청당동고등과외/,1
C:/Projects/studyhub/output/청당동고등수학과외/index.html,/청당동고등수학과외/,1
C:/Projects/studyhub/output/청당동고등영어과외/index.html,/청당동고등영어과외/,1
C:/Projects/studyhub/output/청당동과외/index.html,/청당동과외/,2
C:/Projects/studyhub/output/청당동수학과외/index.html,/청당동수학과외/,2
C:/Projects/studyhub/output/청당동영어과외/index.html,/청당동영어과외/,2
C:/Projects/studyhub/output/청당동중등과외/index.html,/청당동중등과외/,2
C:/Projects/studyhub/output/청당동중등수학과외/index.html,/청당동중등수학과외/,1
C:/Projects/studyhub/output/청당동중등영어과외/index.html,/청당동중등영어과외/,1
C:/Projects/studyhub/output/청당동초등과외/index.html,/청당동초등과외/,2
C:/Projects/studyhub/output/청당동초등수학과외/index.html,/청당동초등수학과외/,1
C:/Projects/studyhub/output/청당동초등영어과외/index.html,/청당동초등영어과외/,1
C:/Projects/studyhub/output/청덕동고등과외/index.html,/청덕동고등과외/,1
C:/Projects/studyhub/output/청덕동고등수학과외/index.html,/청덕동고등수학과외/,1
C:/Projects/studyhub/output/청덕동고등영어과외/index.html,/청덕동고등영어과외/,1
C:/Projects/studyhub/output/청덕동과외/index.html,/청덕동과외/,2
C:/Projects/studyhub/output/청덕동수학과외/index.html,/청덕동수학과외/,2
C:/Projects/studyhub/output/청덕동영어과외/index.html,/청덕동영어과외/,2
C:/Projects/studyhub/output/청덕동중등과외/index.html,/청덕동중등과외/,2
C:/Projects/studyhub/output/청덕동중등수학과외/index.html,/청덕동중등수학과외/,1
C:/Projects/studyhub/output/청덕동중등영어과외/index.html,/청덕동중등영어과외/,1
C:/Projects/studyhub/output/청덕동초등과외/index.html,/청덕동초등과외/,2
C:/Projects/studyhub/output/청덕동초등수학과외/index.html,/청덕동초등수학과외/,1
C:/Projects/studyhub/output/청덕동초등영어과외/index.html,/청덕동초등영어과외/,1
C:/Projects/studyhub/output/청라동고등과외/index.html,/청라동고등과외/,1
C:/Projects/studyhub/output/청라동고등수학과외/index.html,/청라동고등수학과외/,1
C:/Projects/studyhub/output/청라동고등영어과외/index.html,/청라동고등영어과외/,1
C:/Projects/studyhub/output/청라동과외/index.html,/청라동과외/,2
C:/Projects/studyhub/output/청라동수학과외/index.html,/청라동수학과외/,2
C:/Projects/studyhub/output/청라동영어과외/index.html,/청라동영어과외/,2
C:/Projects/studyhub/output/청라동중등과외/index.html,/청라동중등과외/,2
C:/Projects/studyhub/output/청라동중등수학과외/index.html,/청라동중등수학과외/,1
C:/Projects/studyhub/output/청라동중등영어과외/index.html,/청라동중등영어과외/,1
C:/Projects/studyhub/output/청라동초등과외/index.html,/청라동초등과외/,2
C:/Projects/studyhub/output/청라동초등수학과외/index.html,/청라동초등수학과외/,1
C:/Projects/studyhub/output/청라동초등영어과외/index.html,/청라동초등영어과외/,1
C:/Projects/studyhub/output/청량리고등과외/index.html,/청량리고등과외/,1
C:/Projects/studyhub/output/청량리고등수학과외/index.html,/청량리고등수학과외/,1
C:/Projects/studyhub/output/청량리고등영어과외/index.html,/청량리고등영어과외/,1
C:/Projects/studyhub/output/청량리과외/index.html,/청량리과외/,2
C:/Projects/studyhub/output/청량리수학과외/index.html,/청량리수학과외/,2
C:/Projects/studyhub/output/청량리영어과외/index.html,/청량리영어과외/,2
C:/Projects/studyhub/output/청량리중등과외/index.html,/청량리중등과외/,2
C:/Projects/studyhub/output/청량리중등수학과외/index.html,/청량리중등수학과외/,1
C:/Projects/studyhub/output/청량리중등영어과외/index.html,/청량리중등영어과외/,1
C:/Projects/studyhub/output/청량리초등과외/index.html,/청량리초등과외/,2
C:/Projects/studyhub/output/청량리초등수학과외/index.html,/청량리초등수학과외/,1
C:/Projects/studyhub/output/청량리초등영어과외/index.html,/청량리초등영어과외/,1
C:/Projects/studyhub/output/청수동고등과외/index.html,/청수동고등과외/,1
C:/Projects/studyhub/output/청수동고등수학과외/index.html,/청수동고등수학과외/,1
C:/Projects/studyhub/output/청수동고등영어과외/index.html,/청수동고등영어과외/,1
C:/Projects/studyhub/output/청수동과외/index.html,/청수동과외/,2
C:/Projects/studyhub/output/청수동수학과외/index.html,/청수동수학과외/,2
C:/Projects/studyhub/output/청수동영어과외/index.html,/청수동영어과외/,2
C:/Projects/studyhub/output/청수동중등과외/index.html,/청수동중등과외/,2
C:/Projects/studyhub/output/청수동중등수학과외/index.html,/청수동중등수학과외/,1
C:/Projects/studyhub/output/청수동중등영어과외/index.html,/청수동중등영어과외/,1
C:/Projects/studyhub/output/청수동초등과외/index.html,/청수동초등과외/,2
C:/Projects/studyhub/output/청수동초등수학과외/index.html,/청수동초등수학과외/,1
C:/Projects/studyhub/output/청수동초등영어과외/index.html,/청수동초등영어과외/,1
C:/Projects/studyhub/output/청주고등과외/index.html,/청주고등과외/,1
C:/Projects/studyhub/output/청주고등수학과외/index.html,/청주고등수학과외/,1
C:/Projects/studyhub/output/청주고등영어과외/index.html,/청주고등영어과외/,1
C:/Projects/studyhub/output/청주과외/index.html,/청주과외/,2
C:/Projects/studyhub/output/청주수학과외/index.html,/청주수학과외/,2
C:/Projects/studyhub/output/청주시-흥덕구고등과외/index.html,/청주시-흥덕구고등과외/,1
C:/Projects/studyhub/output/청주시-흥덕구고등수학과외/index.html,/청주시-흥덕구고등수학과외/,1
C:/Projects/studyhub/output/청주시-흥덕구고등영어과외/index.html,/청주시-흥덕구고등영어과외/,1
C:/Projects/studyhub/output/청주시-흥덕구수학과외/index.html,/청주시-흥덕구수학과외/,2
C:/Projects/studyhub/output/청주시-흥덕구영어과외/index.html,/청주시-흥덕구영어과외/,2
C:/Projects/studyhub/output/청주시-흥덕구중등과외/index.html,/청주시-흥덕구중등과외/,2
C:/Projects/studyhub/output/청주시-흥덕구중등수학과외/index.html,/청주시-흥덕구중등수학과외/,1
C:/Projects/studyhub/output/청주시-흥덕구중등영어과외/index.html,/청주시-흥덕구중등영어과외/,1
C:/Projects/studyhub/output/청주시-흥덕구초등과외/index.html,/청주시-흥덕구초등과외/,2
C:/Projects/studyhub/output/청주시-흥덕구초등수학과외/index.html,/청주시-흥덕구초등수학과외/,1
C:/Projects/studyhub/output/청주시-흥덕구초등영어과외/index.html,/청주시-흥덕구초등영어과외/,1
C:/Projects/studyhub/output/청주영어과외/index.html,/청주영어과외/,2
C:/Projects/studyhub/output/청주중등과외/index.html,/청주중등과외/,2
C:/Projects/studyhub/output/청주중등수학과외/index.html,/청주중등수학과외/,1
C:/Projects/studyhub/output/청주중등영어과외/index.html,/청주중등영어과외/,1
C:/Projects/studyhub/output/청주초등과외/index.html,/청주초등과외/,2
C:/Projects/studyhub/output/청주초등수학과외/index.html,/청주초등수학과외/,1
C:/Projects/studyhub/output/청주초등영어과외/index.html,/청주초등영어과외/,1
C:/Projects/studyhub/output/청천동고등과외/index.html,/청천동고등과외/,1
C:/Projects/studyhub/output/청천동고등수학과외/index.html,/청천동고등수학과외/,1
C:/Projects/studyhub/output/청천동고등영어과외/index.html,/청천동고등영어과외/,1
C:/Projects/studyhub/output/청천동과외/index.html,/청천동과외/,2
C:/Projects/studyhub/output/청천동수학과외/index.html,/청천동수학과외/,2
C:/Projects/studyhub/output/청천동영어과외/index.html,/청천동영어과외/,2
C:/Projects/studyhub/output/청천동중등과외/index.html,/청천동중등과외/,2
C:/Projects/studyhub/output/청천동중등수학과외/index.html,/청천동중등수학과외/,1
C:/Projects/studyhub/output/청천동중등영어과외/index.html,/청천동중등영어과외/,1
C:/Projects/studyhub/output/청천동초등과외/index.html,/청천동초등과외/,2
C:/Projects/studyhub/output/청천동초등수학과외/index.html,/청천동초등수학과외/,1
C:/Projects/studyhub/output/청천동초등영어과외/index.html,/청천동초등영어과외/,1
C:/Projects/studyhub/output/청학동고등과외/index.html,/청학동고등과외/,1
C:/Projects/studyhub/output/청학동고등수학과외/index.html,/청학동고등수학과외/,1
C:/Projects/studyhub/output/청학동고등영어과외/index.html,/청학동고등영어과외/,1
C:/Projects/studyhub/output/청학동과외/index.html,/청학동과외/,2
C:/Projects/studyhub/output/청학동수학과외/index.html,/청학동수학과외/,2
C:/Projects/studyhub/output/청학동영어과외/index.html,/청학동영어과외/,2
C:/Projects/studyhub/output/청학동중등과외/index.html,/청학동중등과외/,2
C:/Projects/studyhub/output/청학동중등수학과외/index.html,/청학동중등수학과외/,1
C:/Projects/studyhub/output/청학동중등영어과외/index.html,/청학동중등영어과외/,1
C:/Projects/studyhub/output/청학동초등과외/index.html,/청학동초등과외/,2
C:/Projects/studyhub/output/청학동초등수학과외/index.html,/청학동초등수학과외/,1
C:/Projects/studyhub/output/청학동초등영어과외/index.html,/청학동초등영어과외/,1
C:/Projects/studyhub/output/초등과외/index.html,/초등과외/,1
C:/Projects/studyhub/output/초등수학과외/index.html,/초등수학과외/,1
C:/Projects/studyhub/output/초등영어과외/index.html,/초등영어과외/,1
C:/Projects/studyhub/output/초월읍고등과외/index.html,/초월읍고등과외/,1
C:/Projects/studyhub/output/초월읍고등수학과외/index.html,/초월읍고등수학과외/,1
C:/Projects/studyhub/output/초월읍고등영어과외/index.html,/초월읍고등영어과외/,1
C:/Projects/studyhub/output/초월읍과외/index.html,/초월읍과외/,2
C:/Projects/studyhub/output/초월읍수학과외/index.html,/초월읍수학과외/,2
C:/Projects/studyhub/output/초월읍영어과외/index.html,/초월읍영어과외/,2
C:/Projects/studyhub/output/초월읍중등과외/index.html,/초월읍중등과외/,2
C:/Projects/studyhub/output/초월읍중등수학과외/index.html,/초월읍중등수학과외/,1
C:/Projects/studyhub/output/초월읍중등영어과외/index.html,/초월읍중등영어과외/,1
C:/Projects/studyhub/output/초월읍초등과외/index.html,/초월읍초등과외/,2
C:/Projects/studyhub/output/초월읍초등수학과외/index.html,/초월읍초등수학과외/,1
C:/Projects/studyhub/output/초월읍초등영어과외/index.html,/초월읍초등영어과외/,1
C:/Projects/studyhub/output/초읍동고등과외/index.html,/초읍동고등과외/,1
C:/Projects/studyhub/output/초읍동고등수학과외/index.html,/초읍동고등수학과외/,1
C:/Projects/studyhub/output/초읍동고등영어과외/index.html,/초읍동고등영어과외/,1
C:/Projects/studyhub/output/초읍동과외/index.html,/초읍동과외/,2
C:/Projects/studyhub/output/초읍동수학과외/index.html,/초읍동수학과외/,2
C:/Projects/studyhub/output/초읍동영어과외/index.html,/초읍동영어과외/,2
C:/Projects/studyhub/output/초읍동중등과외/index.html,/초읍동중등과외/,2
C:/Projects/studyhub/output/초읍동중등수학과외/index.html,/초읍동중등수학과외/,1
C:/Projects/studyhub/output/초읍동중등영어과외/index.html,/초읍동중등영어과외/,1
C:/Projects/studyhub/output/초읍동초등과외/index.html,/초읍동초등과외/,2
C:/Projects/studyhub/output/초읍동초등수학과외/index.html,/초읍동초등수학과외/,1
C:/Projects/studyhub/output/초읍동초등영어과외/index.html,/초읍동초등영어과외/,1
C:/Projects/studyhub/output/초지동고등과외/index.html,/초지동고등과외/,1
C:/Projects/studyhub/output/초지동고등수학과외/index.html,/초지동고등수학과외/,1
C:/Projects/studyhub/output/초지동고등영어과외/index.html,/초지동고등영어과외/,1
C:/Projects/studyhub/output/초지동과외/index.html,/초지동과외/,2
C:/Projects/studyhub/output/초지동수학과외/index.html,/초지동수학과외/,2
C:/Projects/studyhub/output/초지동영어과외/index.html,/초지동영어과외/,2
C:/Projects/studyhub/output/초지동중등과외/index.html,/초지동중등과외/,2
C:/Projects/studyhub/output/초지동중등수학과외/index.html,/초지동중등수학과외/,1
C:/Projects/studyhub/output/초지동중등영어과외/index.html,/초지동중등영어과외/,1
C:/Projects/studyhub/output/초지동초등과외/index.html,/초지동초등과외/,2
C:/Projects/studyhub/output/초지동초등수학과외/index.html,/초지동초등수학과외/,1
C:/Projects/studyhub/output/초지동초등영어과외/index.html,/초지동초등영어과외/,1
C:/Projects/studyhub/output/춘의동고등과외/index.html,/춘의동고등과외/,1
C:/Projects/studyhub/output/춘의동고등수학과외/index.html,/춘의동고등수학과외/,1
C:/Projects/studyhub/output/춘의동고등영어과외/index.html,/춘의동고등영어과외/,1
C:/Projects/studyhub/output/춘의동과외/index.html,/춘의동과외/,2
C:/Projects/studyhub/output/춘의동수학과외/index.html,/춘의동수학과외/,2
C:/Projects/studyhub/output/춘의동영어과외/index.html,/춘의동영어과외/,2
C:/Projects/studyhub/output/춘의동중등과외/index.html,/춘의동중등과외/,2
C:/Projects/studyhub/output/춘의동중등수학과외/index.html,/춘의동중등수학과외/,1
C:/Projects/studyhub/output/춘의동중등영어과외/index.html,/춘의동중등영어과외/,1
C:/Projects/studyhub/output/춘의동초등과외/index.html,/춘의동초등과외/,2
C:/Projects/studyhub/output/춘의동초등수학과외/index.html,/춘의동초등수학과외/,1
C:/Projects/studyhub/output/춘의동초등영어과외/index.html,/춘의동초등영어과외/,1
C:/Projects/studyhub/output/춘천고등과외/index.html,/춘천고등과외/,1
C:/Projects/studyhub/output/춘천고등수학과외/index.html,/춘천고등수학과외/,1
C:/Projects/studyhub/output/춘천고등영어과외/index.html,/춘천고등영어과외/,1
C:/Projects/studyhub/output/춘천과외/index.html,/춘천과외/,2
C:/Projects/studyhub/output/춘천수학과외/index.html,/춘천수학과외/,2
C:/Projects/studyhub/output/춘천시고등과외/index.html,/춘천시고등과외/,1
C:/Projects/studyhub/output/춘천시고등수학과외/index.html,/춘천시고등수학과외/,1
C:/Projects/studyhub/output/춘천시고등영어과외/index.html,/춘천시고등영어과외/,1
C:/Projects/studyhub/output/춘천시수학과외/index.html,/춘천시수학과외/,2
C:/Projects/studyhub/output/춘천시영어과외/index.html,/춘천시영어과외/,2
C:/Projects/studyhub/output/춘천시중등과외/index.html,/춘천시중등과외/,2
C:/Projects/studyhub/output/춘천시중등수학과외/index.html,/춘천시중등수학과외/,1
C:/Projects/studyhub/output/춘천시중등영어과외/index.html,/춘천시중등영어과외/,1
C:/Projects/studyhub/output/춘천시초등과외/index.html,/춘천시초등과외/,2
C:/Projects/studyhub/output/춘천시초등수학과외/index.html,/춘천시초등수학과외/,1
C:/Projects/studyhub/output/춘천시초등영어과외/index.html,/춘천시초등영어과외/,1
C:/Projects/studyhub/output/춘천영어과외/index.html,/춘천영어과외/,2
C:/Projects/studyhub/output/춘천중등과외/index.html,/춘천중등과외/,2
C:/Projects/studyhub/output/춘천중등수학과외/index.html,/춘천중등수학과외/,1
C:/Projects/studyhub/output/춘천중등영어과외/index.html,/춘천중등영어과외/,1
C:/Projects/studyhub/output/춘천초등과외/index.html,/춘천초등과외/,2
C:/Projects/studyhub/output/춘천초등수학과외/index.html,/춘천초등수학과외/,1
C:/Projects/studyhub/output/춘천초등영어과외/index.html,/춘천초등영어과외/,1
C:/Projects/studyhub/output/충남고등과외/index.html,/충남고등과외/,1
C:/Projects/studyhub/output/충남고등수학과외/index.html,/충남고등수학과외/,1
C:/Projects/studyhub/output/충남고등영어과외/index.html,/충남고등영어과외/,1
C:/Projects/studyhub/output/충남과외/index.html,/충남과외/,2
C:/Projects/studyhub/output/충남수학과외/index.html,/충남수학과외/,2
C:/Projects/studyhub/output/충남영어과외/index.html,/충남영어과외/,2
C:/Projects/studyhub/output/충남중등과외/index.html,/충남중등과외/,2
C:/Projects/studyhub/output/충남중등수학과외/index.html,/충남중등수학과외/,1
C:/Projects/studyhub/output/충남중등영어과외/index.html,/충남중등영어과외/,1
C:/Projects/studyhub/output/충남초등과외/index.html,/충남초등과외/,2
C:/Projects/studyhub/output/충남초등수학과외/index.html,/충남초등수학과외/,1
C:/Projects/studyhub/output/충남초등영어과외/index.html,/충남초등영어과외/,1
C:/Projects/studyhub/output/충북고등과외/index.html,/충북고등과외/,1
C:/Projects/studyhub/output/충북고등수학과외/index.html,/충북고등수학과외/,1
C:/Projects/studyhub/output/충북고등영어과외/index.html,/충북고등영어과외/,1
C:/Projects/studyhub/output/충북과외/index.html,/충북과외/,2
C:/Projects/studyhub/output/충북수학과외/index.html,/충북수학과외/,2
C:/Projects/studyhub/output/충북영어과외/index.html,/충북영어과외/,2
C:/Projects/studyhub/output/충북중등과외/index.html,/충북중등과외/,2
C:/Projects/studyhub/output/충북중등수학과외/index.html,/충북중등수학과외/,1
C:/Projects/studyhub/output/충북중등영어과외/index.html,/충북중등영어과외/,1
C:/Projects/studyhub/output/충북초등과외/index.html,/충북초등과외/,2
C:/Projects/studyhub/output/충북초등수학과외/index.html,/충북초등수학과외/,1
C:/Projects/studyhub/output/충북초등영어과외/index.html,/충북초등영어과외/,1
C:/Projects/studyhub/output/충주고등과외/index.html,/충주고등과외/,1
C:/Projects/studyhub/output/충주고등수학과외/index.html,/충주고등수학과외/,1
C:/Projects/studyhub/output/충주고등영어과외/index.html,/충주고등영어과외/,1
C:/Projects/studyhub/output/충주과외/index.html,/충주과외/,2
C:/Projects/studyhub/output/충주수학과외/index.html,/충주수학과외/,2
C:/Projects/studyhub/output/충주영어과외/index.html,/충주영어과외/,2
C:/Projects/studyhub/output/충주중등과외/index.html,/충주중등과외/,2
C:/Projects/studyhub/output/충주중등수학과외/index.html,/충주중등수학과외/,1
C:/Projects/studyhub/output/충주중등영어과외/index.html,/충주중등영어과외/,1
C:/Projects/studyhub/output/충주초등과외/index.html,/충주초등과외/,2
C:/Projects/studyhub/output/충주초등수학과외/index.html,/충주초등수학과외/,1
C:/Projects/studyhub/output/충주초등영어과외/index.html,/충주초등영어과외/,1
C:/Projects/studyhub/output/치평동고등과외/index.html,/치평동고등과외/,1
C:/Projects/studyhub/output/치평동고등수학과외/index.html,/치평동고등수학과외/,1
C:/Projects/studyhub/output/치평동고등영어과외/index.html,/치평동고등영어과외/,1
C:/Projects/studyhub/output/치평동과외/index.html,/치평동과외/,2
C:/Projects/studyhub/output/치평동수학과외/index.html,/치평동수학과외/,2
C:/Projects/studyhub/output/치평동영어과외/index.html,/치평동영어과외/,2
C:/Projects/studyhub/output/치평동중등과외/index.html,/치평동중등과외/,2
C:/Projects/studyhub/output/치평동중등수학과외/index.html,/치평동중등수학과외/,1
C:/Projects/studyhub/output/치평동중등영어과외/index.html,/치평동중등영어과외/,1
C:/Projects/studyhub/output/치평동초등과외/index.html,/치평동초등과외/,2
C:/Projects/studyhub/output/치평동초등수학과외/index.html,/치평동초등수학과외/,1
C:/Projects/studyhub/output/치평동초등영어과외/index.html,/치평동초등영어과외/,1
C:/Projects/studyhub/output/칠금동고등과외/index.html,/칠금동고등과외/,1
C:/Projects/studyhub/output/칠금동고등수학과외/index.html,/칠금동고등수학과외/,1
C:/Projects/studyhub/output/칠금동고등영어과외/index.html,/칠금동고등영어과외/,1
C:/Projects/studyhub/output/칠금동과외/index.html,/칠금동과외/,2
C:/Projects/studyhub/output/칠금동수학과외/index.html,/칠금동수학과외/,2
C:/Projects/studyhub/output/칠금동영어과외/index.html,/칠금동영어과외/,2
C:/Projects/studyhub/output/칠금동중등과외/index.html,/칠금동중등과외/,2
C:/Projects/studyhub/output/칠금동중등수학과외/index.html,/칠금동중등수학과외/,1
C:/Projects/studyhub/output/칠금동중등영어과외/index.html,/칠금동중등영어과외/,1
C:/Projects/studyhub/output/칠금동초등과외/index.html,/칠금동초등과외/,2
C:/Projects/studyhub/output/칠금동초등수학과외/index.html,/칠금동초등수학과외/,1
C:/Projects/studyhub/output/칠금동초등영어과외/index.html,/칠금동초등영어과외/,1
C:/Projects/studyhub/output/칠성동고등과외/index.html,/칠성동고등과외/,1
C:/Projects/studyhub/output/칠성동고등수학과외/index.html,/칠성동고등수학과외/,1
C:/Projects/studyhub/output/칠성동고등영어과외/index.html,/칠성동고등영어과외/,1
C:/Projects/studyhub/output/칠성동과외/index.html,/칠성동과외/,2
C:/Projects/studyhub/output/칠성동수학과외/index.html,/칠성동수학과외/,2
C:/Projects/studyhub/output/칠성동영어과외/index.html,/칠성동영어과외/,2
C:/Projects/studyhub/output/칠성동중등과외/index.html,/칠성동중등과외/,2
C:/Projects/studyhub/output/칠성동중등수학과외/index.html,/칠성동중등수학과외/,1
C:/Projects/studyhub/output/칠성동중등영어과외/index.html,/칠성동중등영어과외/,1
C:/Projects/studyhub/output/칠성동초등과외/index.html,/칠성동초등과외/,2
C:/Projects/studyhub/output/칠성동초등수학과외/index.html,/칠성동초등수학과외/,1
C:/Projects/studyhub/output/칠성동초등영어과외/index.html,/칠성동초등영어과외/,1
C:/Projects/studyhub/output/침산동고등과외/index.html,/침산동고등과외/,1
C:/Projects/studyhub/output/침산동고등수학과외/index.html,/침산동고등수학과외/,1
C:/Projects/studyhub/output/침산동고등영어과외/index.html,/침산동고등영어과외/,1
C:/Projects/studyhub/output/침산동과외/index.html,/침산동과외/,2
C:/Projects/studyhub/output/침산동수학과외/index.html,/침산동수학과외/,2
C:/Projects/studyhub/output/침산동영어과외/index.html,/침산동영어과외/,2
C:/Projects/studyhub/output/침산동중등과외/index.html,/침산동중등과외/,2
C:/Projects/studyhub/output/침산동중등수학과외/index.html,/침산동중등수학과외/,1
C:/Projects/studyhub/output/침산동중등영어과외/index.html,/침산동중등영어과외/,1
C:/Projects/studyhub/output/침산동초등과외/index.html,/침산동초등과외/,2
C:/Projects/studyhub/output/침산동초등수학과외/index.html,/침산동초등수학과외/,1
C:/Projects/studyhub/output/침산동초등영어과외/index.html,/침산동초등영어과외/,1
C:/Projects/studyhub/output/탄방동고등과외/index.html,/탄방동고등과외/,1
C:/Projects/studyhub/output/탄방동고등수학과외/index.html,/탄방동고등수학과외/,1
C:/Projects/studyhub/output/탄방동고등영어과외/index.html,/탄방동고등영어과외/,1
C:/Projects/studyhub/output/탄방동과외/index.html,/탄방동과외/,2
C:/Projects/studyhub/output/탄방동수학과외/index.html,/탄방동수학과외/,2
C:/Projects/studyhub/output/탄방동영어과외/index.html,/탄방동영어과외/,2
C:/Projects/studyhub/output/탄방동중등과외/index.html,/탄방동중등과외/,2
C:/Projects/studyhub/output/탄방동중등수학과외/index.html,/탄방동중등수학과외/,1
C:/Projects/studyhub/output/탄방동중등영어과외/index.html,/탄방동중등영어과외/,1
C:/Projects/studyhub/output/탄방동초등과외/index.html,/탄방동초등과외/,2
C:/Projects/studyhub/output/탄방동초등수학과외/index.html,/탄방동초등수학과외/,1
C:/Projects/studyhub/output/탄방동초등영어과외/index.html,/탄방동초등영어과외/,1
C:/Projects/studyhub/output/탄벌동고등과외/index.html,/탄벌동고등과외/,1
C:/Projects/studyhub/output/탄벌동고등수학과외/index.html,/탄벌동고등수학과외/,1
C:/Projects/studyhub/output/탄벌동고등영어과외/index.html,/탄벌동고등영어과외/,1
C:/Projects/studyhub/output/탄벌동과외/index.html,/탄벌동과외/,2
C:/Projects/studyhub/output/탄벌동수학과외/index.html,/탄벌동수학과외/,2
C:/Projects/studyhub/output/탄벌동영어과외/index.html,/탄벌동영어과외/,2
C:/Projects/studyhub/output/탄벌동중등과외/index.html,/탄벌동중등과외/,2
C:/Projects/studyhub/output/탄벌동중등수학과외/index.html,/탄벌동중등수학과외/,1
C:/Projects/studyhub/output/탄벌동중등영어과외/index.html,/탄벌동중등영어과외/,1
C:/Projects/studyhub/output/탄벌동초등과외/index.html,/탄벌동초등과외/,2
C:/Projects/studyhub/output/탄벌동초등수학과외/index.html,/탄벌동초등수학과외/,1
C:/Projects/studyhub/output/탄벌동초등영어과외/index.html,/탄벌동초등영어과외/,1
C:/Projects/studyhub/output/탄현동고등과외/index.html,/탄현동고등과외/,1
C:/Projects/studyhub/output/탄현동고등수학과외/index.html,/탄현동고등수학과외/,1
C:/Projects/studyhub/output/탄현동고등영어과외/index.html,/탄현동고등영어과외/,1
C:/Projects/studyhub/output/탄현동과외/index.html,/탄현동과외/,2
C:/Projects/studyhub/output/탄현동수학과외/index.html,/탄현동수학과외/,2
C:/Projects/studyhub/output/탄현동영어과외/index.html,/탄현동영어과외/,2
C:/Projects/studyhub/output/탄현동중등과외/index.html,/탄현동중등과외/,2
C:/Projects/studyhub/output/탄현동중등수학과외/index.html,/탄현동중등수학과외/,1
C:/Projects/studyhub/output/탄현동중등영어과외/index.html,/탄현동중등영어과외/,1
C:/Projects/studyhub/output/탄현동초등과외/index.html,/탄현동초등과외/,2
C:/Projects/studyhub/output/탄현동초등수학과외/index.html,/탄현동초등수학과외/,1
C:/Projects/studyhub/output/탄현동초등영어과외/index.html,/탄현동초등영어과외/,1
C:/Projects/studyhub/output/태전동고등과외/index.html,/태전동고등과외/,1
C:/Projects/studyhub/output/태전동고등수학과외/index.html,/태전동고등수학과외/,1
C:/Projects/studyhub/output/태전동고등영어과외/index.html,/태전동고등영어과외/,1
C:/Projects/studyhub/output/태전동과외/index.html,/태전동과외/,2
C:/Projects/studyhub/output/태전동수학과외/index.html,/태전동수학과외/,2
C:/Projects/studyhub/output/태전동영어과외/index.html,/태전동영어과외/,2
C:/Projects/studyhub/output/태전동중등과외/index.html,/태전동중등과외/,2
C:/Projects/studyhub/output/태전동중등수학과외/index.html,/태전동중등수학과외/,1
C:/Projects/studyhub/output/태전동중등영어과외/index.html,/태전동중등영어과외/,1
C:/Projects/studyhub/output/태전동초등과외/index.html,/태전동초등과외/,2
C:/Projects/studyhub/output/태전동초등수학과외/index.html,/태전동초등수학과외/,1
C:/Projects/studyhub/output/태전동초등영어과외/index.html,/태전동초등영어과외/,1
C:/Projects/studyhub/output/태평동고등과외/index.html,/태평동고등과외/,1
C:/Projects/studyhub/output/태평동고등수학과외/index.html,/태평동고등수학과외/,1
C:/Projects/studyhub/output/태평동고등영어과외/index.html,/태평동고등영어과외/,1
C:/Projects/studyhub/output/태평동과외/index.html,/태평동과외/,2
C:/Projects/studyhub/output/태평동수학과외/index.html,/태평동수학과외/,2
C:/Projects/studyhub/output/태평동영어과외/index.html,/태평동영어과외/,2
C:/Projects/studyhub/output/태평동중등과외/index.html,/태평동중등과외/,2
C:/Projects/studyhub/output/태평동중등수학과외/index.html,/태평동중등수학과외/,1
C:/Projects/studyhub/output/태평동중등영어과외/index.html,/태평동중등영어과외/,1
C:/Projects/studyhub/output/태평동초등과외/index.html,/태평동초등과외/,2
C:/Projects/studyhub/output/태평동초등수학과외/index.html,/태평동초등수학과외/,1
C:/Projects/studyhub/output/태평동초등영어과외/index.html,/태평동초등영어과외/,1
C:/Projects/studyhub/output/태화동고등과외/index.html,/태화동고등과외/,1
C:/Projects/studyhub/output/태화동고등수학과외/index.html,/태화동고등수학과외/,1
C:/Projects/studyhub/output/태화동고등영어과외/index.html,/태화동고등영어과외/,1
C:/Projects/studyhub/output/태화동과외/index.html,/태화동과외/,2
C:/Projects/studyhub/output/태화동수학과외/index.html,/태화동수학과외/,2
C:/Projects/studyhub/output/태화동영어과외/index.html,/태화동영어과외/,2
C:/Projects/studyhub/output/태화동중등과외/index.html,/태화동중등과외/,2
C:/Projects/studyhub/output/태화동중등수학과외/index.html,/태화동중등수학과외/,1
C:/Projects/studyhub/output/태화동중등영어과외/index.html,/태화동중등영어과외/,1
C:/Projects/studyhub/output/태화동초등과외/index.html,/태화동초등과외/,2
C:/Projects/studyhub/output/태화동초등수학과외/index.html,/태화동초등수학과외/,1
C:/Projects/studyhub/output/태화동초등영어과외/index.html,/태화동초등영어과외/,1
C:/Projects/studyhub/output/토당동고등과외/index.html,/토당동고등과외/,1
C:/Projects/studyhub/output/토당동고등수학과외/index.html,/토당동고등수학과외/,1
C:/Projects/studyhub/output/토당동고등영어과외/index.html,/토당동고등영어과외/,1
C:/Projects/studyhub/output/토당동과외/index.html,/토당동과외/,2
C:/Projects/studyhub/output/토당동수학과외/index.html,/토당동수학과외/,2
C:/Projects/studyhub/output/토당동영어과외/index.html,/토당동영어과외/,2
C:/Projects/studyhub/output/토당동중등과외/index.html,/토당동중등과외/,2
C:/Projects/studyhub/output/토당동중등수학과외/index.html,/토당동중등수학과외/,1
C:/Projects/studyhub/output/토당동중등영어과외/index.html,/토당동중등영어과외/,1
C:/Projects/studyhub/output/토당동초등과외/index.html,/토당동초등과외/,2
C:/Projects/studyhub/output/토당동초등수학과외/index.html,/토당동초등수학과외/,1
C:/Projects/studyhub/output/토당동초등영어과외/index.html,/토당동초등영어과외/,1
C:/Projects/studyhub/output/토평동고등과외/index.html,/토평동고등과외/,1
C:/Projects/studyhub/output/토평동고등수학과외/index.html,/토평동고등수학과외/,1
C:/Projects/studyhub/output/토평동고등영어과외/index.html,/토평동고등영어과외/,1
C:/Projects/studyhub/output/토평동과외/index.html,/토평동과외/,2
C:/Projects/studyhub/output/토평동수학과외/index.html,/토평동수학과외/,2
C:/Projects/studyhub/output/토평동영어과외/index.html,/토평동영어과외/,2
C:/Projects/studyhub/output/토평동중등과외/index.html,/토평동중등과외/,2
C:/Projects/studyhub/output/토평동중등수학과외/index.html,/토평동중등수학과외/,1
C:/Projects/studyhub/output/토평동중등영어과외/index.html,/토평동중등영어과외/,1
C:/Projects/studyhub/output/토평동초등과외/index.html,/토평동초등과외/,2
C:/Projects/studyhub/output/토평동초등수학과외/index.html,/토평동초등수학과외/,1
C:/Projects/studyhub/output/토평동초등영어과외/index.html,/토평동초등영어과외/,1
C:/Projects/studyhub/output/퇴계동고등과외/index.html,/퇴계동고등과외/,1
C:/Projects/studyhub/output/퇴계동고등수학과외/index.html,/퇴계동고등수학과외/,1
C:/Projects/studyhub/output/퇴계동고등영어과외/index.html,/퇴계동고등영어과외/,1
C:/Projects/studyhub/output/퇴계동과외/index.html,/퇴계동과외/,2
C:/Projects/studyhub/output/퇴계동수학과외/index.html,/퇴계동수학과외/,2
C:/Projects/studyhub/output/퇴계동영어과외/index.html,/퇴계동영어과외/,2
C:/Projects/studyhub/output/퇴계동중등과외/index.html,/퇴계동중등과외/,2
C:/Projects/studyhub/output/퇴계동중등수학과외/index.html,/퇴계동중등수학과외/,1
C:/Projects/studyhub/output/퇴계동중등영어과외/index.html,/퇴계동중등영어과외/,1
C:/Projects/studyhub/output/퇴계동초등과외/index.html,/퇴계동초등과외/,2
C:/Projects/studyhub/output/퇴계동초등수학과외/index.html,/퇴계동초등수학과외/,1
C:/Projects/studyhub/output/퇴계동초등영어과외/index.html,/퇴계동초등영어과외/,1
C:/Projects/studyhub/output/퇴계원고등과외/index.html,/퇴계원고등과외/,1
C:/Projects/studyhub/output/퇴계원고등수학과외/index.html,/퇴계원고등수학과외/,1
C:/Projects/studyhub/output/퇴계원고등영어과외/index.html,/퇴계원고등영어과외/,1
C:/Projects/studyhub/output/퇴계원과외/index.html,/퇴계원과외/,2
C:/Projects/studyhub/output/퇴계원수학과외/index.html,/퇴계원수학과외/,2
C:/Projects/studyhub/output/퇴계원영어과외/index.html,/퇴계원영어과외/,2
C:/Projects/studyhub/output/퇴계원중등과외/index.html,/퇴계원중등과외/,2
C:/Projects/studyhub/output/퇴계원중등수학과외/index.html,/퇴계원중등수학과외/,1
C:/Projects/studyhub/output/퇴계원중등영어과외/index.html,/퇴계원중등영어과외/,1
C:/Projects/studyhub/output/퇴계원초등과외/index.html,/퇴계원초등과외/,2
C:/Projects/studyhub/output/퇴계원초등수학과외/index.html,/퇴계원초등수학과외/,1
C:/Projects/studyhub/output/퇴계원초등영어과외/index.html,/퇴계원초등영어과외/,1
C:/Projects/studyhub/output/파주고등과외/index.html,/파주고등과외/,1
C:/Projects/studyhub/output/파주고등수학과외/index.html,/파주고등수학과외/,1
C:/Projects/studyhub/output/파주고등영어과외/index.html,/파주고등영어과외/,1
C:/Projects/studyhub/output/파주과외/index.html,/파주과외/,2
C:/Projects/studyhub/output/파주수학과외/index.html,/파주수학과외/,2
C:/Projects/studyhub/output/파주영어과외/index.html,/파주영어과외/,2
C:/Projects/studyhub/output/파주중등과외/index.html,/파주중등과외/,2
C:/Projects/studyhub/output/파주중등수학과외/index.html,/파주중등수학과외/,1
C:/Projects/studyhub/output/파주중등영어과외/index.html,/파주중등영어과외/,1
C:/Projects/studyhub/output/파주초등과외/index.html,/파주초등과외/,2
C:/Projects/studyhub/output/파주초등수학과외/index.html,/파주초등수학과외/,1
C:/Projects/studyhub/output/파주초등영어과외/index.html,/파주초등영어과외/,1
C:/Projects/studyhub/output/팔달구고등과외/index.html,/팔달구고등과외/,1
C:/Projects/studyhub/output/팔달구고등수학과외/index.html,/팔달구고등수학과외/,1
C:/Projects/studyhub/output/팔달구고등영어과외/index.html,/팔달구고등영어과외/,1
C:/Projects/studyhub/output/팔달구과외/index.html,/팔달구과외/,2
C:/Projects/studyhub/output/팔달구수학과외/index.html,/팔달구수학과외/,2
C:/Projects/studyhub/output/팔달구영어과외/index.html,/팔달구영어과외/,2
C:/Projects/studyhub/output/팔달구중등과외/index.html,/팔달구중등과외/,2
C:/Projects/studyhub/output/팔달구중등수학과외/index.html,/팔달구중등수학과외/,1
C:/Projects/studyhub/output/팔달구중등영어과외/index.html,/팔달구중등영어과외/,1
C:/Projects/studyhub/output/팔달구초등과외/index.html,/팔달구초등과외/,2
C:/Projects/studyhub/output/팔달구초등수학과외/index.html,/팔달구초등수학과외/,1
C:/Projects/studyhub/output/팔달구초등영어과외/index.html,/팔달구초등영어과외/,1
C:/Projects/studyhub/output/팔달동고등과외/index.html,/팔달동고등과외/,1
C:/Projects/studyhub/output/팔달동고등수학과외/index.html,/팔달동고등수학과외/,1
C:/Projects/studyhub/output/팔달동고등영어과외/index.html,/팔달동고등영어과외/,1
C:/Projects/studyhub/output/팔달동과외/index.html,/팔달동과외/,2
C:/Projects/studyhub/output/팔달동수학과외/index.html,/팔달동수학과외/,2
C:/Projects/studyhub/output/팔달동영어과외/index.html,/팔달동영어과외/,2
C:/Projects/studyhub/output/팔달동중등과외/index.html,/팔달동중등과외/,2
C:/Projects/studyhub/output/팔달동중등수학과외/index.html,/팔달동중등수학과외/,1
C:/Projects/studyhub/output/팔달동중등영어과외/index.html,/팔달동중등영어과외/,1
C:/Projects/studyhub/output/팔달동초등과외/index.html,/팔달동초등과외/,2
C:/Projects/studyhub/output/팔달동초등수학과외/index.html,/팔달동초등수학과외/,1
C:/Projects/studyhub/output/팔달동초등영어과외/index.html,/팔달동초등영어과외/,1
C:/Projects/studyhub/output/평내동고등과외/index.html,/평내동고등과외/,1
C:/Projects/studyhub/output/평내동고등수학과외/index.html,/평내동고등수학과외/,1
C:/Projects/studyhub/output/평내동고등영어과외/index.html,/평내동고등영어과외/,1
C:/Projects/studyhub/output/평내동과외/index.html,/평내동과외/,2
C:/Projects/studyhub/output/평내동수학과외/index.html,/평내동수학과외/,2
C:/Projects/studyhub/output/평내동영어과외/index.html,/평내동영어과외/,2
C:/Projects/studyhub/output/평내동중등과외/index.html,/평내동중등과외/,2
C:/Projects/studyhub/output/평내동중등수학과외/index.html,/평내동중등수학과외/,1
C:/Projects/studyhub/output/평내동중등영어과외/index.html,/평내동중등영어과외/,1
C:/Projects/studyhub/output/평내동초등과외/index.html,/평내동초등과외/,2
C:/Projects/studyhub/output/평내동초등수학과외/index.html,/평내동초등수학과외/,1
C:/Projects/studyhub/output/평내동초등영어과외/index.html,/평내동초등영어과외/,1
C:/Projects/studyhub/output/평리동고등과외/index.html,/평리동고등과외/,1
C:/Projects/studyhub/output/평리동고등수학과외/index.html,/평리동고등수학과외/,1
C:/Projects/studyhub/output/평리동고등영어과외/index.html,/평리동고등영어과외/,1
C:/Projects/studyhub/output/평리동과외/index.html,/평리동과외/,2
C:/Projects/studyhub/output/평리동수학과외/index.html,/평리동수학과외/,2
C:/Projects/studyhub/output/평리동영어과외/index.html,/평리동영어과외/,2
C:/Projects/studyhub/output/평리동중등과외/index.html,/평리동중등과외/,2
C:/Projects/studyhub/output/평리동중등수학과외/index.html,/평리동중등수학과외/,1
C:/Projects/studyhub/output/평리동중등영어과외/index.html,/평리동중등영어과외/,1
C:/Projects/studyhub/output/평리동초등과외/index.html,/평리동초등과외/,2
C:/Projects/studyhub/output/평리동초등수학과외/index.html,/평리동초등수학과외/,1
C:/Projects/studyhub/output/평리동초등영어과외/index.html,/평리동초등영어과외/,1
C:/Projects/studyhub/output/평촌동고등과외/index.html,/평촌동고등과외/,1
C:/Projects/studyhub/output/평촌동고등수학과외/index.html,/평촌동고등수학과외/,1
C:/Projects/studyhub/output/평촌동고등영어과외/index.html,/평촌동고등영어과외/,1
C:/Projects/studyhub/output/평촌동과외/index.html,/평촌동과외/,2
C:/Projects/studyhub/output/평촌동수학과외/index.html,/평촌동수학과외/,2
C:/Projects/studyhub/output/평촌동영어과외/index.html,/평촌동영어과외/,2
C:/Projects/studyhub/output/평촌동중등과외/index.html,/평촌동중등과외/,2
C:/Projects/studyhub/output/평촌동중등수학과외/index.html,/평촌동중등수학과외/,1
C:/Projects/studyhub/output/평촌동중등영어과외/index.html,/평촌동중등영어과외/,1
C:/Projects/studyhub/output/평촌동초등과외/index.html,/평촌동초등과외/,2
C:/Projects/studyhub/output/평촌동초등수학과외/index.html,/평촌동초등수학과외/,1
C:/Projects/studyhub/output/평촌동초등영어과외/index.html,/평촌동초등영어과외/,1
C:/Projects/studyhub/output/평택고등과외/index.html,/평택고등과외/,1
C:/Projects/studyhub/output/평택고등수학과외/index.html,/평택고등수학과외/,1
C:/Projects/studyhub/output/평택고등영어과외/index.html,/평택고등영어과외/,1
C:/Projects/studyhub/output/평택과외/index.html,/평택과외/,2
C:/Projects/studyhub/output/평택수학과외/index.html,/평택수학과외/,2
C:/Projects/studyhub/output/평택영어과외/index.html,/평택영어과외/,2
C:/Projects/studyhub/output/평택중등과외/index.html,/평택중등과외/,2
C:/Projects/studyhub/output/평택중등수학과외/index.html,/평택중등수학과외/,1
C:/Projects/studyhub/output/평택중등영어과외/index.html,/평택중등영어과외/,1
C:/Projects/studyhub/output/평택초등과외/index.html,/평택초등과외/,2
C:/Projects/studyhub/output/평택초등수학과외/index.html,/평택초등수학과외/,1
C:/Projects/studyhub/output/평택초등영어과외/index.html,/평택초등영어과외/,1
C:/Projects/studyhub/output/평화동고등과외/index.html,/평화동고등과외/,1
C:/Projects/studyhub/output/평화동고등수학과외/index.html,/평화동고등수학과외/,1
C:/Projects/studyhub/output/평화동고등영어과외/index.html,/평화동고등영어과외/,1
C:/Projects/studyhub/output/평화동과외/index.html,/평화동과외/,2
C:/Projects/studyhub/output/평화동수학과외/index.html,/평화동수학과외/,2
C:/Projects/studyhub/output/평화동영어과외/index.html,/평화동영어과외/,2
C:/Projects/studyhub/output/평화동중등과외/index.html,/평화동중등과외/,2
C:/Projects/studyhub/output/평화동중등수학과외/index.html,/평화동중등수학과외/,1
C:/Projects/studyhub/output/평화동중등영어과외/index.html,/평화동중등영어과외/,1
C:/Projects/studyhub/output/평화동초등과외/index.html,/평화동초등과외/,2
C:/Projects/studyhub/output/평화동초등수학과외/index.html,/평화동초등수학과외/,1
C:/Projects/studyhub/output/평화동초등영어과외/index.html,/평화동초등영어과외/,1
C:/Projects/studyhub/output/포일동고등과외/index.html,/포일동고등과외/,1
C:/Projects/studyhub/output/포일동고등수학과외/index.html,/포일동고등수학과외/,1
C:/Projects/studyhub/output/포일동고등영어과외/index.html,/포일동고등영어과외/,1
C:/Projects/studyhub/output/포일동과외/index.html,/포일동과외/,2
C:/Projects/studyhub/output/포일동수학과외/index.html,/포일동수학과외/,2
C:/Projects/studyhub/output/포일동영어과외/index.html,/포일동영어과외/,2
C:/Projects/studyhub/output/포일동중등과외/index.html,/포일동중등과외/,2
C:/Projects/studyhub/output/포일동중등수학과외/index.html,/포일동중등수학과외/,1
C:/Projects/studyhub/output/포일동중등영어과외/index.html,/포일동중등영어과외/,1
C:/Projects/studyhub/output/포일동초등과외/index.html,/포일동초등과외/,2
C:/Projects/studyhub/output/포일동초등수학과외/index.html,/포일동초등수학과외/,1
C:/Projects/studyhub/output/포일동초등영어과외/index.html,/포일동초등영어과외/,1
C:/Projects/studyhub/output/포천고등과외/index.html,/포천고등과외/,1
C:/Projects/studyhub/output/포천고등수학과외/index.html,/포천고등수학과외/,1
C:/Projects/studyhub/output/포천고등영어과외/index.html,/포천고등영어과외/,1
C:/Projects/studyhub/output/포천과외/index.html,/포천과외/,2
C:/Projects/studyhub/output/포천수학과외/index.html,/포천수학과외/,2
C:/Projects/studyhub/output/포천영어과외/index.html,/포천영어과외/,2
C:/Projects/studyhub/output/포천중등과외/index.html,/포천중등과외/,2
C:/Projects/studyhub/output/포천중등수학과외/index.html,/포천중등수학과외/,1
C:/Projects/studyhub/output/포천중등영어과외/index.html,/포천중등영어과외/,1
C:/Projects/studyhub/output/포천초등과외/index.html,/포천초등과외/,2
C:/Projects/studyhub/output/포천초등수학과외/index.html,/포천초등수학과외/,1
C:/Projects/studyhub/output/포천초등영어과외/index.html,/포천초등영어과외/,1
C:/Projects/studyhub/output/포항고등과외/index.html,/포항고등과외/,1
C:/Projects/studyhub/output/포항고등수학과외/index.html,/포항고등수학과외/,1
C:/Projects/studyhub/output/포항고등영어과외/index.html,/포항고등영어과외/,1
C:/Projects/studyhub/output/포항과외/index.html,/포항과외/,2
C:/Projects/studyhub/output/포항수학과외/index.html,/포항수학과외/,2
C:/Projects/studyhub/output/포항영어과외/index.html,/포항영어과외/,2
C:/Projects/studyhub/output/포항중등과외/index.html,/포항중등과외/,2
C:/Projects/studyhub/output/포항중등수학과외/index.html,/포항중등수학과외/,1
C:/Projects/studyhub/output/포항중등영어과외/index.html,/포항중등영어과외/,1
C:/Projects/studyhub/output/포항초등과외/index.html,/포항초등과외/,2
C:/Projects/studyhub/output/포항초등수학과외/index.html,/포항초등수학과외/,1
C:/Projects/studyhub/output/포항초등영어과외/index.html,/포항초등영어과외/,1
C:/Projects/studyhub/output/풍덕천동고등과외/index.html,/풍덕천동고등과외/,1
C:/Projects/studyhub/output/풍덕천동고등수학과외/index.html,/풍덕천동고등수학과외/,1
C:/Projects/studyhub/output/풍덕천동고등영어과외/index.html,/풍덕천동고등영어과외/,1
C:/Projects/studyhub/output/풍덕천동과외/index.html,/풍덕천동과외/,2
C:/Projects/studyhub/output/풍덕천동수학과외/index.html,/풍덕천동수학과외/,2
C:/Projects/studyhub/output/풍덕천동영어과외/index.html,/풍덕천동영어과외/,2
C:/Projects/studyhub/output/풍덕천동중등과외/index.html,/풍덕천동중등과외/,2
C:/Projects/studyhub/output/풍덕천동중등수학과외/index.html,/풍덕천동중등수학과외/,1
C:/Projects/studyhub/output/풍덕천동중등영어과외/index.html,/풍덕천동중등영어과외/,1
C:/Projects/studyhub/output/풍덕천동초등과외/index.html,/풍덕천동초등과외/,2
C:/Projects/studyhub/output/풍덕천동초등수학과외/index.html,/풍덕천동초등수학과외/,1
C:/Projects/studyhub/output/풍덕천동초등영어과외/index.html,/풍덕천동초등영어과외/,1
C:/Projects/studyhub/output/풍무동고등과외/index.html,/풍무동고등과외/,1
C:/Projects/studyhub/output/풍무동고등수학과외/index.html,/풍무동고등수학과외/,1
C:/Projects/studyhub/output/풍무동고등영어과외/index.html,/풍무동고등영어과외/,1
C:/Projects/studyhub/output/풍무동과외/index.html,/풍무동과외/,2
C:/Projects/studyhub/output/풍무동수학과외/index.html,/풍무동수학과외/,2
C:/Projects/studyhub/output/풍무동영어과외/index.html,/풍무동영어과외/,2
C:/Projects/studyhub/output/풍무동중등과외/index.html,/풍무동중등과외/,2
C:/Projects/studyhub/output/풍무동중등수학과외/index.html,/풍무동중등수학과외/,1
C:/Projects/studyhub/output/풍무동중등영어과외/index.html,/풍무동중등영어과외/,1
C:/Projects/studyhub/output/풍무동초등과외/index.html,/풍무동초등과외/,2
C:/Projects/studyhub/output/풍무동초등수학과외/index.html,/풍무동초등수학과외/,1
C:/Projects/studyhub/output/풍무동초등영어과외/index.html,/풍무동초등영어과외/,1
C:/Projects/studyhub/output/풍산동고등과외/index.html,/풍산동고등과외/,1
C:/Projects/studyhub/output/풍산동고등수학과외/index.html,/풍산동고등수학과외/,1
C:/Projects/studyhub/output/풍산동고등영어과외/index.html,/풍산동고등영어과외/,1
C:/Projects/studyhub/output/풍산동과외/index.html,/풍산동과외/,2
C:/Projects/studyhub/output/풍산동수학과외/index.html,/풍산동수학과외/,2
C:/Projects/studyhub/output/풍산동영어과외/index.html,/풍산동영어과외/,2
C:/Projects/studyhub/output/풍산동중등과외/index.html,/풍산동중등과외/,2
C:/Projects/studyhub/output/풍산동중등수학과외/index.html,/풍산동중등수학과외/,1
C:/Projects/studyhub/output/풍산동중등영어과외/index.html,/풍산동중등영어과외/,1
C:/Projects/studyhub/output/풍산동초등과외/index.html,/풍산동초등과외/,2
C:/Projects/studyhub/output/풍산동초등수학과외/index.html,/풍산동초등수학과외/,1
C:/Projects/studyhub/output/풍산동초등영어과외/index.html,/풍산동초등영어과외/,1
C:/Projects/studyhub/output/풍암동고등과외/index.html,/풍암동고등과외/,1
C:/Projects/studyhub/output/풍암동고등수학과외/index.html,/풍암동고등수학과외/,1
C:/Projects/studyhub/output/풍암동고등영어과외/index.html,/풍암동고등영어과외/,1
C:/Projects/studyhub/output/풍암동과외/index.html,/풍암동과외/,2
C:/Projects/studyhub/output/풍암동수학과외/index.html,/풍암동수학과외/,2
C:/Projects/studyhub/output/풍암동영어과외/index.html,/풍암동영어과외/,2
C:/Projects/studyhub/output/풍암동중등과외/index.html,/풍암동중등과외/,2
C:/Projects/studyhub/output/풍암동중등수학과외/index.html,/풍암동중등수학과외/,1
C:/Projects/studyhub/output/풍암동중등영어과외/index.html,/풍암동중등영어과외/,1
C:/Projects/studyhub/output/풍암동초등과외/index.html,/풍암동초등과외/,2
C:/Projects/studyhub/output/풍암동초등수학과외/index.html,/풍암동초등수학과외/,1
C:/Projects/studyhub/output/풍암동초등영어과외/index.html,/풍암동초등영어과외/,1
C:/Projects/studyhub/output/하계동고등과외/index.html,/하계동고등과외/,1
C:/Projects/studyhub/output/하계동고등수학과외/index.html,/하계동고등수학과외/,1
C:/Projects/studyhub/output/하계동고등영어과외/index.html,/하계동고등영어과외/,1
C:/Projects/studyhub/output/하계동과외/index.html,/하계동과외/,2
C:/Projects/studyhub/output/하계동수학과외/index.html,/하계동수학과외/,2
C:/Projects/studyhub/output/하계동영어과외/index.html,/하계동영어과외/,2
C:/Projects/studyhub/output/하계동중등과외/index.html,/하계동중등과외/,2
C:/Projects/studyhub/output/하계동중등수학과외/index.html,/하계동중등수학과외/,1
C:/Projects/studyhub/output/하계동중등영어과외/index.html,/하계동중등영어과외/,1
C:/Projects/studyhub/output/하계동초등과외/index.html,/하계동초등과외/,2
C:/Projects/studyhub/output/하계동초등수학과외/index.html,/하계동초등수학과외/,1
C:/Projects/studyhub/output/하계동초등영어과외/index.html,/하계동초등영어과외/,1
C:/Projects/studyhub/output/하남고등과외/index.html,/하남고등과외/,1
C:/Projects/studyhub/output/하남고등수학과외/index.html,/하남고등수학과외/,1
C:/Projects/studyhub/output/하남고등영어과외/index.html,/하남고등영어과외/,1
C:/Projects/studyhub/output/하남과외/index.html,/하남과외/,2
C:/Projects/studyhub/output/하남수학과외/index.html,/하남수학과외/,2
C:/Projects/studyhub/output/하남영어과외/index.html,/하남영어과외/,2
C:/Projects/studyhub/output/하남중등과외/index.html,/하남중등과외/,2
C:/Projects/studyhub/output/하남중등수학과외/index.html,/하남중등수학과외/,1
C:/Projects/studyhub/output/하남중등영어과외/index.html,/하남중등영어과외/,1
C:/Projects/studyhub/output/하남초등과외/index.html,/하남초등과외/,2
C:/Projects/studyhub/output/하남초등수학과외/index.html,/하남초등수학과외/,1
C:/Projects/studyhub/output/하남초등영어과외/index.html,/하남초등영어과외/,1
C:/Projects/studyhub/output/하안동고등과외/index.html,/하안동고등과외/,1
C:/Projects/studyhub/output/하안동고등수학과외/index.html,/하안동고등수학과외/,1
C:/Projects/studyhub/output/하안동고등영어과외/index.html,/하안동고등영어과외/,1
C:/Projects/studyhub/output/하안동과외/index.html,/하안동과외/,2
C:/Projects/studyhub/output/하안동수학과외/index.html,/하안동수학과외/,2
C:/Projects/studyhub/output/하안동영어과외/index.html,/하안동영어과외/,2
C:/Projects/studyhub/output/하안동중등과외/index.html,/하안동중등과외/,2
C:/Projects/studyhub/output/하안동중등수학과외/index.html,/하안동중등수학과외/,1
C:/Projects/studyhub/output/하안동중등영어과외/index.html,/하안동중등영어과외/,1
C:/Projects/studyhub/output/하안동초등과외/index.html,/하안동초등과외/,2
C:/Projects/studyhub/output/하안동초등수학과외/index.html,/하안동초등수학과외/,1
C:/Projects/studyhub/output/하안동초등영어과외/index.html,/하안동초등영어과외/,1
C:/Projects/studyhub/output/학산동고등과외/index.html,/학산동고등과외/,1
C:/Projects/studyhub/output/학산동고등수학과외/index.html,/학산동고등수학과외/,1
C:/Projects/studyhub/output/학산동고등영어과외/index.html,/학산동고등영어과외/,1
C:/Projects/studyhub/output/학산동과외/index.html,/학산동과외/,2
C:/Projects/studyhub/output/학산동수학과외/index.html,/학산동수학과외/,2
C:/Projects/studyhub/output/학산동영어과외/index.html,/학산동영어과외/,2
C:/Projects/studyhub/output/학산동중등과외/index.html,/학산동중등과외/,2
C:/Projects/studyhub/output/학산동중등수학과외/index.html,/학산동중등수학과외/,1
C:/Projects/studyhub/output/학산동중등영어과외/index.html,/학산동중등영어과외/,1
C:/Projects/studyhub/output/학산동초등과외/index.html,/학산동초등과외/,2
C:/Projects/studyhub/output/학산동초등수학과외/index.html,/학산동초등수학과외/,1
C:/Projects/studyhub/output/학산동초등영어과외/index.html,/학산동초등영어과외/,1
C:/Projects/studyhub/output/학성동고등과외/index.html,/학성동고등과외/,1
C:/Projects/studyhub/output/학성동고등수학과외/index.html,/학성동고등수학과외/,1
C:/Projects/studyhub/output/학성동고등영어과외/index.html,/학성동고등영어과외/,1
C:/Projects/studyhub/output/학성동과외/index.html,/학성동과외/,2
C:/Projects/studyhub/output/학성동수학과외/index.html,/학성동수학과외/,2
C:/Projects/studyhub/output/학성동영어과외/index.html,/학성동영어과외/,2
C:/Projects/studyhub/output/학성동중등과외/index.html,/학성동중등과외/,2
C:/Projects/studyhub/output/학성동중등수학과외/index.html,/학성동중등수학과외/,1
C:/Projects/studyhub/output/학성동중등영어과외/index.html,/학성동중등영어과외/,1
C:/Projects/studyhub/output/학성동초등과외/index.html,/학성동초등과외/,2
C:/Projects/studyhub/output/학성동초등수학과외/index.html,/학성동초등수학과외/,1
C:/Projects/studyhub/output/학성동초등영어과외/index.html,/학성동초등영어과외/,1
C:/Projects/studyhub/output/학익동고등과외/index.html,/학익동고등과외/,1
C:/Projects/studyhub/output/학익동고등수학과외/index.html,/학익동고등수학과외/,1
C:/Projects/studyhub/output/학익동고등영어과외/index.html,/학익동고등영어과외/,1
C:/Projects/studyhub/output/학익동과외/index.html,/학익동과외/,2
C:/Projects/studyhub/output/학익동수학과외/index.html,/학익동수학과외/,2
C:/Projects/studyhub/output/학익동영어과외/index.html,/학익동영어과외/,2
C:/Projects/studyhub/output/학익동중등과외/index.html,/학익동중등과외/,2
C:/Projects/studyhub/output/학익동중등수학과외/index.html,/학익동중등수학과외/,1
C:/Projects/studyhub/output/학익동중등영어과외/index.html,/학익동중등영어과외/,1
C:/Projects/studyhub/output/학익동초등과외/index.html,/학익동초등과외/,2
C:/Projects/studyhub/output/학익동초등수학과외/index.html,/학익동초등수학과외/,1
C:/Projects/studyhub/output/학익동초등영어과외/index.html,/학익동초등영어과외/,1
C:/Projects/studyhub/output/학잠동고등과외/index.html,/학잠동고등과외/,1
C:/Projects/studyhub/output/학잠동고등수학과외/index.html,/학잠동고등수학과외/,1
C:/Projects/studyhub/output/학잠동고등영어과외/index.html,/학잠동고등영어과외/,1
C:/Projects/studyhub/output/학잠동과외/index.html,/학잠동과외/,2
C:/Projects/studyhub/output/학잠동수학과외/index.html,/학잠동수학과외/,2
C:/Projects/studyhub/output/학잠동영어과외/index.html,/학잠동영어과외/,2
C:/Projects/studyhub/output/학잠동중등과외/index.html,/학잠동중등과외/,2
C:/Projects/studyhub/output/학잠동중등수학과외/index.html,/학잠동중등수학과외/,1
C:/Projects/studyhub/output/학잠동중등영어과외/index.html,/학잠동중등영어과외/,1
C:/Projects/studyhub/output/학잠동초등과외/index.html,/학잠동초등과외/,2
C:/Projects/studyhub/output/학잠동초등수학과외/index.html,/학잠동초등수학과외/,1
C:/Projects/studyhub/output/학잠동초등영어과외/index.html,/학잠동초등영어과외/,1
C:/Projects/studyhub/output/학하동고등과외/index.html,/학하동고등과외/,1
C:/Projects/studyhub/output/학하동고등수학과외/index.html,/학하동고등수학과외/,1
C:/Projects/studyhub/output/학하동고등영어과외/index.html,/학하동고등영어과외/,1
C:/Projects/studyhub/output/학하동과외/index.html,/학하동과외/,2
C:/Projects/studyhub/output/학하동수학과외/index.html,/학하동수학과외/,2
C:/Projects/studyhub/output/학하동영어과외/index.html,/학하동영어과외/,2
C:/Projects/studyhub/output/학하동중등과외/index.html,/학하동중등과외/,2
C:/Projects/studyhub/output/학하동중등수학과외/index.html,/학하동중등수학과외/,1
C:/Projects/studyhub/output/학하동중등영어과외/index.html,/학하동중등영어과외/,1
C:/Projects/studyhub/output/학하동초등과외/index.html,/학하동초등과외/,2
C:/Projects/studyhub/output/학하동초등수학과외/index.html,/학하동초등수학과외/,1
C:/Projects/studyhub/output/학하동초등영어과외/index.html,/학하동초등영어과외/,1
C:/Projects/studyhub/output/합정동고등과외/index.html,/합정동고등과외/,1
C:/Projects/studyhub/output/합정동고등수학과외/index.html,/합정동고등수학과외/,1
C:/Projects/studyhub/output/합정동고등영어과외/index.html,/합정동고등영어과외/,1
C:/Projects/studyhub/output/합정동과외/index.html,/합정동과외/,2
C:/Projects/studyhub/output/합정동수학과외/index.html,/합정동수학과외/,2
C:/Projects/studyhub/output/합정동영어과외/index.html,/합정동영어과외/,2
C:/Projects/studyhub/output/합정동중등과외/index.html,/합정동중등과외/,2
C:/Projects/studyhub/output/합정동중등수학과외/index.html,/합정동중등수학과외/,1
C:/Projects/studyhub/output/합정동중등영어과외/index.html,/합정동중등영어과외/,1
C:/Projects/studyhub/output/합정동초등과외/index.html,/합정동초등과외/,2
C:/Projects/studyhub/output/합정동초등수학과외/index.html,/합정동초등수학과외/,1
C:/Projects/studyhub/output/합정동초등영어과외/index.html,/합정동초등영어과외/,1
C:/Projects/studyhub/output/해운대고등과외/index.html,/해운대고등과외/,1
C:/Projects/studyhub/output/해운대고등수학과외/index.html,/해운대고등수학과외/,1
C:/Projects/studyhub/output/해운대고등영어과외/index.html,/해운대고등영어과외/,1
C:/Projects/studyhub/output/해운대과외/index.html,/해운대과외/,2
C:/Projects/studyhub/output/해운대수학과외/index.html,/해운대수학과외/,2
C:/Projects/studyhub/output/해운대영어과외/index.html,/해운대영어과외/,2
C:/Projects/studyhub/output/해운대중등과외/index.html,/해운대중등과외/,2
C:/Projects/studyhub/output/해운대중등수학과외/index.html,/해운대중등수학과외/,1
C:/Projects/studyhub/output/해운대중등영어과외/index.html,/해운대중등영어과외/,1
C:/Projects/studyhub/output/해운대초등과외/index.html,/해운대초등과외/,2
C:/Projects/studyhub/output/해운대초등수학과외/index.html,/해운대초등수학과외/,1
C:/Projects/studyhub/output/해운대초등영어과외/index.html,/해운대초등영어과외/,1
C:/Projects/studyhub/output/행당동고등과외/index.html,/행당동고등과외/,1
C:/Projects/studyhub/output/행당동고등수학과외/index.html,/행당동고등수학과외/,1
C:/Projects/studyhub/output/행당동고등영어과외/index.html,/행당동고등영어과외/,1
C:/Projects/studyhub/output/행당동과외/index.html,/행당동과외/,2
C:/Projects/studyhub/output/행당동수학과외/index.html,/행당동수학과외/,2
C:/Projects/studyhub/output/행당동영어과외/index.html,/행당동영어과외/,2
C:/Projects/studyhub/output/행당동중등과외/index.html,/행당동중등과외/,2
C:/Projects/studyhub/output/행당동중등수학과외/index.html,/행당동중등수학과외/,1
C:/Projects/studyhub/output/행당동중등영어과외/index.html,/행당동중등영어과외/,1
C:/Projects/studyhub/output/행당동초등과외/index.html,/행당동초등과외/,2
C:/Projects/studyhub/output/행당동초등수학과외/index.html,/행당동초등수학과외/,1
C:/Projects/studyhub/output/행당동초등영어과외/index.html,/행당동초등영어과외/,1
C:/Projects/studyhub/output/행신동고등과외/index.html,/행신동고등과외/,1
C:/Projects/studyhub/output/행신동고등수학과외/index.html,/행신동고등수학과외/,1
C:/Projects/studyhub/output/행신동고등영어과외/index.html,/행신동고등영어과외/,1
C:/Projects/studyhub/output/행신동과외/index.html,/행신동과외/,2
C:/Projects/studyhub/output/행신동수학과외/index.html,/행신동수학과외/,2
C:/Projects/studyhub/output/행신동영어과외/index.html,/행신동영어과외/,2
C:/Projects/studyhub/output/행신동중등과외/index.html,/행신동중등과외/,2
C:/Projects/studyhub/output/행신동중등수학과외/index.html,/행신동중등수학과외/,1
C:/Projects/studyhub/output/행신동중등영어과외/index.html,/행신동중등영어과외/,1
C:/Projects/studyhub/output/행신동초등과외/index.html,/행신동초등과외/,2
C:/Projects/studyhub/output/행신동초등수학과외/index.html,/행신동초등수학과외/,1
C:/Projects/studyhub/output/행신동초등영어과외/index.html,/행신동초등영어과외/,1
C:/Projects/studyhub/output/향남읍고등과외/index.html,/향남읍고등과외/,1
C:/Projects/studyhub/output/향남읍고등수학과외/index.html,/향남읍고등수학과외/,1
C:/Projects/studyhub/output/향남읍고등영어과외/index.html,/향남읍고등영어과외/,1
C:/Projects/studyhub/output/향남읍과외/index.html,/향남읍과외/,2
C:/Projects/studyhub/output/향남읍수학과외/index.html,/향남읍수학과외/,2
C:/Projects/studyhub/output/향남읍영어과외/index.html,/향남읍영어과외/,2
C:/Projects/studyhub/output/향남읍중등과외/index.html,/향남읍중등과외/,2
C:/Projects/studyhub/output/향남읍중등수학과외/index.html,/향남읍중등수학과외/,1
C:/Projects/studyhub/output/향남읍중등영어과외/index.html,/향남읍중등영어과외/,1
C:/Projects/studyhub/output/향남읍초등과외/index.html,/향남읍초등과외/,2
C:/Projects/studyhub/output/향남읍초등수학과외/index.html,/향남읍초등수학과외/,1
C:/Projects/studyhub/output/향남읍초등영어과외/index.html,/향남읍초등영어과외/,1
C:/Projects/studyhub/output/현저동고등과외/index.html,/현저동고등과외/,1
C:/Projects/studyhub/output/현저동고등수학과외/index.html,/현저동고등수학과외/,1
C:/Projects/studyhub/output/현저동고등영어과외/index.html,/현저동고등영어과외/,1
C:/Projects/studyhub/output/현저동과외/index.html,/현저동과외/,2
C:/Projects/studyhub/output/현저동수학과외/index.html,/현저동수학과외/,2
C:/Projects/studyhub/output/현저동영어과외/index.html,/현저동영어과외/,2
C:/Projects/studyhub/output/현저동중등과외/index.html,/현저동중등과외/,2
C:/Projects/studyhub/output/현저동중등수학과외/index.html,/현저동중등수학과외/,1
C:/Projects/studyhub/output/현저동중등영어과외/index.html,/현저동중등영어과외/,1
C:/Projects/studyhub/output/현저동초등과외/index.html,/현저동초등과외/,2
C:/Projects/studyhub/output/현저동초등수학과외/index.html,/현저동초등수학과외/,1
C:/Projects/studyhub/output/현저동초등영어과외/index.html,/현저동초등영어과외/,1
C:/Projects/studyhub/output/호계동고등과외/index.html,/호계동고등과외/,1
C:/Projects/studyhub/output/호계동고등수학과외/index.html,/호계동고등수학과외/,1
C:/Projects/studyhub/output/호계동고등영어과외/index.html,/호계동고등영어과외/,1
C:/Projects/studyhub/output/호계동과외/index.html,/호계동과외/,2
C:/Projects/studyhub/output/호계동수학과외/index.html,/호계동수학과외/,2
C:/Projects/studyhub/output/호계동영어과외/index.html,/호계동영어과외/,2
C:/Projects/studyhub/output/호계동중등과외/index.html,/호계동중등과외/,2
C:/Projects/studyhub/output/호계동중등수학과외/index.html,/호계동중등수학과외/,1
C:/Projects/studyhub/output/호계동중등영어과외/index.html,/호계동중등영어과외/,1
C:/Projects/studyhub/output/호계동초등과외/index.html,/호계동초등과외/,2
C:/Projects/studyhub/output/호계동초등수학과외/index.html,/호계동초등수학과외/,1
C:/Projects/studyhub/output/호계동초등영어과외/index.html,/호계동초등영어과외/,1
C:/Projects/studyhub/output/호매실동고등과외/index.html,/호매실동고등과외/,1
C:/Projects/studyhub/output/호매실동고등수학과외/index.html,/호매실동고등수학과외/,1
C:/Projects/studyhub/output/호매실동고등영어과외/index.html,/호매실동고등영어과외/,1
C:/Projects/studyhub/output/호매실동과외/index.html,/호매실동과외/,2
C:/Projects/studyhub/output/호매실동수학과외/index.html,/호매실동수학과외/,2
C:/Projects/studyhub/output/호매실동영어과외/index.html,/호매실동영어과외/,2
C:/Projects/studyhub/output/호매실동중등과외/index.html,/호매실동중등과외/,2
C:/Projects/studyhub/output/호매실동중등수학과외/index.html,/호매실동중등수학과외/,1
C:/Projects/studyhub/output/호매실동중등영어과외/index.html,/호매실동중등영어과외/,1
C:/Projects/studyhub/output/호매실동초등과외/index.html,/호매실동초등과외/,2
C:/Projects/studyhub/output/호매실동초등수학과외/index.html,/호매실동초등수학과외/,1
C:/Projects/studyhub/output/호매실동초등영어과외/index.html,/호매실동초등영어과외/,1
C:/Projects/studyhub/output/호원동고등과외/index.html,/호원동고등과외/,1
C:/Projects/studyhub/output/호원동고등수학과외/index.html,/호원동고등수학과외/,1
C:/Projects/studyhub/output/호원동고등영어과외/index.html,/호원동고등영어과외/,1
C:/Projects/studyhub/output/호원동과외/index.html,/호원동과외/,2
C:/Projects/studyhub/output/호원동수학과외/index.html,/호원동수학과외/,2
C:/Projects/studyhub/output/호원동영어과외/index.html,/호원동영어과외/,2
C:/Projects/studyhub/output/호원동중등과외/index.html,/호원동중등과외/,2
C:/Projects/studyhub/output/호원동중등수학과외/index.html,/호원동중등수학과외/,1
C:/Projects/studyhub/output/호원동중등영어과외/index.html,/호원동중등영어과외/,1
C:/Projects/studyhub/output/호원동초등과외/index.html,/호원동초등과외/,2
C:/Projects/studyhub/output/호원동초등수학과외/index.html,/호원동초등수학과외/,1
C:/Projects/studyhub/output/호원동초등영어과외/index.html,/호원동초등영어과외/,1
C:/Projects/studyhub/output/호평동고등과외/index.html,/호평동고등과외/,1
C:/Projects/studyhub/output/호평동고등수학과외/index.html,/호평동고등수학과외/,1
C:/Projects/studyhub/output/호평동고등영어과외/index.html,/호평동고등영어과외/,1
C:/Projects/studyhub/output/호평동과외/index.html,/호평동과외/,2
C:/Projects/studyhub/output/호평동수학과외/index.html,/호평동수학과외/,2
C:/Projects/studyhub/output/호평동영어과외/index.html,/호평동영어과외/,2
C:/Projects/studyhub/output/호평동중등과외/index.html,/호평동중등과외/,2
C:/Projects/studyhub/output/호평동중등수학과외/index.html,/호평동중등수학과외/,1
C:/Projects/studyhub/output/호평동중등영어과외/index.html,/호평동중등영어과외/,1
C:/Projects/studyhub/output/호평동초등과외/index.html,/호평동초등과외/,2
C:/Projects/studyhub/output/호평동초등수학과외/index.html,/호평동초등수학과외/,1
C:/Projects/studyhub/output/호평동초등영어과외/index.html,/호평동초등영어과외/,1
C:/Projects/studyhub/output/홍도동고등과외/index.html,/홍도동고등과외/,1
C:/Projects/studyhub/output/홍도동고등수학과외/index.html,/홍도동고등수학과외/,1
C:/Projects/studyhub/output/홍도동고등영어과외/index.html,/홍도동고등영어과외/,1
C:/Projects/studyhub/output/홍도동과외/index.html,/홍도동과외/,2
C:/Projects/studyhub/output/홍도동수학과외/index.html,/홍도동수학과외/,2
C:/Projects/studyhub/output/홍도동영어과외/index.html,/홍도동영어과외/,2
C:/Projects/studyhub/output/홍도동중등과외/index.html,/홍도동중등과외/,2
C:/Projects/studyhub/output/홍도동중등수학과외/index.html,/홍도동중등수학과외/,1
C:/Projects/studyhub/output/홍도동중등영어과외/index.html,/홍도동중등영어과외/,1
C:/Projects/studyhub/output/홍도동초등과외/index.html,/홍도동초등과외/,2
C:/Projects/studyhub/output/홍도동초등수학과외/index.html,/홍도동초등수학과외/,1
C:/Projects/studyhub/output/홍도동초등영어과외/index.html,/홍도동초등영어과외/,1
C:/Projects/studyhub/output/홍은동고등과외/index.html,/홍은동고등과외/,1
C:/Projects/studyhub/output/홍은동고등수학과외/index.html,/홍은동고등수학과외/,1
C:/Projects/studyhub/output/홍은동고등영어과외/index.html,/홍은동고등영어과외/,1
C:/Projects/studyhub/output/홍은동과외/index.html,/홍은동과외/,2
C:/Projects/studyhub/output/홍은동수학과외/index.html,/홍은동수학과외/,2
C:/Projects/studyhub/output/홍은동영어과외/index.html,/홍은동영어과외/,2
C:/Projects/studyhub/output/홍은동중등과외/index.html,/홍은동중등과외/,2
C:/Projects/studyhub/output/홍은동중등수학과외/index.html,/홍은동중등수학과외/,1
C:/Projects/studyhub/output/홍은동중등영어과외/index.html,/홍은동중등영어과외/,1
C:/Projects/studyhub/output/홍은동초등과외/index.html,/홍은동초등과외/,2
C:/Projects/studyhub/output/홍은동초등수학과외/index.html,/홍은동초등수학과외/,1
C:/Projects/studyhub/output/홍은동초등영어과외/index.html,/홍은동초등영어과외/,1
C:/Projects/studyhub/output/홍익동고등과외/index.html,/홍익동고등과외/,1
C:/Projects/studyhub/output/홍익동고등수학과외/index.html,/홍익동고등수학과외/,1
C:/Projects/studyhub/output/홍익동고등영어과외/index.html,/홍익동고등영어과외/,1
C:/Projects/studyhub/output/홍익동과외/index.html,/홍익동과외/,2
C:/Projects/studyhub/output/홍익동수학과외/index.html,/홍익동수학과외/,2
C:/Projects/studyhub/output/홍익동영어과외/index.html,/홍익동영어과외/,2
C:/Projects/studyhub/output/홍익동중등과외/index.html,/홍익동중등과외/,2
C:/Projects/studyhub/output/홍익동중등수학과외/index.html,/홍익동중등수학과외/,1
C:/Projects/studyhub/output/홍익동중등영어과외/index.html,/홍익동중등영어과외/,1
C:/Projects/studyhub/output/홍익동초등과외/index.html,/홍익동초등과외/,2
C:/Projects/studyhub/output/홍익동초등수학과외/index.html,/홍익동초등수학과외/,1
C:/Projects/studyhub/output/홍익동초등영어과외/index.html,/홍익동초등영어과외/,1
C:/Projects/studyhub/output/홍제동고등과외/index.html,/홍제동고등과외/,1
C:/Projects/studyhub/output/홍제동고등수학과외/index.html,/홍제동고등수학과외/,1
C:/Projects/studyhub/output/홍제동고등영어과외/index.html,/홍제동고등영어과외/,1
C:/Projects/studyhub/output/홍제동과외/index.html,/홍제동과외/,2
C:/Projects/studyhub/output/홍제동수학과외/index.html,/홍제동수학과외/,2
C:/Projects/studyhub/output/홍제동영어과외/index.html,/홍제동영어과외/,2
C:/Projects/studyhub/output/홍제동중등과외/index.html,/홍제동중등과외/,2
C:/Projects/studyhub/output/홍제동중등수학과외/index.html,/홍제동중등수학과외/,1
C:/Projects/studyhub/output/홍제동중등영어과외/index.html,/홍제동중등영어과외/,1
C:/Projects/studyhub/output/홍제동초등과외/index.html,/홍제동초등과외/,2
C:/Projects/studyhub/output/홍제동초등수학과외/index.html,/홍제동초등수학과외/,1
C:/Projects/studyhub/output/홍제동초등영어과외/index.html,/홍제동초등영어과외/,1
C:/Projects/studyhub/output/화곡동고등과외/index.html,/화곡동고등과외/,1
C:/Projects/studyhub/output/화곡동고등수학과외/index.html,/화곡동고등수학과외/,1
C:/Projects/studyhub/output/화곡동고등영어과외/index.html,/화곡동고등영어과외/,1
C:/Projects/studyhub/output/화곡동과외/index.html,/화곡동과외/,2
C:/Projects/studyhub/output/화곡동수학과외/index.html,/화곡동수학과외/,2
C:/Projects/studyhub/output/화곡동영어과외/index.html,/화곡동영어과외/,2
C:/Projects/studyhub/output/화곡동중등과외/index.html,/화곡동중등과외/,2
C:/Projects/studyhub/output/화곡동중등수학과외/index.html,/화곡동중등수학과외/,1
C:/Projects/studyhub/output/화곡동중등영어과외/index.html,/화곡동중등영어과외/,1
C:/Projects/studyhub/output/화곡동초등과외/index.html,/화곡동초등과외/,2
C:/Projects/studyhub/output/화곡동초등수학과외/index.html,/화곡동초등수학과외/,1
C:/Projects/studyhub/output/화곡동초등영어과외/index.html,/화곡동초등영어과외/,1
C:/Projects/studyhub/output/화도읍고등과외/index.html,/화도읍고등과외/,1
C:/Projects/studyhub/output/화도읍고등수학과외/index.html,/화도읍고등수학과외/,1
C:/Projects/studyhub/output/화도읍고등영어과외/index.html,/화도읍고등영어과외/,1
C:/Projects/studyhub/output/화도읍과외/index.html,/화도읍과외/,2
C:/Projects/studyhub/output/화도읍수학과외/index.html,/화도읍수학과외/,2
C:/Projects/studyhub/output/화도읍영어과외/index.html,/화도읍영어과외/,2
C:/Projects/studyhub/output/화도읍중등과외/index.html,/화도읍중등과외/,2
C:/Projects/studyhub/output/화도읍중등수학과외/index.html,/화도읍중등수학과외/,1
C:/Projects/studyhub/output/화도읍중등영어과외/index.html,/화도읍중등영어과외/,1
C:/Projects/studyhub/output/화도읍초등과외/index.html,/화도읍초등과외/,2
C:/Projects/studyhub/output/화도읍초등수학과외/index.html,/화도읍초등수학과외/,1
C:/Projects/studyhub/output/화도읍초등영어과외/index.html,/화도읍초등영어과외/,1
C:/Projects/studyhub/output/화명동고등과외/index.html,/화명동고등과외/,1
C:/Projects/studyhub/output/화명동고등수학과외/index.html,/화명동고등수학과외/,1
C:/Projects/studyhub/output/화명동고등영어과외/index.html,/화명동고등영어과외/,1
C:/Projects/studyhub/output/화명동과외/index.html,/화명동과외/,2
C:/Projects/studyhub/output/화명동수학과외/index.html,/화명동수학과외/,2
C:/Projects/studyhub/output/화명동영어과외/index.html,/화명동영어과외/,2
C:/Projects/studyhub/output/화명동중등과외/index.html,/화명동중등과외/,2
C:/Projects/studyhub/output/화명동중등수학과외/index.html,/화명동중등수학과외/,1
C:/Projects/studyhub/output/화명동중등영어과외/index.html,/화명동중등영어과외/,1
C:/Projects/studyhub/output/화명동초등과외/index.html,/화명동초등과외/,2
C:/Projects/studyhub/output/화명동초등수학과외/index.html,/화명동초등수학과외/,1
C:/Projects/studyhub/output/화명동초등영어과외/index.html,/화명동초등영어과외/,1
C:/Projects/studyhub/output/화봉동고등과외/index.html,/화봉동고등과외/,1
C:/Projects/studyhub/output/화봉동고등수학과외/index.html,/화봉동고등수학과외/,1
C:/Projects/studyhub/output/화봉동고등영어과외/index.html,/화봉동고등영어과외/,1
C:/Projects/studyhub/output/화봉동과외/index.html,/화봉동과외/,2
C:/Projects/studyhub/output/화봉동수학과외/index.html,/화봉동수학과외/,2
C:/Projects/studyhub/output/화봉동영어과외/index.html,/화봉동영어과외/,2
C:/Projects/studyhub/output/화봉동중등과외/index.html,/화봉동중등과외/,2
C:/Projects/studyhub/output/화봉동중등수학과외/index.html,/화봉동중등수학과외/,1
C:/Projects/studyhub/output/화봉동중등영어과외/index.html,/화봉동중등영어과외/,1
C:/Projects/studyhub/output/화봉동초등과외/index.html,/화봉동초등과외/,2
C:/Projects/studyhub/output/화봉동초등수학과외/index.html,/화봉동초등수학과외/,1
C:/Projects/studyhub/output/화봉동초등영어과외/index.html,/화봉동초등영어과외/,1
C:/Projects/studyhub/output/화성고등과외/index.html,/화성고등과외/,1
C:/Projects/studyhub/output/화성고등수학과외/index.html,/화성고등수학과외/,1
C:/Projects/studyhub/output/화성고등영어과외/index.html,/화성고등영어과외/,1
C:/Projects/studyhub/output/화성과외/index.html,/화성과외/,2
C:/Projects/studyhub/output/화성능동고등과외/index.html,/화성능동고등과외/,1
C:/Projects/studyhub/output/화성능동고등수학과외/index.html,/화성능동고등수학과외/,1
C:/Projects/studyhub/output/화성능동고등영어과외/index.html,/화성능동고등영어과외/,1
C:/Projects/studyhub/output/화성능동과외/index.html,/화성능동과외/,2
C:/Projects/studyhub/output/화성능동수학과외/index.html,/화성능동수학과외/,2
C:/Projects/studyhub/output/화성능동영어과외/index.html,/화성능동영어과외/,2
C:/Projects/studyhub/output/화성능동중등과외/index.html,/화성능동중등과외/,2
C:/Projects/studyhub/output/화성능동중등수학과외/index.html,/화성능동중등수학과외/,1
C:/Projects/studyhub/output/화성능동중등영어과외/index.html,/화성능동중등영어과외/,1
C:/Projects/studyhub/output/화성능동초등과외/index.html,/화성능동초등과외/,2
C:/Projects/studyhub/output/화성능동초등수학과외/index.html,/화성능동초등수학과외/,1
C:/Projects/studyhub/output/화성능동초등영어과외/index.html,/화성능동초등영어과외/,1
C:/Projects/studyhub/output/화성수학과외/index.html,/화성수학과외/,2
C:/Projects/studyhub/output/화성영어과외/index.html,/화성영어과외/,2
C:/Projects/studyhub/output/화성중등과외/index.html,/화성중등과외/,2
C:/Projects/studyhub/output/화성중등수학과외/index.html,/화성중등수학과외/,1
C:/Projects/studyhub/output/화성중등영어과외/index.html,/화성중등영어과외/,1
C:/Projects/studyhub/output/화성초등과외/index.html,/화성초등과외/,2
C:/Projects/studyhub/output/화성초등수학과외/index.html,/화성초등수학과외/,1
C:/Projects/studyhub/output/화성초등영어과외/index.html,/화성초등영어과외/,1
C:/Projects/studyhub/output/화양동고등과외/index.html,/화양동고등과외/,1
C:/Projects/studyhub/output/화양동고등수학과외/index.html,/화양동고등수학과외/,1
C:/Projects/studyhub/output/화양동고등영어과외/index.html,/화양동고등영어과외/,1
C:/Projects/studyhub/output/화양동과외/index.html,/화양동과외/,2
C:/Projects/studyhub/output/화양동수학과외/index.html,/화양동수학과외/,2
C:/Projects/studyhub/output/화양동영어과외/index.html,/화양동영어과외/,2
C:/Projects/studyhub/output/화양동중등과외/index.html,/화양동중등과외/,2
C:/Projects/studyhub/output/화양동중등수학과외/index.html,/화양동중등수학과외/,1
C:/Projects/studyhub/output/화양동중등영어과외/index.html,/화양동중등영어과외/,1
C:/Projects/studyhub/output/화양동초등과외/index.html,/화양동초등과외/,2
C:/Projects/studyhub/output/화양동초등수학과외/index.html,/화양동초등수학과외/,1
C:/Projects/studyhub/output/화양동초등영어과외/index.html,/화양동초등영어과외/,1
C:/Projects/studyhub/output/화정동고등과외/index.html,/화정동고등과외/,1
C:/Projects/studyhub/output/화정동고등수학과외/index.html,/화정동고등수학과외/,1
C:/Projects/studyhub/output/화정동고등영어과외/index.html,/화정동고등영어과외/,1
C:/Projects/studyhub/output/화정동과외/index.html,/화정동과외/,2
C:/Projects/studyhub/output/화정동수학과외/index.html,/화정동수학과외/,2
C:/Projects/studyhub/output/화정동영어과외/index.html,/화정동영어과외/,2
C:/Projects/studyhub/output/화정동중등과외/index.html,/화정동중등과외/,2
C:/Projects/studyhub/output/화정동중등수학과외/index.html,/화정동중등수학과외/,1
C:/Projects/studyhub/output/화정동중등영어과외/index.html,/화정동중등영어과외/,1
C:/Projects/studyhub/output/화정동초등과외/index.html,/화정동초등과외/,2
C:/Projects/studyhub/output/화정동초등수학과외/index.html,/화정동초등수학과외/,1
C:/Projects/studyhub/output/화정동초등영어과외/index.html,/화정동초등영어과외/,1
C:/Projects/studyhub/output/황금동고등과외/index.html,/황금동고등과외/,1
C:/Projects/studyhub/output/황금동고등수학과외/index.html,/황금동고등수학과외/,1
C:/Projects/studyhub/output/황금동고등영어과외/index.html,/황금동고등영어과외/,1
C:/Projects/studyhub/output/황금동과외/index.html,/황금동과외/,2
C:/Projects/studyhub/output/황금동수학과외/index.html,/황금동수학과외/,2
C:/Projects/studyhub/output/황금동영어과외/index.html,/황금동영어과외/,2
C:/Projects/studyhub/output/황금동중등과외/index.html,/황금동중등과외/,2
C:/Projects/studyhub/output/황금동중등수학과외/index.html,/황금동중등수학과외/,1
C:/Projects/studyhub/output/황금동중등영어과외/index.html,/황금동중등영어과외/,1
C:/Projects/studyhub/output/황금동초등과외/index.html,/황금동초등과외/,2
C:/Projects/studyhub/output/황금동초등수학과외/index.html,/황금동초등수학과외/,1
C:/Projects/studyhub/output/황금동초등영어과외/index.html,/황금동초등영어과외/,1
C:/Projects/studyhub/output/황학동고등과외/index.html,/황학동고등과외/,1
C:/Projects/studyhub/output/황학동고등수학과외/index.html,/황학동고등수학과외/,1
C:/Projects/studyhub/output/황학동고등영어과외/index.html,/황학동고등영어과외/,1
C:/Projects/studyhub/output/황학동과외/index.html,/황학동과외/,2
C:/Projects/studyhub/output/황학동수학과외/index.html,/황학동수학과외/,2
C:/Projects/studyhub/output/황학동영어과외/index.html,/황학동영어과외/,2
C:/Projects/studyhub/output/황학동중등과외/index.html,/황학동중등과외/,2
C:/Projects/studyhub/output/황학동중등수학과외/index.html,/황학동중등수학과외/,1
C:/Projects/studyhub/output/황학동중등영어과외/index.html,/황학동중등영어과외/,1
C:/Projects/studyhub/output/황학동초등과외/index.html,/황학동초등과외/,2
C:/Projects/studyhub/output/황학동초등수학과외/index.html,/황학동초등수학과외/,1
C:/Projects/studyhub/output/황학동초등영어과외/index.html,/황학동초등영어과외/,1
C:/Projects/studyhub/output/회기동고등과외/index.html,/회기동고등과외/,1
C:/Projects/studyhub/output/회기동고등수학과외/index.html,/회기동고등수학과외/,1
C:/Projects/studyhub/output/회기동고등영어과외/index.html,/회기동고등영어과외/,1
C:/Projects/studyhub/output/회기동과외/index.html,/회기동과외/,2
C:/Projects/studyhub/output/회기동수학과외/index.html,/회기동수학과외/,2
C:/Projects/studyhub/output/회기동영어과외/index.html,/회기동영어과외/,2
C:/Projects/studyhub/output/회기동중등과외/index.html,/회기동중등과외/,2
C:/Projects/studyhub/output/회기동중등수학과외/index.html,/회기동중등수학과외/,1
C:/Projects/studyhub/output/회기동중등영어과외/index.html,/회기동중등영어과외/,1
C:/Projects/studyhub/output/회기동초등과외/index.html,/회기동초등과외/,2
C:/Projects/studyhub/output/회기동초등수학과외/index.html,/회기동초등수학과외/,1
C:/Projects/studyhub/output/회기동초등영어과외/index.html,/회기동초등영어과외/,1
C:/Projects/studyhub/output/효목동고등과외/index.html,/효목동고등과외/,1
C:/Projects/studyhub/output/효목동고등수학과외/index.html,/효목동고등수학과외/,1
C:/Projects/studyhub/output/효목동고등영어과외/index.html,/효목동고등영어과외/,1
C:/Projects/studyhub/output/효목동과외/index.html,/효목동과외/,2
C:/Projects/studyhub/output/효목동수학과외/index.html,/효목동수학과외/,2
C:/Projects/studyhub/output/효목동영어과외/index.html,/효목동영어과외/,2
C:/Projects/studyhub/output/효목동중등과외/index.html,/효목동중등과외/,2
C:/Projects/studyhub/output/효목동중등수학과외/index.html,/효목동중등수학과외/,1
C:/Projects/studyhub/output/효목동중등영어과외/index.html,/효목동중등영어과외/,1
C:/Projects/studyhub/output/효목동초등과외/index.html,/효목동초등과외/,2
C:/Projects/studyhub/output/효목동초등수학과외/index.html,/효목동초등수학과외/,1
C:/Projects/studyhub/output/효목동초등영어과외/index.html,/효목동초등영어과외/,1
C:/Projects/studyhub/output/효성동고등과외/index.html,/효성동고등과외/,1
C:/Projects/studyhub/output/효성동고등수학과외/index.html,/효성동고등수학과외/,1
C:/Projects/studyhub/output/효성동고등영어과외/index.html,/효성동고등영어과외/,1
C:/Projects/studyhub/output/효성동과외/index.html,/효성동과외/,2
C:/Projects/studyhub/output/효성동수학과외/index.html,/효성동수학과외/,2
C:/Projects/studyhub/output/효성동영어과외/index.html,/효성동영어과외/,2
C:/Projects/studyhub/output/효성동중등과외/index.html,/효성동중등과외/,2
C:/Projects/studyhub/output/효성동중등수학과외/index.html,/효성동중등수학과외/,1
C:/Projects/studyhub/output/효성동중등영어과외/index.html,/효성동중등영어과외/,1
C:/Projects/studyhub/output/효성동초등과외/index.html,/효성동초등과외/,2
C:/Projects/studyhub/output/효성동초등수학과외/index.html,/효성동초등수학과외/,1
C:/Projects/studyhub/output/효성동초등영어과외/index.html,/효성동초등영어과외/,1
C:/Projects/studyhub/output/효자동고등과외/index.html,/효자동고등과외/,1
C:/Projects/studyhub/output/효자동고등수학과외/index.html,/효자동고등수학과외/,1
C:/Projects/studyhub/output/효자동고등영어과외/index.html,/효자동고등영어과외/,1
C:/Projects/studyhub/output/효자동수학과외/index.html,/효자동수학과외/,2
C:/Projects/studyhub/output/효자동영어과외/index.html,/효자동영어과외/,2
C:/Projects/studyhub/output/효자동중등과외/index.html,/효자동중등과외/,2
C:/Projects/studyhub/output/효자동중등수학과외/index.html,/효자동중등수학과외/,1
C:/Projects/studyhub/output/효자동중등영어과외/index.html,/효자동중등영어과외/,1
C:/Projects/studyhub/output/효자동초등과외/index.html,/효자동초등과외/,2
C:/Projects/studyhub/output/효자동초등수학과외/index.html,/효자동초등수학과외/,1
C:/Projects/studyhub/output/효자동초등영어과외/index.html,/효자동초등영어과외/,1
C:/Projects/studyhub/output/효창동고등과외/index.html,/효창동고등과외/,1
C:/Projects/studyhub/output/효창동고등수학과외/index.html,/효창동고등수학과외/,1
C:/Projects/studyhub/output/효창동고등영어과외/index.html,/효창동고등영어과외/,1
C:/Projects/studyhub/output/효창동과외/index.html,/효창동과외/,2
C:/Projects/studyhub/output/효창동수학과외/index.html,/효창동수학과외/,2
C:/Projects/studyhub/output/효창동영어과외/index.html,/효창동영어과외/,2
C:/Projects/studyhub/output/효창동중등과외/index.html,/효창동중등과외/,2
C:/Projects/studyhub/output/효창동중등수학과외/index.html,/효창동중등수학과외/,1
C:/Projects/studyhub/output/효창동중등영어과외/index.html,/효창동중등영어과외/,1
C:/Projects/studyhub/output/효창동초등과외/index.html,/효창동초등과외/,2
C:/Projects/studyhub/output/효창동초등수학과외/index.html,/효창동초등수학과외/,1
C:/Projects/studyhub/output/효창동초등영어과외/index.html,/효창동초등영어과외/,1
C:/Projects/studyhub/output/효천지구고등과외/index.html,/효천지구고등과외/,1
C:/Projects/studyhub/output/효천지구고등수학과외/index.html,/효천지구고등수학과외/,1
C:/Projects/studyhub/output/효천지구고등영어과외/index.html,/효천지구고등영어과외/,1
C:/Projects/studyhub/output/효천지구과외/index.html,/효천지구과외/,2
C:/Projects/studyhub/output/효천지구수학과외/index.html,/효천지구수학과외/,2
C:/Projects/studyhub/output/효천지구영어과외/index.html,/효천지구영어과외/,2
C:/Projects/studyhub/output/효천지구중등과외/index.html,/효천지구중등과외/,2
C:/Projects/studyhub/output/효천지구중등수학과외/index.html,/효천지구중등수학과외/,1
C:/Projects/studyhub/output/효천지구중등영어과외/index.html,/효천지구중등영어과외/,1
C:/Projects/studyhub/output/효천지구초등과외/index.html,/효천지구초등과외/,2
C:/Projects/studyhub/output/효천지구초등수학과외/index.html,/효천지구초등수학과외/,1
C:/Projects/studyhub/output/효천지구초등영어과외/index.html,/효천지구초등영어과외/,1
C:/Projects/studyhub/output/후평동고등과외/index.html,/후평동고등과외/,1
C:/Projects/studyhub/output/후평동고등수학과외/index.html,/후평동고등수학과외/,1
C:/Projects/studyhub/output/후평동고등영어과외/index.html,/후평동고등영어과외/,1
C:/Projects/studyhub/output/후평동과외/index.html,/후평동과외/,2
C:/Projects/studyhub/output/후평동수학과외/index.html,/후평동수학과외/,2
C:/Projects/studyhub/output/후평동영어과외/index.html,/후평동영어과외/,2
C:/Projects/studyhub/output/후평동중등과외/index.html,/후평동중등과외/,2
C:/Projects/studyhub/output/후평동중등수학과외/index.html,/후평동중등수학과외/,1
C:/Projects/studyhub/output/후평동중등영어과외/index.html,/후평동중등영어과외/,1
C:/Projects/studyhub/output/후평동초등과외/index.html,/후평동초등과외/,2
C:/Projects/studyhub/output/후평동초등수학과외/index.html,/후평동초등수학과외/,1
C:/Projects/studyhub/output/후평동초등영어과외/index.html,/후평동초등영어과외/,1
C:/Projects/studyhub/output/휘경동고등과외/index.html,/휘경동고등과외/,1
C:/Projects/studyhub/output/휘경동고등수학과외/index.html,/휘경동고등수학과외/,1
C:/Projects/studyhub/output/휘경동고등영어과외/index.html,/휘경동고등영어과외/,1
C:/Projects/studyhub/output/휘경동과외/index.html,/휘경동과외/,2
C:/Projects/studyhub/output/휘경동수학과외/index.html,/휘경동수학과외/,2
C:/Projects/studyhub/output/휘경동영어과외/index.html,/휘경동영어과외/,2
C:/Projects/studyhub/output/휘경동중등과외/index.html,/휘경동중등과외/,2
C:/Projects/studyhub/output/휘경동중등수학과외/index.html,/휘경동중등수학과외/,1
C:/Projects/studyhub/output/휘경동중등영어과외/index.html,/휘경동중등영어과외/,1
C:/Projects/studyhub/output/휘경동초등과외/index.html,/휘경동초등과외/,2
C:/Projects/studyhub/output/휘경동초등수학과외/index.html,/휘경동초등수학과외/,1
C:/Projects/studyhub/output/휘경동초등영어과외/index.html,/휘경동초등영어과외/,1
C:/Projects/studyhub/output/흑석동고등과외/index.html,/흑석동고등과외/,1
C:/Projects/studyhub/output/흑석동고등수학과외/index.html,/흑석동고등수학과외/,1
C:/Projects/studyhub/output/흑석동고등영어과외/index.html,/흑석동고등영어과외/,1
C:/Projects/studyhub/output/흑석동과외/index.html,/흑석동과외/,2
C:/Projects/studyhub/output/흑석동수학과외/index.html,/흑석동수학과외/,2
C:/Projects/studyhub/output/흑석동영어과외/index.html,/흑석동영어과외/,2
C:/Projects/studyhub/output/흑석동중등과외/index.html,/흑석동중등과외/,2
C:/Projects/studyhub/output/흑석동중등수학과외/index.html,/흑석동중등수학과외/,1
C:/Projects/studyhub/output/흑석동중등영어과외/index.html,/흑석동중등영어과외/,1
C:/Projects/studyhub/output/흑석동초등과외/index.html,/흑석동초등과외/,2
C:/Projects/studyhub/output/흑석동초등수학과외/index.html,/흑석동초등수학과외/,1
C:/Projects/studyhub/output/흑석동초등영어과외/index.html,/흑석동초등영어과외/,1
C:/Projects/studyhub/output/충북과외/청주시-흥덕구과외/index.html,/충북과외/청주시-흥덕구과외/,2
C:/Projects/studyhub/output/충북과외/청주시-흥덕구과외/복대동과외/index.html,/충북과외/청주시-흥덕구과외/복대동과외/,2
C:/Projects/studyhub/output/충남과외/천안시-서북구과외/index.html,/충남과외/천안시-서북구과외/,2
C:/Projects/studyhub/output/충남과외/천안시-서북구과외/불당동과외/index.html,/충남과외/천안시-서북구과외/불당동과외/,2
C:/Projects/studyhub/output/제주과외/제주시과외/index.html,/제주과외/제주시과외/,2
C:/Projects/studyhub/output/제주과외/제주시과외/노형동과외/index.html,/제주과외/제주시과외/노형동과외/,2
C:/Projects/studyhub/output/전북과외/전주시-완산구과외/index.html,/전북과외/전주시-완산구과외/,2
C:/Projects/studyhub/output/전북과외/전주시-완산구과외/효자동과외/index.html,/전북과외/전주시-완산구과외/효자동과외/,2
C:/Projects/studyhub/output/전남과외/목포시과외/index.html,/전남과외/목포시과외/,2
C:/Projects/studyhub/output/전남과외/목포시과외/상동과외/index.html,/전남과외/목포시과외/상동과외/,2
C:/Projects/studyhub/output/인천과외/연수구과외/index.html,/인천과외/연수구과외/,2
C:/Projects/studyhub/output/인천과외/연수구과외/송도동과외/index.html,/인천과외/연수구과외/송도동과외/,2
C:/Projects/studyhub/output/울산과외/남구과외/index.html,/울산과외/남구과외/,2
C:/Projects/studyhub/output/울산과외/남구과외/삼산동과외/index.html,/울산과외/남구과외/삼산동과외/,2
C:/Projects/studyhub/output/세종과외/세종시과외/index.html,/세종과외/세종시과외/,2
C:/Projects/studyhub/output/세종과외/세종시과외/보람동과외/index.html,/세종과외/세종시과외/보람동과외/,2
C:/Projects/studyhub/output/서울과외/강남구과외/index.html,/서울과외/강남구과외/,2
C:/Projects/studyhub/output/서울과외/서초구과외/index.html,/서울과외/서초구과외/,2
C:/Projects/studyhub/output/서울과외/송파구과외/index.html,/서울과외/송파구과외/,2
C:/Projects/studyhub/output/서울과외/송파구과외/잠실동과외/index.html,/서울과외/송파구과외/잠실동과외/,2
C:/Projects/studyhub/output/서울과외/서초구과외/반포동과외/index.html,/서울과외/서초구과외/반포동과외/,2
C:/Projects/studyhub/output/서울과외/강남구과외/대치동과외/index.html,/서울과외/강남구과외/대치동과외/,2
C:/Projects/studyhub/output/서울과외/강남구과외/역삼동과외/index.html,/서울과외/강남구과외/역삼동과외/,2
C:/Projects/studyhub/output/부산과외/부산진구과외/index.html,/부산과외/부산진구과외/,2
C:/Projects/studyhub/output/부산과외/해운대구과외/index.html,/부산과외/해운대구과외/,2
C:/Projects/studyhub/output/부산과외/해운대구과외/우동과외/index.html,/부산과외/해운대구과외/우동과외/,2
C:/Projects/studyhub/output/부산과외/부산진구과외/부전동과외/index.html,/부산과외/부산진구과외/부전동과외/,2
C:/Projects/studyhub/output/대전과외/서구과외/index.html,/대전과외/서구과외/,2
C:/Projects/studyhub/output/대전과외/서구과외/둔산동과외/index.html,/대전과외/서구과외/둔산동과외/,2
C:/Projects/studyhub/output/대구과외/수성구과외/index.html,/대구과외/수성구과외/,2
C:/Projects/studyhub/output/대구과외/수성구과외/범어동과외/index.html,/대구과외/수성구과외/범어동과외/,2
C:/Projects/studyhub/output/광주과외/북구과외/index.html,/광주과외/북구과외/,2
C:/Projects/studyhub/output/광주과외/북구과외/용봉동과외/index.html,/광주과외/북구과외/용봉동과외/,2
C:/Projects/studyhub/output/경북과외/포항시-남구과외/index.html,/경북과외/포항시-남구과외/,2
C:/Projects/studyhub/output/경북과외/포항시-남구과외/대이동과외/index.html,/경북과외/포항시-남구과외/대이동과외/,2
C:/Projects/studyhub/output/경남과외/창원시-성산구과외/index.html,/경남과외/창원시-성산구과외/,2
C:/Projects/studyhub/output/경남과외/창원시-성산구과외/상남동과외/index.html,/경남과외/창원시-성산구과외/상남동과외/,2
C:/Projects/studyhub/output/경기과외/성남시-분당구과외/index.html,/경기과외/성남시-분당구과외/,2
C:/Projects/studyhub/output/경기과외/수원시-영통구과외/index.html,/경기과외/수원시-영통구과외/,2
C:/Projects/studyhub/output/경기과외/수원시-영통구과외/영통동과외/index.html,/경기과외/수원시-영통구과외/영통동과외/,2
C:/Projects/studyhub/output/경기과외/성남시-분당구과외/정자동과외/index.html,/경기과외/성남시-분당구과외/정자동과외/,2
C:/Projects/studyhub/output/강원과외/춘천시과외/index.html,/강원과외/춘천시과외/,2
C:/Projects/studyhub/output/강원과외/춘천시과외/석사동과외/index.html,/강원과외/춘천시과외/석사동과외/,2
